site_id,lat,lon,pft,cluster,dist_to_centroid
230492,36.70716,-121.78487,annual crop,3872,0.6576978009568939
460320,33.06884,-115.55679,annual crop,2792,0.9164242576555692
14732,38.37567,-121.42516,annual crop,989,0.6888950135124717
319668,38.7538,-121.99556,annual crop,1918,0.8790948867562449
235886,41.91682,-120.32069,annual crop,1824,1.4903923138543076
14,35.98256,-119.16781,annual crop,779,1.2911922946261403
308937,37.82541,-121.13847,annual crop,1663,1.3546098186108662
278755,39.44746,-122.51175,annual crop,2921,1.132117575013882
46,39.53015,-122.08559,annual crop,1571,0.10801478725401695
12095,39.11519,-121.93835,annual crop,3390,0.7184667832751601
25,34.25829,-118.99106,annual crop,653,0
75892,35.93645,-119.42673,annual crop,2934,0.9594672693852914
12990,36.43063,-120.00858,annual crop,3069,0.9603763132046675
518862,32.90892,-115.49489,annual crop,1985,0.8284147646860487
426467,36.75282,-119.44608,annual crop,2981,1.1481814785929254
36,36.9072,-121.37176,annual crop,1028,0.8020062086809318
396664,36.18448,-119.53999,annual crop,1903,0.6371728310288394
378577,36.17975,-119.42683,annual crop,4235,0.6604803887375198
258392,38.19761,-121.56604,annual crop,835,0.6661038526348387
256915,35.08191,-119.25829,annual crop,4253,0
419625,39.72503,-122.19135,annual crop,617,0.681506746450641
418372,36.1607,-120.1521,annual crop,4933,0.9278326558672136
435853,40.5356,-120.60071,annual crop,4826,0.8143836122353264
11328,37.90625,-121.5622,annual crop,4553,0.8102816147845819
230847,36.76302,-121.69495,annual crop,25,0.6508713297537367
200446,38.39373,-121.79076,annual crop,2927,1.6228245702148476
306800,40.58887,-122.07058,annual crop,1362,0.6147156914610807
382311,39.28858,-122.24579,annual crop,4311,0.33662664488561744
77784,34.40451,-118.83559,annual crop,628,1.2142644685723938
501572,37.14076,-120.62383,annual crop,749,1.053870303971201
146895,36.69456,-121.70219,annual crop,2343,0.6059723568422485
522306,35.54677,-120.67877,annual crop,1233,0.9157220867184421
596071,37.69268,-120.87239,annual crop,1131,0.5592705837818717
104466,37.49162,-120.79457,annual crop,535,0.7113027479051515
293738,36.6723,-121.716,annual crop,4144,0.5449794306864597
563087,38.95378,-121.41828,annual crop,389,0.621789418750842
31215,40.91841,-121.69481,annual crop,3335,0
402087,33.79893,-117.37809,annual crop,5127,0.631915094943241
143083,37.11111,-120.59434,annual crop,4492,0.8718339075629001
400349,36.78659,-121.74921,annual crop,5125,1.0791251226998178
170791,37.5487,-121.07817,annual crop,669,1.1618835501303855
478864,32.86823,-115.45266,annual crop,2007,0.8272634467695973
69652,36.16236,-119.97257,annual crop,2583,1.4079748821769382
205723,37.84527,-121.05495,annual crop,3544,1.3746919736796062
286377,37.41134,-121.06934,annual crop,3311,0.6107297351363373
472107,39.96188,-122.0277,annual crop,4356,0.7655646807131626
54800,38.35344,-121.70086,annual crop,2989,1.0587243209198243
543653,38.94923,-121.72263,annual crop,2369,0.6099430906697086
174120,40.79624,-124.1041,annual crop,2422,0.8337405327346786
365354,37.28411,-121.01144,annual crop,2622,0.7352286576437699
151728,33.17412,-115.48898,annual crop,1984,0.8051385233293864
172,38.09688,-122.52661,annual crop,3857,0
504219,36.59547,-121.51975,annual crop,178,0.4841561770705666
305457,37.46979,-120.83518,annual crop,191,1.110941538744714
312813,36.56754,-121.48529,annual crop,4701,0.8899491849500272
574587,38.49295,-121.83847,annual crop,4634,0.7537436316076843
534902,39.08893,-121.90143,annual crop,4872,0.7365783852327416
431476,36.66977,-121.57215,annual crop,1471,0.39610675991945826
118644,35.5343,-119.40086,annual crop,828,0.9527540919441744
463460,36.70651,-121.58967,annual crop,2662,0.5601692997334502
432890,41.92344,-121.47526,annual crop,1797,0.6948729852445042
357221,36.37296,-119.98494,annual crop,3272,0.5866612424889487
546959,39.22427,-122.07854,annual crop,30,0.4470022984201279
24025,36.67437,-121.27864,annual crop,4624,1.2859841137080548
212928,38.44533,-121.86732,annual crop,3442,1.0713847482761283
478385,36.35326,-119.60442,annual crop,1060,0.6090010608534852
284164,33.66381,-114.61427,annual crop,1280,0.9209213442494893
94264,38.75825,-121.77106,annual crop,5060,1.0505717554520706
567835,32.99637,-115.51396,annual crop,616,0.5607176461022817
322253,32.95773,-115.54763,annual crop,4874,0.8995346057356919
139851,35.19186,-118.81278,annual crop,39,0.7484938211053339
374507,35.09141,-118.88014,annual crop,4358,0.7001760443718771
519772,34.93627,-119.58404,annual crop,2051,0.7878585636821064
344885,35.50468,-119.3604,annual crop,1759,0
244224,36.4348,-121.35224,annual crop,2202,0.4103380569726302
537092,41.5163,-122.51762,annual crop,3366,0.8232606348933168
381748,40.83499,-121.51121,annual crop,2630,0.6208457505361186
149383,32.79341,-114.59603,annual crop,3787,1.1899557823780604
309579,34.91877,-120.54964,annual crop,2188,0.7678546906274358
147267,36.70698,-120.09907,annual crop,2505,1.0554149044046603
395401,35.97041,-120.814,annual crop,3075,0.9248528970260348
147669,36.7361,-121.75392,annual crop,2137,0.6995284947854468
15333,36.62487,-119.42843,annual crop,1238,1.1108409155944279
111076,36.50795,-120.09459,annual crop,2103,1.3453400151323314
18393,37.14729,-122.00766,annual crop,1728,0
323913,37.64837,-120.75771,annual crop,876,0.628228849437203
66780,38.14946,-121.82212,annual crop,296,0.7234180632958144
376156,37.19418,-122.02001,annual crop,2607,0
160660,37.5297,-121.23436,annual crop,967,0.8962760519350729
50416,36.29681,-120.034,annual crop,3108,0.6311051525889381
591861,36.17771,-120.30386,annual crop,772,1.00129437958735
232916,39.49049,-122.18647,annual crop,3453,0.3873471523932837
22959,34.60748,-120.27622,annual crop,1200,0
109977,36.18517,-120.08089,annual crop,5128,0.5414200594648334
524825,37.89507,-121.64661,annual crop,2146,0.8029699548295204
467,33.07692,-115.6968,annual crop,4613,0
418208,38.67656,-121.94855,annual crop,1331,0.7761209252485346
136643,36.87461,-121.36096,annual crop,4017,0.7876948610957781
407768,36.34174,-120.94857,annual crop,4197,0.7741155871075754
332554,38.3443,-121.18634,annual crop,1047,0.6015069941437425
133669,36.19716,-120.13395,annual crop,1293,0.9410352556635933
430308,37.15256,-120.7207,annual crop,4573,0.9576918097592736
454976,37.30134,-120.60937,annual crop,503,0.5709306629353218
428470,37.11221,-120.51129,annual crop,3940,1.076971963394508
195101,34.91515,-120.55598,annual crop,309,0.5361035012138736
195100,34.91653,-120.55764,annual crop,3916,0.610034585103081
102318,36.56402,-121.49086,annual crop,1716,0.3248197313639863
231340,40.40013,-122.18764,annual crop,5055,1.0676591211415025
213585,34.18712,-119.07232,annual crop,4813,1.1072547333388596
6955,34.99962,-120.55819,annual crop,224,0.6148962848324826
263488,37.48099,-120.82296,annual crop,644,0.3573817512064417
436369,38.16655,-119.24954,annual crop,4945,0.9989806197606681
574469,38.9947,-121.26809,annual crop,1732,0.9467644641278555
262163,36.35998,-120.05177,annual crop,1380,0.8377075154182779
271182,33.15668,-115.57543,annual crop,3011,0.8335151981666186
105066,39.17957,-121.72314,annual crop,424,0.53681486663755
371233,40.05157,-122.05039,annual crop,2544,0.4968590611625512
251451,41.4063,-120.71658,annual crop,688,0.716786118503848
164606,38.98111,-122.89814,annual crop,3811,1.161245282139053
57336,37.08088,-120.6956,annual crop,1616,0.9200679580353425
170589,35.56102,-120.73214,annual crop,3980,0.7834221068484066
522515,36.85119,-121.79076,annual crop,2889,0.9125734757335687
96836,37.38326,-120.82043,annual crop,3616,0.5986540761174513
473828,32.85345,-115.61648,annual crop,4089,0.9435637138703802
32547,36.95244,-121.72078,annual crop,3130,0.7204230508212531
68958,36.42841,-119.64244,annual crop,3226,0.6822071429267834
591,35.4428,-119.5457,annual crop,122,0.9380020079156128
287816,38.63707,-121.7581,annual crop,626,0.894973490113629
75903,38.85098,-121.21597,annual crop,2605,0.5214952399850662
431559,37.40569,-120.8689,annual crop,196,0.6537698916594845
401443,37.14715,-120.44322,annual crop,1937,0.8961627266206984
520659,38.86216,-121.63346,annual crop,4233,1.0877988468471869
441327,39.63731,-122.24558,annual crop,485,1.390589918795524
598644,33.08898,-117.01656,annual crop,319,1.0825427522771387
504955,34.14874,-119.0569,annual crop,3842,0.7076053665563539
218068,33.09786,-115.68142,annual crop,5034,0.743559179176258
545367,35.58483,-120.63773,annual crop,3305,1.2880403446301356
368720,35.65184,-120.48628,annual crop,4202,1.0283208252766696
165710,34.92565,-120.36041,annual crop,856,0.5507564922486489
528788,38.49759,-121.87361,annual crop,3114,1.2293057442262862
88782,40.01304,-122.08133,annual crop,4298,0.6536684337483007
534600,36.93999,-120.33013,annual crop,3278,1.2938451090260215
156552,38.01412,-121.39647,annual crop,469,1.4327649005651533
122667,36.898,-121.81817,annual crop,1228,0.8804926567432668
118111,36.73693,-121.71655,annual crop,3886,0.690818411179545
505258,39.49271,-122.2076,annual crop,1609,0.6884284956039884
98229,41.34095,-120.52947,annual crop,2907,1.3370674035121926
405119,36.8605,-120.46918,annual crop,124,0.9268320399565724
642,36.94409,-121.74722,annual crop,1291,0
26181,35.53977,-121.00936,annual crop,4948,0.7773335785978525
43214,38.26177,-122.08888,annual crop,1505,1.1177825144422298
236390,34.8964,-120.51685,annual crop,4239,0.701749454587232
517554,34.9242,-120.41211,annual crop,1769,0.6545027671693192
343551,36.60134,-119.50798,annual crop,1576,0.7424506303565523
496556,37.25472,-122.36705,annual crop,1473,0.7709714209778196
182201,41.79574,-124.18435,annual crop,1016,0
87557,35.19866,-119.07019,annual crop,3779,0.6827650501123195
415410,37.24852,-120.44115,annual crop,3873,1.1864065081366024
19020,40.89195,-124.00354,annual crop,4189,0.7246431973211536
232792,39.03118,-121.74475,annual crop,4104,0.7274493309484095
440251,36.74735,-120.17305,annual crop,2875,1.25926817250465
401837,38.55966,-121.81484,annual crop,770,0.9554767936059129
70286,36.6545,-121.54456,annual crop,140,0.4654963774423146
321452,36.64957,-121.57784,annual crop,4436,0.4376975286794716
592995,34.90955,-120.36668,annual crop,1014,0.6650568926022081
101377,41.45978,-122.39091,annual crop,4721,0.6210919952269685
694,37.94825,-121.58157,annual crop,138,1.0142437332276508
587879,35.92158,-119.33324,annual crop,4682,0.7521657811030269
700,41.45848,-120.63929,annual crop,2767,1.0161735672224435
701,37.76404,-121.32411,annual crop,2807,1.068035330058488
223785,37.33413,-118.3837,annual crop,2883,0.9434373886030787
595773,37.44573,-120.9321,annual crop,2213,1.151063552091558
590280,38.68742,-121.95091,annual crop,1057,1.0158816555646046
239756,41.68567,-120.38133,annual crop,2604,0.6999442800445735
129222,38.8524,-121.68662,annual crop,2650,1.053701551709942
449177,39.14411,-121.78535,annual crop,1911,0.779591769474395
451073,32.83803,-115.71408,annual crop,3670,0.6805139533566034
283429,37.27459,-120.44226,annual crop,651,0.9034544132044148
300143,34.1366,-119.06767,annual crop,1301,0.7035407421843058
166648,36.40579,-120.30884,annual crop,4211,0.9052804213161724
144688,38.48615,-122.83774,annual crop,312,0.8533138532566592
165265,38.29919,-121.7395,annual crop,3049,0.37224323411884763
315029,33.00182,-117.21239,annual crop,5001,1.1680570257481733
367853,37.85767,-120.99963,annual crop,338,0.5341083806920583
204322,34.90351,-120.50073,annual crop,2060,0.44533126760539793
553006,41.91014,-124.18086,annual crop,3258,0.9287269632242916
407902,32.91294,-115.33339,annual crop,1268,0.8782426313286003
486757,41.51517,-123.99199,annual crop,757,0.8378154969231215
450818,36.56083,-121.49899,annual crop,4974,0.36549218613099427
314213,36.62488,-121.50693,annual crop,2545,0.28344275110755385
416418,36.70201,-121.78548,annual crop,2824,0.5833304436398242
366453,36.88479,-121.81285,annual crop,1839,0.7659142207398322
90494,34.95642,-120.57563,annual crop,5152,0.622573555798474
399481,35.00084,-120.50986,annual crop,1970,0.5728319944397573
274187,36.86038,-121.43953,annual crop,305,0.7064440064308922
817,39.44474,-122.2712,annual crop,1767,1.1106781456412196
68062,40.0742,-122.17445,annual crop,542,1.580262868026527
330409,35.85551,-120.38469,annual crop,1405,0.7395288305144658
128673,38.27949,-121.33455,annual crop,2371,1.0360750983247378
455511,38.50102,-121.36193,annual crop,4698,0.9868546614808009
191726,40.58578,-121.93759,annual crop,4201,0.631116445847591
50473,38.77456,-121.41618,annual crop,260,0.8675754203353926
328412,38.72159,-121.65823,annual crop,913,0.9968376156359267
534528,36.69975,-121.78109,annual crop,487,0.7680061027899181
571465,34.03015,-118.06631,annual crop,1122,0
348953,40.58737,-124.25329,annual crop,4747,0.7444792550928699
320052,34.91945,-120.36302,annual crop,2293,0.6368096793364164
94022,34.94933,-120.56015,annual crop,837,0.5823612306370192
82388,34.99721,-120.52983,annual crop,1849,0.6841832952847013
89930,36.57724,-120.21172,annual crop,3672,0
70427,37.20448,-120.13647,annual crop,4113,0
599445,37.4538,-121.12108,annual crop,1524,0.7509587917554792
880,37.40335,-118.57035,annual crop,3539,0
79246,38.87646,-121.45526,annual crop,192,1.2063512828214293
303297,38.28129,-122.8916,annual crop,1743,1.0637211275456915
487046,38.81462,-121.51854,annual crop,2429,1.4236546428133068
206389,39.36029,-122.21913,annual crop,2231,0.4087214259549846
79806,37.81866,-121.56355,annual crop,3262,1.145446836676054
217837,41.25083,-120.57109,annual crop,654,0.5451313833212397
583805,39.40016,-121.5906,annual crop,1073,0.6271508027842159
19253,34.01406,-117.6434,annual crop,2537,0.61926491682702145
245943,36.09912,-119.2792,annual crop,4085,0.7253363388419114
382951,39.34248,-122.17959,annual crop,1335,0.8971533821021686
256244,39.07707,-121.46566,annual crop,2232,0.7441609137864501
550145,39.55745,-121.78685,annual crop,4527,0.5333694891945154
998,38.18662,-121.51111,annual crop,2408,0.6851627278817826
424651,39.77745,-123.19767,annual crop,4321,0.5940079527456634
133664,36.76072,-121.65394,annual crop,2440,1.4244873000334126
504131,36.15446,-119.42819,annual crop,1678,0.6877268286127809
264957,35.98885,-119.54957,annual crop,2696,1.2481426631167267
431698,36.16968,-120.08333,annual crop,636,0.9242307371318472
226635,36.2213,-120.09016,annual crop,5046,0.6461771540577391
372639,33.06101,-115.49203,annual crop,1124,0.6089362923888609
601410,34.93323,-120.41091,annual crop,3566,0.5547851017755757
8100,32.88728,-115.3324,annual crop,476,0.9360277907239314
597451,41.89007,-124.15585,annual crop,2069,0.9604429545017993
555924,39.51589,-122.26101,annual crop,4980,1.0618374974593225
561496,41.94253,-124.19052,annual crop,1885,1.2783570895340186
34530,37.7956,-121.50337,annual crop,3,0.7770724735729475
28588,40.92439,-124.10997,annual crop,3416,0.7835965970750226
338400,39.52754,-121.91116,annual crop,1927,0.32980670292115566
482429,39.51909,-121.77071,annual crop,1499,0.42369490110064345
401251,39.9125,-122.20127,annual crop,3412,1.0311014087066162
129129,37.62166,-120.5309,annual crop,1272,1.4586298070881865
236153,40.89783,-124.09104,annual crop,4215,1.0897771398744065
475767,37.99396,-121.55109,annual crop,557,0.7524999872763725
1156,34.90096,-120.46683,annual crop,1225,0.8790513294265634
422854,39.49239,-121.69794,annual crop,1470,0.5450500965571053
269689,33.26961,-117.14531,annual crop,1600,1.1865005589793494
140087,40.0512,-122.06519,annual crop,4996,0.5160144383949236
545874,36.15954,-120.35334,annual crop,754,1.1556698418692988
332428,36.65668,-120.29882,annual crop,4525,1.8030608765349956
233852,37.17514,-120.72304,annual crop,3276,0.8457094911549993
490302,36.14208,-119.81978,annual crop,2908,0.7642739414128709
558758,35.08006,-118.8279,annual crop,297,0.8966483589596425
590433,36.45524,-121.36219,annual crop,2970,0.5830266938535364
337707,37.03308,-120.89865,annual crop,4410,1.2861633016640779
588372,35.03608,-120.56755,annual crop,1526,0.7165149059265524
533246,34.93135,-120.39381,annual crop,2009,0.4830888260109362
392438,37.80076,-120.84848,annual crop,3074,0.9391675421491351
284599,33.6847,-116.13167,annual crop,5118,0
272038,32.76243,-115.42444,annual crop,346,0.9585066822597527
393704,36.42611,-119.86998,annual crop,5084,1.3989150272501176
30331,40.10464,-122.09738,annual crop,2016,0.7080031517816768
108738,38.47702,-121.90673,annual crop,3036,0
530248,37.77423,-120.93482,annual crop,3917,0.6419435947214317
237902,37.69428,-121.37716,annual crop,207,1.5270233900185874
238103,36.0699,-119.54958,annual crop,2597,1.1047021392427678
69606,36.34231,-119.51247,annual crop,1933,0.7423003555669667
155066,32.81698,-114.54613,annual crop,3277,0.9961295376090511
544725,35.19247,-119.21245,annual crop,423,0.744954591319105
309370,35.4687,-119.5804,annual crop,1975,0.9629406669555893
578706,37.91524,-121.49583,annual crop,3157,0.7753084184772739
519415,36.86251,-120.68459,annual crop,2835,0.8326500416157978
261568,40.39943,-120.65688,annual crop,3735,0.8779052572086269
254589,38.86065,-121.48078,annual crop,2399,0.4666062843203846
28587,38.4202,-122.80967,annual crop,1634,0
170051,36.78078,-120.42165,annual crop,3492,0.9776461918427329
383491,36.6556,-121.6798,annual crop,4188,0.31609655352496785
195331,37.07971,-120.91969,annual crop,697,0.6986350910952156
152623,39.95652,-122.0961,annual crop,2483,1.5094203954980105
327679,39.21619,-121.52823,annual crop,1330,0.5690440913945874
307589,37.77521,-120.90672000000001,annual crop,2222,0
44719,37.91933,-121.54569,annual crop,4315,0.7851090770104011
149539,38.12199,-121.41586,annual crop,1236,0.8757927381970577
129013,36.26398,-119.60331,annual crop,4255,0.8136993892723994
576334,38.35256,-121.82559,annual crop,3582,0.8406378771966421
293906,36.98279,-121.57033,annual crop,3310,0.8054549958159753
29206,39.12663,-121.93232,annual crop,2673,0.6787452779867373
560463,35.10787,-120.39166,annual crop,4128,0.7978554050396687
497318,37.65203,-121.12111,annual crop,1310,0.679196054875226
103561,37.15599,-120.64435,annual crop,4163,1.1275756406162922
336668,37.46995,-120.86196,annual crop,4115,0
98967,37.53385,-120.95556,annual crop,1411,0.5521271555211978
274408,34.92134,-120.41404,annual crop,4363,0.8213761019485183
192363,38.71477,-121.62484,annual crop,2431,1.1354753828844861
263820,39.26834,-122.10651,annual crop,2856,0.4262160624002297
89527,37.79827,-121.47586,annual crop,3158,1.0987401288285894
576296,33.59725,-114.63646,annual crop,2219,1.327851413267779
298756,39.28837,-122.19018,annual crop,714,0.4448871974044041
509313,41.89929,-120.33908,annual crop,3687,0.7295894209983836
1413,34.40541,-118.83638,annual crop,26,0
500518,37.68732,-120.91296,annual crop,5026,0.4901710651022793
324302,34.22418,-119.11555,annual crop,4504,0.5727753653373785
564525,39.60115,-120.35091,annual crop,2621,0.7218585817155961
1421,32.76558,-114.56732,annual crop,279,1.0260838536677475
63115,39.14943,-121.4906,annual crop,760,0.9413020758613263
271690,37.27842,-120.61915,annual crop,4461,0.7180224410949941
322730,36.39247,-121.26445,annual crop,4278,0.5104041038025598
33393,33.02106,-115.55908,annual crop,2053,0.5646144246082229
1462,38.4973,-121.16847,annual crop,4441,1.018656261382699
547850,38.57228,-121.81913,annual crop,1909,1.0161173663634946
464460,41.73626,-120.39517,annual crop,4382,0.6857136475441115
359524,35.34745,-119.21977,annual crop,2478,0
453116,39.31926,-121.13201,annual crop,4758,1.3908431175678844
35237,41.35203,-122.8198,annual crop,3966,0
362611,34.8815,-116.70187,annual crop,1947,1.1661216152154297
319841,32.73757,-114.64702,annual crop,1875,1.0375060322542562
473844,36.28154,-119.42586,annual crop,111,0.6316235234434376
52121,38.56651,-121.82385,annual crop,2511,0.9282137847172972
259153,41.66445,-120.38023,annual crop,4146,0.9839579014526757
98878,33.28316,-117.06439,annual crop,681,0.8233355697426812
23005,39.61735,-123.18185,annual crop,2702,0.7078079056489875
155763,36.84419,-120.69489,annual crop,2684,1.1592864358594104
218463,39.46756,-122.20851,annual crop,4848,0.4549782660320871
380783,37.82329,-120.81732,annual crop,563,0.6619523858630014
191489,36.60462,-121.59397,annual crop,1180,0.4799537807727603
102731,36.77674,-121.77683,annual crop,942,0.6912838622659808
80050,34.85878,-120.26301,annual crop,5102,0.9475923267928336
423953,36.65998,-121.55013,annual crop,3452,0.712695662724997
153005,36.38896,-121.30821,annual crop,4744,0.5068713721790119
512027,34.76069,-120.40186,annual crop,4537,1.0433032365960568
63301,35.19239,-119.08778,annual crop,3419,0.8192944659601801
146962,37.42367,-120.74082,annual crop,2751,0.3728747333577104
253287,36.34887,-121.22771,annual crop,3299,0.6644098176333605
1531,37.31809,-120.6659,annual crop,2147,1.0112393390637031
300825,36.70888,-119.8618,annual crop,1949,0.6434949830776757
579937,39.05488,-121.4554,annual crop,1457,0.5088165815208975
1540,33.44304,-114.67133,annual crop,1723,0
310484,37.38367,-120.70644,annual crop,800,1.0052768992671182
107712,36.40626,-119.30891,annual crop,3350,1.1707263318335817
532381,36.36535,-119.80755,annual crop,4572,0
472383,35.11098,-118.86162,annual crop,2163,0.8103798782287929
66341,32.92109,-115.64311,annual crop,2638,0.8490833987739318
473104,32.74438,-114.61715,annual crop,5153,1.2592992732536998
10257,36.14644,-119.47889,annual crop,4781,1.0517947219332822
125030,36.67889,-119.93894,annual crop,71,0.9529872734964198
18435,36.31729,-119.36111,annual crop,606,0.9107098962510702
555812,38.93656,-121.48977,annual crop,1963,0.47108795125802205
444551,36.34157,-121.22032,annual crop,2074,0
498119,38.31697,-121.56432,annual crop,4447,0.8350633033789541
151190,39.09074,-121.92226,annual crop,1780,0.8332315020315401
212280,38.46287,-121.90712,annual crop,162,0.8729016349013657
255210,36.89267,-121.77738,annual crop,2756,0.5885817711647118
363280,36.15201,-119.50524,annual crop,4230,0
259003,41.96325,-121.35186,annual crop,1592,1.2503621681955017
521258,40.02355,-122.08963,annual crop,1,0.7301433470866757
275797,41.63372,-120.20677,annual crop,42,0.640958790866931
579768,36.60314,-121.57907,annual crop,144,0.3040084096354244
133382,33.24254,-117.18239,annual crop,1307,0
492328,41.45562,-122.37637,annual crop,2307,0.43120235205436486
387404,34.95225,-120.54392,annual crop,2052,0.5667231206640871
443432,34.9683,-120.54543,annual crop,3569,0.5718123058282893
444393,37.28801,-120.75755,annual crop,1656,0.8395950776531547
459235,32.69628,-115.31197,annual crop,1334,0.7112100806015219
231363,36.16485,-119.02427,annual crop,4343,0.8727281194103249
197406,33.52448,-117.55628,annual crop,1548,0
211691,34.91003,-120.31182,annual crop,959,1.0597684444347593
52227,35.98755,-120.7909,annual crop,4548,0.748816642809699
73067,34.77482,-120.3512,annual crop,3615,1.012346767098993
242643,36.10508,-119.98115,annual crop,748,1.0510767977732915
197831,36.71698,-119.85667,annual crop,2174,0.8668594154630853
5362,36.85702,-121.64889,annual crop,1554,1.0788260287095375
527299,36.5614,-121.51775,annual crop,2531,0.46073879623833414
602374,36.72784,-121.59581,annual crop,231,1.1090925427450156
421915,41.3348,-120.34056,annual crop,3287,1.0361987256261112
336801,39.95231,-120.03462,annual crop,1116,1.1518928281082974
309837,33.084,-115.39369,annual crop,3639,0
207691,38.20888,-121.69281,annual crop,1106,1.700178689452379
335743,32.73973,-115.57305,annual crop,1215,0.7760268509304923
556027,41.28526,-120.52212,annual crop,3629,0.6875649132622367
294484,39.78754,-123.22138,annual crop,936,0.7647074819496987
529270,33.06091,-115.55692,annual crop,1848,0.9986062518809179
474591,34.97486,-120.4646,annual crop,184,0.5099118311250156
254146,34.95809,-120.50013,annual crop,1784,0.5752529497799896
233959,36.60875,-121.61177,annual crop,3188,0.5654883939319655
152191,38.62069,-121.791,annual crop,4906,0.4760358563184086
413339,37.39984,-120.92185,annual crop,3427,0.6588204171953703
12310,36.68525,-119.56429,annual crop,4476,0.5669781629991717
316493,36.61382,-119.46964,annual crop,1662,1.308017795681549
91219,34.98559,-120.46207,annual crop,3166,0.6191864513468157
219531,34.90953,-120.35549,annual crop,3155,0.6751009306720812
383625,36.61287,-121.5402,annual crop,4924,0.9436990763299675
76764,34.88007,-120.34624,annual crop,4521,0.8713760078546766
128411,39.75877,-122.17601,annual crop,3614,0.9524351139783152
488343,38.51737,-121.86411,annual crop,3952,0.9203958102448029
178269,32.75773,-115.65181,annual crop,5071,0.4618403617207189
1849,38.40861,-121.85061,annual crop,4300,0.6132700585572927
95608,36.36251,-120.12591,annual crop,1089,0.9714846026370658
480420,35.05455,-118.91227,annual crop,1672,0.6110369484607453
489947,35.98789,-120.65241,annual crop,3839,0.8815484585224437
139474,33.44681,-114.65851,annual crop,2484,0
361423,41.32458,-122.72325,annual crop,5048,0.7352457042341107
442769,39.36771,-122.21998,annual crop,2259,0.33678564353684953
470401,36.9033,-121.67765,annual crop,1390,0.9435203892000162
540807,36.69627,-121.73799,annual crop,2178,0.5097838883280525
33282,41.35628,-120.53439,annual crop,3512,0.8506348182431193
264286,36.66174,-121.55895,annual crop,3591,0.3495078940946673
134777,34.98944,-120.46977,annual crop,1253,0.829334711771864
373918,37.68897,-121.23669,annual crop,2910,0
569596,39.40628,-121.55547,annual crop,3217,1.00817527096862
87480,33.08042,-115.61038,annual crop,4737,0.8280815181667754
526430,41.55874,-122.87954,annual crop,251,0.6562964329554515
341814,36.9123,-121.4482,annual crop,190,0.6289571703877025
170281,36.00008,-119.31739,annual crop,2282,0.6697411242205457
157777,36.54751,-121.46626,annual crop,884,0.46636304181164995
331060,33.80614,-117.0188,annual crop,280,1.1840512026858632
90060,37.32589,-120.74675,annual crop,2915,0.7316802751239431
416941,36.78078,-121.73883,annual crop,5151,0.8564956041215899
400554,38.57953,-119.50498,annual crop,939,1.101800443269881
226420,35.32681,-118.95653,annual crop,2991,0.8977959951364638
322383,40.39424,-122.20156,annual crop,868,0.5929721767410157
171182,37.00076,-121.50949,annual crop,4131,0.9449271587177926
281742,39.45552,-122.14083,annual crop,1930,0.2800618925316293
265322,34.58543,-120.06197,annual crop,5131,0
439004,37.71734,-120.96801,annual crop,2852,1.3676052669673087
129799,38.95133,-121.16017,annual crop,3149,0.5583401894526681
398114,41.62175,-122.38797,annual crop,3748,0.8500601973008264
455608,36.95897,-121.81287,annual crop,2362,1.0265744933058598
258079,36.87451,-121.72771,annual crop,2904,0.7388129401227302
137460,33.00104,-115.63687,annual crop,3349,1.044746435783819
414485,41.81277,-122.0172,annual crop,4834,1.3153004503369865
529318,38.71596,-122.1221,annual crop,2240,0.9824783401198459
47080,33.53831,-116.00763,annual crop,950,1.0661420344755521
147752,32.99189,-115.57632,annual crop,3721,0.9449529900227559
403400,41.88919,-124.15771,annual crop,2814,0.7460100357511467
331688,37.86767,-121.30472,annual crop,2225,0
222045,37.13677,-120.75018,annual crop,2300,0.8603814584938743
589065,39.7957,-122.1014,annual crop,3681,0.6383047396140651
168762,38.91756,-121.23676,annual crop,4354,1.0243022729464129
369654,36.43309,-121.36299,annual crop,4717,0.43854260254031213
46756,35.93962,-119.35137,annual crop,3840,0.8499891352322787
422090,38.02592,-121.68282,annual crop,2838,0.890620759235276
537220,32.76487,-115.48498,annual crop,1558,0.6682458581428872
561165,36.83512,-121.66283,annual crop,1889,0.8466449429554049
127832,39.29119,-122.22173,annual crop,3667,1.0603123667516468
32064,35.80069,-119.07018,annual crop,731,0
515969,36.18972,-119.41856,annual crop,2082,1.3389397022700056
576797,37.48498,-120.66587,annual crop,3543,1.0087827699798508
94356,36.46141,-119.38444,annual crop,3338,0.8005356746353933
381111,39.45164,-122.11567,annual crop,3229,0.3765485689669988
282846,37.47988,-122.40384,annual crop,3384,0.9860201672248904
493308,32.88065,-116.8556,annual crop,500,0.5368589062999994
6753,36.74256,-119.54425,annual crop,4127,0.9211595901323517
362076,39.73531,-122.15793,annual crop,4734,0.8371124866572595
215155,35.5317,-120.48307,annual crop,4289,0.8034200065064282
367459,36.09612,-119.35304,annual crop,327,1.5469621216022984
99914,35.56257,-120.67252,annual crop,1607,0.6470290523326857
355386,32.77639,-114.59344,annual crop,4589,1.7253004437909276
2152,39.95415,-120.90042,annual crop,1363,0
564177,36.63089,-121.65923,annual crop,2844,0.3172947534276468
105905,36.97653,-121.50959,annual crop,5122,0.7654481333759525
249734,37.9935,-121.4251,annual crop,4036,1.0890313576144954
8054,32.8493,-115.42397,annual crop,479,0.8353751814219702
491739,36.01885,-119.70197,annual crop,2699,0.8274809897251153
228241,37.93118,-121.36243,annual crop,3541,0.8945399602971633
532901,37.45577,-120.89868,annual crop,139,0.7140224526156663
181705,39.34706,-123.12083,annual crop,3718,0
15130,34.9214,-120.3933,annual crop,2717,0.38850041767708293
241113,37.5553,-120.75407,annual crop,2557,1.3140576735587672
229355,39.40897,-122.24151,annual crop,2041,0.5311386729289238
159854,38.32077,-121.40183,annual crop,4957,0
260902,37.80799,-121.02533,annual crop,3271,1.2044102736758724
212287,35.28216,-118.94883,annual crop,86,0.9087109087356045
57427,32.99184,-115.48768,annual crop,2312,0.9333897201398568
304230,38.17383,-121.72927,annual crop,961,0.8363307768530814
376141,37.88066,-121.5641,annual crop,1157,1.2726136002913062
576889,36.93161,-120.52551,annual crop,618,0.9895443663045401
400667,35.8923,-118.93088,annual crop,2510,0.8482100506206176
227535,41.7734,-120.17874,annual crop,2309,0.7588470137880754
452656,39.56044,-121.73294,annual crop,2500,1.0393296235038758
497473,38.61603,-121.8515,annual crop,4657,1.2297609900746165
421955,39.36825,-122.22686,annual crop,3255,0.5399380483199732
452710,37.27391,-120.58599,annual crop,491,1.0472974204947667
412858,40.56025,-124.17286,annual crop,3526,0.8297217055357121
361766,37.05744,-121.57182,annual crop,977,1.0823680209103492
313166,39.01826,-121.94613,annual crop,923,0.5288977029267198
317173,39.20475,-121.68296,annual crop,1951,0.6717259778811955
8390,36.62803,-119.82578,annual crop,2584,1.5468250636898626
78208,36.4281,-120.01016,annual crop,4273,1.3438541821554766
173809,37.48811,-120.91539,annual crop,1234,0.3911709681453985
451522,36.85888,-121.69204,annual crop,4802,0.7946317966080402
537235,37.29838,-121.04792,annual crop,1245,0.727647680426656
443906,36.75562,-121.76813,annual crop,3433,0.42399332425051456
441835,36.18226,-121.05812,annual crop,1481,0.871155703677403
572587,38.4482,-121.59012,annual crop,89,1.2387326251464208
537212,36.73997,-121.7035,annual crop,3235,0.7359032983294971
181417,37.51732,-121.03362,annual crop,2929,0.8026197242619256
486219,40.92449,-120.54015,annual crop,4123,0.4736270824767064
2287,40.72695,-124.18278,annual crop,848,0.4800997742165439
51157,36.72788,-119.54625,annual crop,2801,1.721630755622564
428416,34.19448,-119.13587,annual crop,924,0.9745541076962705
593123,38.66002,-121.56072,annual crop,1793,0.8620396253984656
316896,39.41103,-122.54795,annual crop,4019,0.8090718913865138
254807,33.00282,-115.57404,annual crop,2864,1.3415075741089881
504518,38.06724,-121.28628,annual crop,1387,0.9291769727208484
488994,38.98921,-121.22271,annual crop,2647,0.4381090723763064
71532,38.94952,-123.69889,annual crop,474,0.7692872176513815
395658,36.50992,-119.67319,annual crop,530,0.8031981320871491
217922,38.51062,-121.78581,annual crop,889,0.8207800201376148
350007,41.04796,-121.48013,annual crop,2465,0.5625150308482468
558913,41.8814,-121.7879,annual crop,358,1.1997892807802066
488787,41.81979,-121.39971,annual crop,2401,0.663824153790369
98551,40.58305,-124.19024,annual crop,4895,0.6079057203608463
146003,37.81541,-121.02814,annual crop,4753,0.8530132734542191
364167,40.48379,-122.6707,annual crop,106,0.4750087820105666
292824,36.89251,-120.73349,annual crop,3096,0.9775926981011489
343206,37.15518,-120.36752,annual crop,2703,0.8527744917967055
564792,37.677,-121.10783,annual crop,2538,0.8661210841230402
159944,35.76465,-119.52381,annual crop,3907,0
255699,41.45174,-120.48581,annual crop,4165,0.5257985614268632
547256,33.25086,-117.11645,annual crop,1357,0.6460567452395611
68102,41.95044,-121.51004,annual crop,2157,0.47186907621449076
2490,38.4855,-121.75662,annual crop,247,0.8477805550114492
541616,34.95054,-120.51412,annual crop,3573,0.5153885940230186
71230,39.3827,-122.03365,annual crop,4688,0.43202450481852295
554968,36.16941,-120.31812,annual crop,1475,0.8365010991609004
179960,40.14155,-120.88386,annual crop,3585,0.6902849088203481
11868,33.59089,-114.56355,annual crop,1359,1.3470259003525313
515767,38.41154,-121.74518,annual crop,4318,0.5871283330491367
416790,36.65267,-119.38209,annual crop,3257,0
95560,39.27944,-122.13198,annual crop,3208,0.4057222192146232
80196,34.79695,-120.43323,annual crop,2712,0.6770448078852196
337545,33.20114,-117.15179,annual crop,1176,0
459079,36.305,-120.03512,annual crop,3440,0.8511536813372886
169137,36.71892,-121.61617,annual crop,4193,0.7903539300413303
127611,36.29288,-121.26092,annual crop,2404,0.6067788656973172
540784,35.88959,-119.31194,annual crop,687,1.1968794297160583
211454,39.78748,-122.10722,annual crop,3632,1.0923076385810868
383622,37.9827,-121.44721,annual crop,5113,1.1532038919833525
122210,36.94297,-121.80177,annual crop,2762,1.092623581708702
525734,36.76223,-121.67751,annual crop,792,0.9084687012026336
345734,37.67581,-121.13468,annual crop,118,0.7658976317914998
440491,38.44757,-121.21005,annual crop,2083,0.8905806740923764
179210,36.33179,-119.44185,annual crop,7,0.7751455216939945
477144,39.32966,-123.1202,annual crop,1941,0.6814527768624083
286205,39.05794,-121.59019,annual crop,3619,0
240421,41.44136,-122.44389,annual crop,4399,0.7753477578944548
184836,37.22601,-120.43639,annual crop,440,1.1733727904506739
426629,37.44226,-120.65605,annual crop,1168,0.7260970908443
2656,39.79166,-123.19716,annual crop,2206,0.7844137893262176
527291,33.61103,-116.22629,annual crop,1977,1.0943177609265224
145737,32.88182,-115.49132,annual crop,54,0.8652680846256207
372361,37.08566,-120.50022,annual crop,1882,0.8559159046657647
397193,40.053,-122.18327,annual crop,119,0.7431393350698704
2684,35.23237,-118.91215,annual crop,2468,0.7752311635876784
235435,37.0863,-121.57629,annual crop,1021,0.7863234587831615
533079,37.54035,-120.73608,annual crop,4522,0.8952255625333971
200407,38.94383,-121.45342,annual crop,300,0.49814976535097144
252020,37.90978,-121.69069,annual crop,2214,0.5776250373322368
284489,38.52039,-121.69907,annual crop,813,0.9269164618352456
495642,38.21529,-121.63735,annual crop,263,0
248897,36.57511,-121.5027,annual crop,4050,0.39592817532604524
248992,34.76725,-120.3012,annual crop,347,1.716319424145738
237002,37.40808,-121.11368,annual crop,5051,1.1291701078989382
371840,35.7038,-120.6782,annual crop,179,0.7233862674244382
120120,34.9014,-119.52461,annual crop,3567,0.8340061534813482
361096,32.87108,-115.4403,annual crop,3937,0.8742281956508775
545461,40.56385,-124.19066,annual crop,1917,0.7299482670328737
426967,35.98412,-119.35129,annual crop,4741,0.5198243778591273
487584,38.33765,-121.17133,annual crop,816,0.5657247809911737
437231,38.13474,-121.20213,annual crop,2933,0.8133740783754588
418247,38.80322,-121.86958,annual crop,858,0.6099620453910384
483275,37.9601,-121.64226,annual crop,294,0.9727520646116145
505079,36.45188,-121.38165,annual crop,4581,0.5806255484286024
30350,38.54484,-121.87922,annual crop,1669,1.1339245011217873
37463,33.10166,-115.75512,annual crop,1313,1.7599897211132522
241161,33.53664,-115.99355,annual crop,3209,1.182534605302983
396922,38.47056,-121.73577,annual crop,1218,0.9249305437076107
32255,36.65828,-121.7269,annual crop,4375,0.5716252343004562
488918,38.65955,-121.53782,annual crop,2221,0.7331495119226356
542204,37.09599,-120.85616,annual crop,2035,0.7414011393577519
2797,36.6955,-120.64868,annual crop,433,0
219707,36.99966,-120.23005,annual crop,3012,1.324428012431029
449985,41.51442,-120.5137,annual crop,2635,0.6139133769081067
35520,37.13107,-120.43051,annual crop,4066,0.9268290437083387
425106,39.16958,-121.96064,annual crop,350,0.7568020309990989
306661,36.38414,-120.10994,annual crop,2739,0.9524179656936295
117546,36.40326,-120.34504,annual crop,4212,0.7315934540072426
195679,32.80148,-114.5897,annual crop,5018,0
2833,37.39104,-120.77025,annual crop,5066,0.8741544174329281
599525,38.85147,-121.4206,annual crop,1222,0.516411818543581
316532,39.35318,-122.20372,annual crop,3679,0.3502132203783299
495763,37.27256,-120.35057,annual crop,3225,1.092411324304963
317945,36.7396,-121.6704,annual crop,2530,0.48075461667664104
330654,34.33123,-119.08888,annual crop,3666,0.6954496018799174
26312,37.45791,-121.0926,annual crop,2150,0.7205852899713938
140393,38.09094,-121.15145,annual crop,1066,0.8529692744271006
164096,41.92202,-124.18057,annual crop,3019,1.0293672602548236
222124,39.12254,-121.70999,annual crop,981,0.7099635181748994
17116,41.02752,-121.31932,annual crop,3430,0.6957525001928065
449711,38.68326,-121.9061,annual crop,2913,1.102130657809043
297723,36.5404,-121.45128,annual crop,2787,0.36633269749477826
2868,33.13402,-115.7991,annual crop,5073,0
250568,35.9147,-119.58691,annual crop,2456,0.7747195281893203
563171,35.31706,-118.78395,annual crop,1207,0
550866,38.48654,-121.74896,annual crop,1354,0.908472957191129
505736,39.94292,-122.19361,annual crop,3704,0.741179878268682
332805,39.63883,-122.02464,annual crop,4482,1.0285074288324472
123242,33.52787,-115.97636,annual crop,1812,0.7852544676518752
340099,35.81068,-119.12993,annual crop,189,1.1161960890615537
138955,39.22129,-121.69189,annual crop,1217,0.29389949123943127
253666,38.16719,-121.76951,annual crop,3395,0.951027260671288
394168,34.40884,-118.77437,annual crop,602,1.1366649419358785
585636,39.56203,-121.90353,annual crop,3658,0.45936922181758194
192529,39.43239,-122.06246,annual crop,1821,0.40686928694362523
546455,39.45383,-121.81237,annual crop,1788,0.7236181702000926
171054,38.93386,-121.20102,annual crop,4045,0.9587587490267675
54856,40.59853,-124.28271,annual crop,4898,0.5494372509674432
288659,38.35073,-122.96229,annual crop,986,1.074297406734824
101352,35.99582,-119.65685,annual crop,3778,0.7593442498516536
280266,33.46775,-114.61884,annual crop,4182,1.1391581900045906
2949,39.35455,-122.0431,annual crop,520,0.8602373343851333
450896,38.54444,-121.78758,annual crop,932,0.9443741642249631
383888,39.01604,-121.897,annual crop,4569,0.843356610534155
170527,37.45369,-120.93343,annual crop,2475,0.8886361752948602
178540,38.69077,-121.82348,annual crop,4794,1.00565164136103
55547,40.90614,-120.49915,annual crop,2561,1.0283467773747494
2965,36.00153,-119.06066,annual crop,1053,1.7657906736365707
85820,39.44911,-121.66549,annual crop,2100,0.4630532821524946
428533,38.18892,-122.69807,annual crop,917,1.0223724487866348
36433,37.02207,-120.58421,annual crop,2444,1.0085093664626958
37313,41.60626,-122.52056,annual crop,2858,0.5230848833055423
2982,35.97428,-119.68737,annual crop,1373,0.6813518416909723
341794,36.30954,-121.18894,annual crop,3438,0.5634128950444374
2993,36.89768,-121.81463,annual crop,2354,0.8417610785060295
83899,36.67153,-120.5756,annual crop,96,0.8893861760495664
316415,33.58796,-114.63897,annual crop,3239,0.7671166180850146
22945,38.27472,-122.10941,annual crop,2692,1.0650886797576626
99797,38.0008,-121.66187,annual crop,1197,0.6429948362183682
402764,37.37366,-120.87012,annual crop,4418,0.6969518489146098
69786,41.7504,-122.50825,annual crop,736,1.0782400981818754
601596,37.795,-120.84762,annual crop,3456,0.8483143335544816
299705,36.80946,-121.3899,annual crop,4304,0.6102082780260407
392755,36.7045,-121.74224,annual crop,3757,0.39374335351264506
172127,36.00687,-119.07905,annual crop,4262,1.0983320868143753
344324,33.39921,-117.15454,annual crop,2812,1.313320195883316
384603,35.93056,-119.00641,annual crop,579,0.9458611176808334
178499,37.52833,-120.97846,annual crop,4383,0.3839981284048458
378263,36.04022,-119.28144,annual crop,717,0.6912601272396433
365047,33.50517,-114.65843,annual crop,4689,1.250822668811033
480518,39.22296,-122.06462,annual crop,4534,0.58614145361429
3051,36.30348,-119.47858,annual crop,2939,0.8693270403784579
3055,33.52841,-115.97292,annual crop,1029,0
538623,36.58079,-121.49924,annual crop,1636,1.348863686658925
345435,34.75799,-120.3389,annual crop,541,1.0951305627105516
141259,41.02489,-121.3188,annual crop,78,0.9482452933311166
278006,36.90257,-121.80885,annual crop,4011,0.708864303014528
553340,36.58552,-121.61676,annual crop,1540,0.7109521967301919
304377,36.93207,-121.37939,annual crop,4938,0.7003209229179308
505140,41.73174,-120.19637,annual crop,2439,0.5313263894914286
6652,41.5429,-120.15981,annual crop,5058,0.9466449872242501
272779,41.09619,-120.919,annual crop,2501,0.9231827696878618
439903,38.62359,-121.70574,annual crop,2134,0.9329283445292649
511851,32.76812,-115.28803,annual crop,3740,1.0084757866068632
3088,37.8357,-121.02792,annual crop,2106,0.46719215777231515
3089,41.54263,-122.56649,annual crop,1536,0
330063,41.58483,-122.97404,annual crop,3706,0
120284,36.16058,-118.99793,annual crop,5083,1.208350632872734
543657,38.85008,-121.21579,annual crop,1071,0.33472076942732787
300259,35.565,-120.66977,annual crop,2273,0.9832487059403235
521974,36.73325,-121.74183,annual crop,3807,0.6102682993514004
543808,36.64349,-119.95528,annual crop,3409,1.0091595676982346
309093,39.52997,-121.66093,annual crop,5043,0
103631,38.31024,-122.6507,annual crop,4533,0.9372688758794122
162857,40.49983,-122.55335,annual crop,3080,1.064709889650097
39623,35.98341,-120.8814,annual crop,1115,0.7507299351008361
374166,39.17277,-122.21048,annual crop,3505,0.35844164140014606
453718,32.7589,-115.37549,annual crop,2322,0.9913012425906216
558245,32.86483,-115.30017,annual crop,2331,0.8698566266007578
12368,41.96633,-121.53876,annual crop,1745,1.1720343229579404
33939,37.12254,-121.59933,annual crop,4195,0.8757633326167794
389837,41.37627,-120.70906,annual crop,1468,0.44230094224611055
576217,36.6141,-121.61804,annual crop,2090,0.6115408219800712
419348,38.61216,-122.75179,annual crop,3383,0.9583461499219202
40181,38.38196,-121.21851,annual crop,2472,0.8645475641456075
104585,39.35765,-121.6772,annual crop,1566,0.9676236540162865
411809,35.00806,-120.49933,annual crop,2615,0.6988653024215803
362523,34.16888,-119.06274,annual crop,4158,0.720600624338423
235541,38.52296,-121.83164,annual crop,3364,0.7083339525739136
403347,37.13073,-120.82608,annual crop,75,1.3010081191498735
393129,34.19327,-119.14928,annual crop,1659,0.6315628572472801
102103,35.15722,-120.53263,annual crop,1286,0.8350207048759685
41093,34.88729,-120.40408,annual crop,4907,1.176447965582166
398896,36.34333,-119.69243,annual crop,3033,0.29556485313754366
180946,35.15048,-120.50879,annual crop,3756,0.42696079435236145
3207,38.40447,-121.76195,annual crop,761,0
522165,38.37054,-122.67458,annual crop,4754,1.2891120368318947
593632,39.05887,-121.89974,annual crop,3418,0.7928995415853329
520034,37.47285,-120.96493,annual crop,1188,0.4402534127610489
296245,37.46247,-120.83242,annual crop,1777,1.2029341687257349
477322,34.65098,-120.52177,annual crop,3698,0.5849320546184847
193097,38.49757,-121.80824,annual crop,3795,0.9737853240948537
443255,34.34313,-119.05534,annual crop,3879,0.9511561441793221
417276,36.83512,-121.66147,annual crop,5015,0.807625899577323
480347,38.90569,-121.14892999999999,annual crop,1632,0.6304294407554871
481837,37.4593,-120.92336,annual crop,2831,0.6242795234046775
602864,34.94739,-120.54093,annual crop,107,0.9943001013129538
445926,32.77892,-114.56097,annual crop,1534,0
587189,33.03362,-115.36237,annual crop,871,0.9112792115923278
172932,34.21432,-119.11367,annual crop,4830,0.5967159719355216
387291,32.79523,-115.44344,annual crop,3843,0.5979736591637771
393785,34.99976,-120.51924,annual crop,3982,0.8127047329300421
152754,38.15339,-122.4244,annual crop,3986,0
265123,37.15511,-120.75769,annual crop,1710,1.0327118513821436
567355,36.28474,-121.23144,annual crop,5121,0.508256358070399
142255,34.90928,-120.46953,annual crop,3468,0.8008905862863909
3885,35.02206,-120.58971,annual crop,4259,1.1941615913768282
175895,37.88788,-121.47888,annual crop,1739,0.9958672465260803
532173,39.02524,-121.52912,annual crop,962,0.35688502393957333
386982,37.28259,-120.2899,annual crop,4881,1.1880836105122508
53270,36.10012,-119.26586,annual crop,1466,1.0806161728483408
435430,35.98071,-119.21934,annual crop,2809,1.449309441158338
504492,36.49133,-119.64095,annual crop,1426,0.562925903117488
425251,34.56887,-117.68924,annual crop,2059,0
300021,34.90911,-119.52463,annual crop,622,0
106641,38.7062,-122.10584,annual crop,4164,0.763018718248373
73005,36.18316,-120.09988,annual crop,2119,0.8603065885327067
553309,36.41311,-120.10769,annual crop,4696,0.9659363372531633
350730,36.71174,-119.67001,annual crop,814,0.8896822365164097
348073,36.27014,-121.39103,annual crop,3072,0.8640046550632162
175873,34.60562,-118.03621,annual crop,3957,0.8050338702002777
375090,37.9929,-121.61955,annual crop,2261,0
326848,35.56368,-121.06633,annual crop,1760,0
279713,33.51779,-114.72315,annual crop,4829,0.7907215474383008
146137,36.52591,-121.48321,annual crop,1320,0.7326206187492409
178497,39.73751,-122.23761,annual crop,1657,0.7521118321310142
567054,36.70401,-119.48185,annual crop,3882,0.7949688749523773
190915,36.24827,-119.78323,annual crop,3664,0.8241076128478906
39007,37.74694,-120.89823,annual crop,3772,0.980566892988714
548444,36.69788,-121.59319,annual crop,1156,0.673092397574375
249326,37.07732,-120.705,annual crop,597,0.8159427239265067
16646,37.43808,-120.78911,annual crop,1842,0.7400093095213244
55014,37.1648,-121.6941,annual crop,5070,0.7892130963886691
385338,36.86951,-121.35561,annual crop,3135,0.8940505568735516
95821,39.297,-121.74789,annual crop,4137,0.6381870203660923
239980,36.05845,-119.78439,annual crop,197,0.7859481343980572
182978,34.65944,-119.98997,annual crop,1377,0.7199353293519558
575373,41.40194,-120.55157,annual crop,3751,0.756232783346548
552758,39.44461,-122.06413,annual crop,5138,0.27954266464455846
165755,38.42641,-121.937,annual crop,2251,1.0720868182062835
148083,34.89527,-120.51561,annual crop,1578,0.8136353894186588
269858,36.1763,-119.96519,annual crop,2452,0.9540904439585504
358616,39.48408,-122.15185,annual crop,4712,0.22956791694532053
511933,35.30207,-118.83858,annual crop,287,0.7672753743744358
113722,32.88914,-115.30718,annual crop,4894,0.980598715587349
235546,39.04833,-121.48801,annual crop,4719,0.635621397076457
3510,40.66738,-124.2507,annual crop,1661,1.1821228074288817
358788,38.842529999999996,-119.79067,annual crop,2651,0.801174900971757
556720,38.21955,-121.10912,annual crop,155,1.1723317361121912
404054,36.54015,-119.29942,annual crop,2116,0.6969287526408173
78254,38.70934,-122.13583,annual crop,1394,1.2249331074092393
121567,41.80571,-122.46909,annual crop,1907,1.294230530105654
3553,35.02108,-120.52319,annual crop,4439,0.9428508759952218
97068,40.7988,-124.10363,annual crop,2763,0.6874958099755298
136794,33.2091,-115.45206,annual crop,1531,0.9636516051356698
249629,39.76787,-122.11117,annual crop,4579,0.8951697454250316
187773,37.34025,-120.63041,annual crop,1877,0.7547491386015938
458800,37.53873,-120.95587,annual crop,678,0.5565234821508757
143161,32.90015,-115.41065,annual crop,1647,1.0188395367801713
123721,32.73939,-114.64904,annual crop,146,1.1688714691634907
180127,38.04656,-121.5533,annual crop,47,1.4998854244579891
344858,36.95162,-120.5149,annual crop,2848,1.074431166431725
574823,37.04282,-120.15522,annual crop,4628,0.7671509861282829
332698,37.79337,-121.35666,annual crop,3925,0
350076,35.90803,-119.306,annual crop,1032,1.1141656983326957
430947,38.55937,-121.79436,annual crop,1613,1.0965490737794468
154679,36.30493,-120.11037,annual crop,4836,1.7504662386527428
181491,37.8277,-120.90866,annual crop,4379,0.592956723304534
420724,36.8281,-121.28687,annual crop,2277,0
325493,38.85407,-121.53841,annual crop,2361,0.9362696893688193
3628,36.85285,-121.79074,annual crop,1845,0
65575,41.07497,-121.38715,annual crop,2310,1.019806471249386
322194,39.04088,-121.81122,annual crop,881,0.8013434832549188
3643,38.79878,-121.69393,annual crop,660,1.21006241485678
55784,39.26453,-121.47784,annual crop,331,0.5320276469056987
540458,37.61742,-120.77551,annual crop,2317,0.6931547761311133
98278,38.10274,-121.67855,annual crop,1134,0.5637161533258406
243055,38.7198,-121.83509,annual crop,2512,0.612134718365632
228310,39.1461,-121.87322,annual crop,818,0.8013849485550527
461715,32.73358,-115.712,annual crop,1192,0.7837011897520149
131605,36.45164,-119.31919,annual crop,4963,0.8664413614253416
431537,36.90319,-121.4237,annual crop,1422,1.0385949679050726
65982,38.77241,-122.15188,annual crop,581,0.8284474326697022
228297,38.65263,-122.72294,annual crop,1528,0.9330534537075579
159425,33.52654,-115.98942,annual crop,3976,1.2540169198327018
361579,36.31531,-119.41459,annual crop,1850,0.6973328563364868
272977,39.18198,-122.96902,annual crop,4699,0.7028843071704685
314727,39.2637,-122.14315,annual crop,3329,0.2968943035905307
423859,39.37162,-122.22237,annual crop,1809,0.6029160890332774
3702,37.47324,-120.47655,annual crop,1361,1.0624036528225167
457836,41.6035,-122.91004,annual crop,510,0.7157012306805832
447543,36.63163,-119.99061,annual crop,1874,0.967792752765971
375751,32.79074,-114.57852,annual crop,2568,1.0129969610059553
583426,32.78375,-114.57436,annual crop,2818,1.0776127146447203
269254,38.47779,-121.81492,annual crop,100,1.0189171644700288
526012,37.13169,-120.65811,annual crop,4855,0.7732111170684496
267246,37.86597,-121.21644,annual crop,3224,0.830366997572581
370449,37.43343,-121.09815,annual crop,3990,1.2780798525239063
561591,38.1448,-121.46027,annual crop,1781,0.6647256459924591
395065,32.84357,-115.45491,annual crop,720,1.0196386101869095
394566,36.34549,-121.27751,annual crop,1698,0.5210446981755756
476405,36.23791,-119.47274,annual crop,443,0.6199414069953966
80222,36.86431,-121.70099,annual crop,5169,0.7962957587752599
9645,35.81502,-115.68769,annual crop,2866,1.1984772041151162
368392,36.63382,-121.55535,annual crop,4274,0.6078125075001082
497890,38.33301,-121.44262,annual crop,753,0.7957571301116588
453755,37.44329,-120.96327,annual crop,1890,0.7179577825845997
123998,37.85623,-120.99997,annual crop,4430,0.49768945629139216
174235,37.65565,-121.05573,annual crop,3356,1.006261165762816
85679,36.31042,-119.43007,annual crop,2281,0.7919030537475289
235657,36.70975,-119.6158,annual crop,4508,1.168091689106862
91634,37.88058,-121.173,annual crop,1873,0.7699093657408987
568247,36.72002,-121.63378,annual crop,1713,0.31107277257385035
533869,34.729,-120.13516,annual crop,3147,0
566198,36.09381,-120.95782,annual crop,2899,1.0115380862928829
125591,40.39229,-122.25741,annual crop,2390,0.7636383985470685
550507,33.05002,-115.62782,annual crop,4206,0.8944334541457085
405803,36.88664,-119.69983,annual crop,4703,1.1714016054847944
292442,36.01129,-119.25718,annual crop,3196,1.2451031620077295
528154,36.2139,-119.54052,annual crop,3922,0.7326829920393092
129633,35.59623,-120.62542,annual crop,2366,0.6648350538536052
164044,36.85431,-120.66414,annual crop,4596,0.9913928302838974
468619,37.40622,-120.86268,annual crop,3306,0.7039192493363317
356954,35.56469,-120.63517,annual crop,481,0.7979483975045905
525357,34.96955,-120.60861,annual crop,490,0.9408468019166131
371860,37.26493,-120.53096,annual crop,2387,0.6685925735359175
246402,41.215,-122.13838,annual crop,2603,1.1139891395199693
466254,36.69076,-121.70438,annual crop,142,0.4467571590580713
128396,41.20381,-120.51514,annual crop,418,0.8169260538870512
228848,39.76792,-123.20705,annual crop,1700,0.6375920449931414
577950,35.02308,-120.59038,annual crop,1017,0.7809115490045052
80742,38.00058,-121.01437,annual crop,794,0.5909111611730647
402187,34.94598,-120.40691,annual crop,2128,0.3543784341038794
525901,36.20283,-119.53154,annual crop,5069,0.643497554030137
174018,36.73168,-121.70843,annual crop,3125,0.4697917406491312
24562,33.49419,-114.66266,annual crop,4336,1.092157852041961
259525,37.27977,-120.75034,annual crop,3034,0.6610474104087708
55213,36.53307,-119.40056,annual crop,400,0.9606701326060217
349805,32.78834,-114.55919,annual crop,1854,0.9110387293805681
160764,40.08488,-120.8551,annual crop,2377,0.7094686035607068
596987,41.94678,-121.37692,annual crop,395,0.873318369883139
90930,38.45575,-121.67773,annual crop,4160,0.8552323983628604
508871,41.25723,-120.52556,annual crop,4567,0
340482,38.2916,-121.3981,annual crop,4299,0.7875069669192739
157036,39.17992,-122.18229,annual crop,3024,0.38826127951093725
118363,37.0826,-120.70547,annual crop,2136,1.0186008095464705
122702,38.1138,-121.49031,annual crop,1570,1.2849665484789112
169252,38.00456,-121.41726,annual crop,4166,1.2822333781320354
363992,40.89234,-124.11921,annual crop,2205,0.7813923743854935
330811,36.84034,-120.73124,annual crop,743,1.28843331644175
569584,34.63808,-120.50105,annual crop,427,0.8475516223906514
470498,34.74255,-120.23145,annual crop,4746,0.5249494514632684
211740,34.96027,-120.5287,annual crop,2497,0.6915677490799167
363982,35.19593,-118.9257,annual crop,4594,0.8937655837988507
81573,41.80163,-122.04874,annual crop,5006,0.7239010404730754
505731,36.73194,-121.72447,annual crop,4652,0.7866413877793177
500479,39.40148,-122.24092,annual crop,3081,0.4262490949155023
185787,36.39749,-121.33845,annual crop,1843,0.7108302756825624
403007,36.72246,-121.74961,annual crop,5085,0.6058279190063507
170118,38.39961,-121.69629,annual crop,5094,0.8934894990292389
469206,36.29169,-119.5842,annual crop,1372,1.1380932780410187
516987,36.37989,-120.18198,annual crop,1546,0.7201937569907071
161662,36.259,-119.83544,annual crop,3104,0.6241617616367426
122475,35.13586,-120.54541,annual crop,3628,0.3747338900952828
317137,37.4738,-120.95688,annual crop,2058,0.3062316887289815
392031,39.18521,-122.01615,annual crop,1105,0.9957505579108252
487254,39.28094,-121.35076,annual crop,529,0.8041102028876371
466519,37.08421,-120.57051,annual crop,5032,1.0590801990402634
361841,37.97936,-120.8531,annual crop,2949,0.6791483580910647
498864,35.19258,-119.13395,annual crop,752,0.6945029457611022
450881,39.81594,-122.0943,annual crop,152,1.1589247782436771
486242,36.74229,-121.63298,annual crop,667,0.41089862050621956
55047,34.62477,-120.36769,annual crop,1617,0
422583,41.47384,-120.50868,annual crop,97,0.964761663587954
340884,32.76866,-115.43305,annual crop,4296,0.9110215215635156
341951,37.97383,-121.61043,annual crop,2117,0.8883348581354789
8532,38.6,-121.97392,annual crop,2779,1.2401889522589602
463637,38.13377,-121.66797,annual crop,3612,1.7146169882216091
572765,41.79238,-122.06836,annual crop,1905,0.46758894343845275
470221,34.88481,-120.38764,annual crop,5149,0.6069140929678901
283169,33.3083,-117.17428,annual crop,1486,1.3199409047653967
540686,36.52109,-119.40497,annual crop,984,1.0890463860458386
377211,40.73642,-124.17383,annual crop,1796,0.8687659058027425
32239,33.09295,-115.36135,annual crop,609,0.7744203155811361
170723,37.89462,-121.63946,annual crop,3945,0.9746376943862463
428391,41.87184,-120.11523,annual crop,1867,0.9742348895220379
415664,36.97981,-120.41724,annual crop,2788,1.1603006695631866
329256,37.80066,-120.91151,annual crop,592,0.37976936254096244
246451,40.9199,-124.1126,annual crop,1871,0.7193060416120882
586422,39.741,-122.25007,annual crop,448,1.4018511494872585
42782,37.06278,-120.67446,annual crop,3782,1.2041425111092081
13267,39.55898,-121.69767,annual crop,2139,0
4176,37.71556,-120.78259,annual crop,817,0
53096,36.40957,-121.3075,annual crop,4713,1.1299235783040331
219857,33.8507,-117.0678,annual crop,1388,0.7141911348603309
329934,36.59652,-119.51088,annual crop,2003,0.7550706438389613
366464,40.55483,-120.63606,annual crop,1190,0.5277331920040684
524131,41.41721,-122.86804,annual crop,1149,0.9097865993177573
377404,33.14216,-115.5494,annual crop,2850,0
457966,36.30081,-121.19739,annual crop,3362,0.5507573378238626
4276,38.83447,-121.75493,annual crop,1249,0.8044622909460445
566151,36.31553,-119.99018,annual crop,3801,0.8789562614913304
380351,41.23361,-120.33303,annual crop,2467,0.5749274051279178
16302,37.57007,-121.15492,annual crop,3695,0.7476549783209022
342973,33.54904,-116.1347,annual crop,2729,1.0131215729150875
535611,38.99206,-121.90658,annual crop,3862,0.9752591650848121
37126,38.4796,-121.07798,annual crop,4483,0.6986205250573256
77875,38.34887,-121.43827,annual crop,3463,1.0035960206944963
313999,36.2558,-119.70775,annual crop,4729,1.3029459767804004
518296,32.8365,-115.60582,annual crop,2772,0.761687865055738
288778,41.9057,-124.14841,annual crop,332,0.8625440518163277
7515,38.66825,-122.00914,annual crop,4125,0.9667238108155015
570996,33.633,-116.22167,annual crop,740,0
410211,34.39953,-118.83395,annual crop,2046,1.0152550851064854
82694,38.42702,-121.71801,annual crop,928,0.5401607318102096
217724,40.44735,-122.2696,annual crop,3577,0.7505612534618562
251281,40.1057,-122.16038,annual crop,3673,1.1523283471766803
397553,37.60507,-121.13913,annual crop,4876,0.6462889930253639
160630,34.90637,-120.47055,annual crop,2837,0.8524955483824582
130002,40.6807,-124.24344,annual crop,1744,0.954044170229804
369996,38.57246,-122.44538,annual crop,3705,1.2746178092937732
428493,36.60196,-121.57741,annual crop,843,0.4674360386474927
599290,41.69621,-122.53947,annual crop,3684,0.45844126260870754
397082,37.33568,-120.53562,annual crop,4183,1.2870983017361857
489270,41.1735,-120.039,annual crop,1026,0.8274310299604172
479921,41.61905,-122.4595,annual crop,2816,0.9787623868419127
183569,36.59662,-121.48501,annual crop,3887,1.0784713616314716
65313,38.66329,-121.60645,annual crop,2391,0.9407502409741874
9594,37.08849,-121.58813,annual crop,2582,0
184965,36.63201,-121.53395,annual crop,701,0.30606014285809763
285241,38.27897,-122.33578,annual crop,1343,1.0636879273403668
397296,38.25912,-121.54097,annual crop,2590,0.7636216605454622
292467,32.87392,-115.46362,annual crop,4091,1.431750664112897
274411,39.88271,-122.21753,annual crop,3286,0.9723188062625955
266713,37.2579,-121.03277,annual crop,4170,0.6993679544916008
580287,37.36392,-120.87147,annual crop,1389,0.971477476780899
362889,33.65724,-116.20619,annual crop,349,1.4177550939631736
297606,38.68658,-121.4136,annual crop,673,1.0755321043118968
43445,39.04882,-121.3956,annual crop,4784,1.3084320616360474
372340,36.06891,-119.1938,annual crop,3880,0.9593492340811558
462174,40.36727,-120.33126,annual crop,3943,0.9316737706829114
241811,40.38941,-120.60054,annual crop,3647,1.0554546871770725
81882,37.86609,-121.26881,annual crop,2471,0
39830,38.49605,-121.57764,annual crop,619,0
580887,40.41381,-122.22422,annual crop,787,0.48107869206045106
523982,41.86301,-124.17745,annual crop,4234,0.977677276835124
536323,36.20143,-120.01706,annual crop,3558,1.180378011547192
379091,36.03864,-119.07318,annual crop,49,0.9447845573713866
126193,39.43367,-122.11294,annual crop,3173,0.5420569794616416
480836,36.24832,-121.08668,annual crop,248,0.6700657550152815
327721,36.33324,-121.21834,annual crop,4217,0.5304689174657624
320496,36.58168,-121.6101,annual crop,2175,0.8966709790691941
233788,34.9255,-120.37288,annual crop,275,0.6311186449499436
30267,38.80886,-121.68441,annual crop,2191,0.9893749458613003
594379,36.94719,-121.8011,annual crop,2730,0.9814307573755126
387381,37.43765,-118.57936,annual crop,1615,0.45521930468082566
362791,36.54556,-121.49482,annual crop,295,0.3217984286688187
488728,32.68746,-115.54147,annual crop,1773,1.1133447493584325
235642,33.53493,-114.68393,annual crop,1125,0.946105443240371
112507,37.80861,-120.98076,annual crop,4227,0.42296247377544666
4694,41.10663,-121.09867,annual crop,4417,0.7616945997007278
584368,36.30295,-121.23157,annual crop,1514,0.5098575908166182
92681,36.98955,-120.53839,annual crop,3270,0.9451690419891822
560237,36.47601,-121.42068,annual crop,5095,0.3815186892450924
442327,36.39955,-121.27517,annual crop,1010,0.5637538862351957
439780,37.77427,-121.52146,annual crop,5002,1.1552566830603619
109508,39.06988,-122.08916,annual crop,4087,0.9573069456358383
389271,39.58075,-121.75186,annual crop,2518,0.4394058504756389
330072,37.79207,-121.47854,annual crop,1535,1.234416529871999
136260,37.16112,-120.42262,annual crop,2155,0
289069,37.54065,-120.75791,annual crop,1401,1.300887571840961
269557,35.30249,-118.92261,annual crop,1965,1.3729059879680559
53567,38.27175,-121.2162,annual crop,3407,1.0378318884342537
306280,39.80368,-123.25985,annual crop,543,0.9171167062327324
223891,36.99489,-121.73365,annual crop,1673,1.2926041952377965
481355,37.81514,-121.02614,annual crop,1761,0.6986713749229502
282104,38.64721,-121.86969,annual crop,1367,1.394965492647144
443931,37.7357,-120.89279,annual crop,2855,0.5303582827668982
341359,37.8118,-120.98869,annual crop,4961,0.574595076193815
316219,39.12767,-121.13525,annual crop,4372,0.4885539806685805
233923,41.76108,-122.49187,annual crop,2808,1.0146901862123061
67104,39.21683,-122.20881,annual crop,1011,0.8224702870125499
419687,36.71685,-119.8709,annual crop,108,0.8471983708316215
182877,38.31563,-122.64385,annual crop,3717,1.0549075556102763
247501,36.93821,-121.3479,annual crop,4396,0.7952405863611037
463181,38.20657,-122.79382,annual crop,2924,0.6859836202489696
286351,41.0657,-121.1128,annual crop,4677,0
593925,37.88763,-121.1386,annual crop,3747,0.7874854748626801
261377,33.5558,-114.61561,annual crop,4095,0
7760,38.60963,-121.92217,annual crop,5161,0
342504,38.32911,-121.19234,annual crop,419,0.8862860879991261
303235,39.51693,-122.2261,annual crop,3888,0.6637705722492209
417891,37.20473,-121.04648,annual crop,1283,0.9069661663965803
440143,37.43321,-121.00757,annual crop,143,0.6521401421647287
16313,38.27076,-121.7752,annual crop,3746,0.434497328234456
345757,34.93313,-120.49689,annual crop,1289,0.5573429701239163
523628,36.83296,-121.75694,annual crop,5116,0.43465260051055343
160812,36.93457,-120.79504,annual crop,1764,0
595457,37.66439,-120.86057,annual crop,957,0.48949919061620867
392574,33.50916,-114.60798,annual crop,3869,1.1097600440648914
4955,38.04824,-121.40571,annual crop,328,1.15733824380428
445734,38.93162,-121.26193,annual crop,4676,0.5648214078466838
580493,36.60337,-119.4708,annual crop,234,1.054063942190487
53213,36.14275,-119.17217,annual crop,2242,0.9534012980744337
545230,33.14501,-115.81166,annual crop,1109,0
543024,37.34382,-120.67022,annual crop,2085,0.6949228560343991
29833,36.87735,-119.55601,annual crop,907,0
526404,36.32875,-120.18942,annual crop,822,0.9907336273930435
227491,36.91765,-121.71644,annual crop,2495,0.4606216813669065
565178,32.79171,-114.58544,annual crop,3781,1.0804328905473164
444653,34.9958,-120.53772,annual crop,1539,0.6034241020765703
340645,34.95211,-120.49565,annual crop,195,0.49803201032890726
181338,38.80293,-121.50497,annual crop,315,0.6549116017179257
356826,36.25776,-119.31612,annual crop,233,1.0084956747503435
139477,35.02047,-120.57344,annual crop,3312,0.866095386192193
441199,41.46771,-120.14549,annual crop,892,0.4683580624194452
570258,38.22846,-121.17803,annual crop,1765,0.8171056740244256
198530,36.35198,-121.23528,annual crop,695,0.44608511262620454
267067,34.9068,-120.4026,annual crop,4528,0.932151585441952
321683,37.47206,-120.8718,annual crop,2962,0.6412228967704928
20042,36.39408,-119.81441,annual crop,2667,1.0914933827642954
458612,38.68646,-121.81579,annual crop,4847,0.9379254925946078
552920,34.2778,-118.9254,annual crop,2990,0.5998181759188143
459508,38.99699,-121.09293,annual crop,801,0.3647322742610337
581550,40.34356,-122.36755,annual crop,4184,0
431250,39.96943,-122.14949,annual crop,1802,0.7887039151677863
209630,36.40471,-119.93273,annual crop,429,1.1288132727527107
245558,33.22302,-117.01405,annual crop,2220,1.0340231514533955
326534,36.10582,-119.32833,annual crop,4535,1.1425561380071658
319562,36.0093,-119.44236,annual crop,4349,0.8071079701350251
250396,33.66331,-114.5914,annual crop,3028,0.9110295699699756
451564,37.40068,-118.58013,annual crop,414,1.310953858709737
520858,40.14831,-122.40306,annual crop,5014,1.0440391567901617
47951,39.72796,-122.43193,annual crop,1479,0
488968,37.04462,-121.6033,annual crop,4536,1.282993078889617
257112,39.63487,-121.71737,annual crop,44,0.371414244576501
220828,37.46251,-120.82513,annual crop,1488,0.8475947435368023
234120,32.94025,-115.42779,annual crop,2836,1.0551805978499538
485269,38.96041,-121.96775,annual crop,631,0
13310,36.10914,-121.09227,annual crop,2860,0.9669308485539935
398165,37.94228,-121.54262,annual crop,1599,0.6102404443588096
78082,33.78946,-116.94006,annual crop,356,0
190910,38.53413,-121.73093,annual crop,2868,0.8690781987769913
553774,36.59017,-120.21337,annual crop,3051,0
368086,36.77566,-119.90615,annual crop,735,1.0360676993083475
458034,33.56122,-114.54613,annual crop,1113,0.5942672448075801
82289,37.33753,-120.39456,annual crop,4309,0.8665984755468943
589615,38.63909,-119.50929,annual crop,3803,0.6588179469827666
441994,38.25023,-121.12072,annual crop,5030,0.6151107175931578
508594,34.93217,-120.44729,annual crop,2434,1.0086355936973959
539915,37.52137,-121.14015,annual crop,2384,1.1901210778399551
193970,37.81275,-121.51220000000001,annual crop,2256,0.7860754450758584
592734,37.03709,-120.61616,annual crop,1208,1.129184864310893
586252,37.76922,-121.46462,annual crop,2766,1.0958227475370885
142268,35.42579,-119.38938,annual crop,45,0.8112245559731922
46453,37.2223,-120.485,annual crop,4550,1.164311511579288
441999,38.24648,-121.22458,annual crop,3850,1.021870822012247
32670,38.98581,-121.98213,annual crop,4191,0.8483549599264146
43886,36.89281,-121.77968,annual crop,1064,0.5545723693306596
12977,32.90001,-115.50492,annual crop,1324,0.7235878485619922
28987,35.54061,-120.55264,annual crop,1972,0.6468099813280337
124853,33.6346,-114.60001,annual crop,5004,0.9367573452647318
514219,38.46796,-121.69836,annual crop,4899,1.106244290457341
10062,37.37371,-120.93221,annual crop,1608,0.5633776454132343
451450,38.47934,-121.80542,annual crop,5108,0
351422,36.45946,-121.42866,annual crop,3710,0.5688956476813385
146943,36.80058,-119.6448,annual crop,161,1.088408968476669
397177,38.91973,-121.89714,annual crop,1818,0
248797,32.72877,-115.36826,annual crop,36,1.0325259429631315
559158,38.49526,-121.93034,annual crop,145,1.1503267543859177
415470,37.07083,-120.68679,annual crop,949,0.8121386591755194
386130,41.06607,-121.39307,annual crop,2020,0.6476381926085837
128684,35.13427,-119.00112,annual crop,953,0.6813632504043471
203972,37.72627,-120.80426,annual crop,4973,0.5232779704839495
160833,36.6439,-120.02301,annual crop,3981,1.032842237818256
562363,37.9575,-121.42023,annual crop,1175,1.219354233055388
488547,38.18351,-121.59037,annual crop,98,1.0738294854807386
116735,36.5334,-121.47537,annual crop,518,0.7960165841172622
401448,36.40002,-121.3421,annual crop,2301,0.4020146338877503
121110,36.17413,-120.32355,annual crop,93,0.8463705082367238
578310,39.1056,-121.48197,annual crop,4203,0.24526095348091284
376919,39.79622,-122.06302,annual crop,461,0.9901424275335948
230530,38.31824,-121.21929,annual crop,2576,0.8971322614675036
276051,35.93838,-120.6748,annual crop,1798,0.5515624143294664
5334,33.46845,-116.08413,annual crop,975,1.4265798701248689
389307,36.99759,-120.64997,annual crop,4611,0.7072277552691852
505399,41.61326,-122.98462,annual crop,900,0
472607,38.22656,-122.06872,annual crop,3179,1.0467907846520472
460235,37.41211,-120.67891,annual crop,4428,1.1806070244874869
413934,37.27747,-120.58928,annual crop,2413,0.9242374741396145
86884,36.45839,-119.95703,annual crop,2892,1.3499465617667181
83095,37.45842,-120.94141,annual crop,1065,0.6665048408754499
365307,36.48079,-120.23224,annual crop,2287,0.6597991415946769
214935,36.29535,-120.07196,annual crop,2381,0.9519216681551932
306497,37.80136,-120.96609,annual crop,4706,0.6139468107691265
191505,33.26484,-117.2616,annual crop,3230,1.1255713030206964
553030,36.79353,-120.39011,annual crop,3039,1.2481366773455544
7862,37.0571,-120.69203,annual crop,1243,0
47617,36.36597,-119.31673,annual crop,4765,0.8042417102279378
267321,37.44419,-120.78789,annual crop,4997,1.2270934886342428
245868,41.62525,-122.83567,annual crop,4700,0.5459477508501843
556002,37.69134,-121.33511,annual crop,434,0.6310003585986508
520813,38.23257,-121.62976,annual crop,4218,1.4064017512510156
72282,37.70538,-121.26858,annual crop,2165,1.1705228143460717
495989,37.90675,-121.57625,annual crop,3073,1.1553347362375213
596099,37.91639,-121.52665,annual crop,1919,0.7026683780818468
331902,37.86889,-121.36758,annual crop,3405,0.9737625066097632
98295,36.9408,-121.34642,annual crop,4770,0.7099627450199988
88640,39.14669,-121.75593,annual crop,173,1.0653536056592754
5477,36.37358,-121.29233,annual crop,1419,0.4529479009576118
272727,39.44267,-122.22851,annual crop,1102,0.444413120624986
122696,40.53773,-124.16656,annual crop,690,0.9721084179576912
481503,40.666,-124.19525,annual crop,4258,0.8169546352641884
85931,36.32629,-120.18945,annual crop,1782,0.8973325633285438
13065,38.34192,-121.00061,annual crop,4023,1.1867175546012474
555990,37.75497,-121.16682,annual crop,4263,0.9988468314251079
20206,36.00632,-120.88866,annual crop,2350,0.5011042305363759
5521,36.08786,-120.94915,annual crop,5107,0.5976977374069657
407252,36.97895,-121.53726,annual crop,1886,0.7600515807274325
273394,36.16488,-121.03287,annual crop,1409,0.42503165886451955
48615,33.21793,-115.51625,annual crop,2722,0.8325995102297711
194245,40.9258,-124.03447,annual crop,1774,0.7184606051777794
205171,38.32531,-121.83496,annual crop,2374,0.8729019320292037
360043,36.3689,-120.27913,annual crop,4970,0.8527587101099073
437709,35.09248,-118.98259,annual crop,3572,0.9173071340100166
22646,34.01442,-117.60557,annual crop,2487,1.1028232480508573
301261,36.17944,-121.04297,annual crop,1887,0.40395561293084353
591598,36.89551,-121.72455,annual crop,5109,0.3880170655243754
393456,40.73191,-124.17821000000001,annual crop,3898,0.8893827388943459
64938,39.38292,-122.08456,annual crop,3344,0.5024261451331193
22985,37.56628,-120.96689,annual crop,3764,1.7869999765610072
39796,37.4965,-120.98732,annual crop,1264,0.7435631531602523
453782,36.98617,-120.83093,annual crop,3716,0
502638,39.44899,-122.10264,annual crop,2736,0.2934538022034528
182634,38.16244,-121.48031,annual crop,665,2.3099374497315717
387691,36.91538,-121.70611,annual crop,3332,0.5716866427504501
347170,38.65347,-122.81509,annual crop,734,0.9875564461344511
238353,40.80629,-124.09928,annual crop,1074,0.8057766432248094
482163,37.33021,-120.79609,annual crop,1731,0.9641803502471237
117897,37.66865,-121.14247,annual crop,3054,0.6629264058531309
131042,36.32529,-119.81774,annual crop,1000,0.9896312030641065
395103,36.27319,-119.81469,annual crop,1756,0
229240,36.18259,-120.12657,annual crop,2454,0.877183721537929
327811,39.03921,-123.1479,annual crop,3534,0.9424313752829574
231439,36.0426,-119.7379,annual crop,1733,0.963002616090514
192004,33.64428,-114.63512,annual crop,864,1.3061334076743925
20850,33.53635,-116.12553,annual crop,1025,0
5782,33.66572,-116.13912,annual crop,3553,0.9329487110155749
148553,33.50505,-114.63515,annual crop,1464,1.099676719024397
322548,33.68442,-114.5702,annual crop,3865,0
225299,35.99764,-119.68266,annual crop,684,0.7163923684470134
212213,41.05215,-121.49576,annual crop,286,0.7814452896020481
150849,41.88581,-121.45526,annual crop,5159,0.595767292311821
31926,38.74226,-121.61483,annual crop,3759,1.0452369356555058
307738,37.33504,-121.05542,annual crop,3102,0.7747883450625399
274144,39.13511,-122.18507,annual crop,2574,1.3503297066627622
361149,32.74672,-114.57943,annual crop,4333,0.9077780113920382
5811,38.06395,-121.42316,annual crop,72,1.4028621721309533
454829,34.89052,-120.50329,annual crop,1328,0.8073878860107481
114708,34.67925,-117.96525,annual crop,154,0.9889573742586707
238775,36.36424,-119.37166,annual crop,3107,0.6800907332918958
166093,40.01324,-122.20117,annual crop,6,0.8119094268178988
179778,39.76029,-123.22098,annual crop,1408,0.8718783234405009
220543,36.90726,-120.66869,annual crop,1969,1.166980169419627
362850,36.69141,-118.14776,annual crop,3263,0.6185418028206636
578829,37.80282,-120.84473,annual crop,407,0.5484228928398907
335108,38.88564,-121.36892,annual crop,4035,0.8192790895273745
204174,36.69994,-120.09465,annual crop,3410,1.168754488015967
562487,32.7103,-115.34164,annual crop,1667,1.3700885518331913
380965,36.51503,-121.46374,annual crop,1393,0.3415268294516011
89767,38.36029,-121.80709,annual crop,4175,0.8691979102794583
155817,35.85747,-119.09243,annual crop,4465,1.7994463962820484
121348,39.9536,-122.3184,annual crop,4034,0.8925952390676163
164108,37.48322,-121.13257,annual crop,4635,0.9637782596764536
414421,33.54343,-114.58395,annual crop,4864,1.064767410884915
320315,39.33211,-123.12585,annual crop,2324,0.6237955231512983
171608,36.5745,-119.29381,annual crop,1154,1.096405359412729
491204,37.91319,-121.57836,annual crop,3593,0.9912721046687237
168773,37.50069,-120.7861,annual crop,4204,0.8037453468969415
52678,36.67515,-119.49221,annual crop,2839,0.8277337130449927
5938,37.4,-120.75312,annual crop,4406,0.5723201479485457
254198,39.19676,-122.96622,annual crop,2056,1.2613252982976912
60493,34.26619,-118.99936,annual crop,866,0.8608217759160637
183678,36.24683,-119.99763,annual crop,1385,0
481546,35.48403,-119.3441,annual crop,915,1.055900894630662
142115,39.06147,-121.61945,annual crop,1104,0.7807041468576905
353256,38.36074,-121.41586,annual crop,729,1.0852496062558343
491091,41.58281,-122.86246,annual crop,436,1.3531584066575508
5990,40.91007,-124.07905,annual crop,2870,0.9010656022362329
341804,40.55797,-122.20732,annual crop,1998,0.8261544885035881
83079,36.24576,-119.48877,annual crop,2901,0.546694452787329
574068,40.49309,-124.11924,annual crop,1384,0
506607,38.45022,-120.91268,annual crop,2591,1.2427525594273259
251718,39.95228,-122.31083,annual crop,2548,0.7750182329978347
66678,34.26763,-119.1248,annual crop,4069,0.7874569268784274
223773,37.89531,-121.46297,annual crop,3199,0.8011995732864414
350139,40.08849,-122.18944,annual crop,1515,0.5618630275518223
163411,33.50827,-116.12515,annual crop,3482,1.0892395655491052
404586,41.19932,-121.13409,annual crop,1465,0
121559,41.76447,-121.87981,annual crop,4450,0.8451670249112269
471164,41.50583,-120.54124,annual crop,3381,0.7652926003837445
168394,41.54949,-120.14559,annual crop,4977,1.3090386774150438
445876,33.05783,-117.02954,annual crop,810,0.6879957748404805
548856,36.17345,-119.96709,annual crop,3231,1.1118276159325533
350906,38.3338,-121.77037,annual crop,3187,0.8217946467873829
409445,38.41184,-121.89197,annual crop,4639,0.9739467870387571
172575,33.65981,-117.08946,annual crop,3852,0.8076048166439587
6132,41.54311,-122.57153,annual crop,877,0
520315,32.72786,-115.37169,annual crop,3635,1.010884832734744
228494,39.80131,-123.24679,annual crop,1063,0.6948135180657667
379491,41.85032,-121.94861,annual crop,1643,1.3026579868647723
71429,36.64262,-121.56099,annual crop,711,0.23224018713053202
200565,37.47204,-120.98881,annual crop,721,0.9944229115020764
13566,38.25194,-122.746,annual crop,1321,1.4355517730118763
6162,36.99316,-121.79592,annual crop,2595,1.0320745854308848
540799,41.6135,-120.40363,annual crop,1414,0.6343037159684464
11784,41.69096,-122.34851,annual crop,3828,1.0387148142957763
499127,41.52802,-122.86807,annual crop,3004,0.6167272063578293
266873,36.3851,-120.02645,annual crop,2105,0.8316111332717323
516223,38.66031,-121.97167,annual crop,387,1.1298644319733373
522160,37.1555,-120.63418,annual crop,5087,0.8357297741099715
338407,37.48386,-121.11319,annual crop,3429,0.9659705404431003
390896,41.81464,-121.41994,annual crop,1251,0.5885988875891472
533836,35.05506,-120.30299,annual crop,4186,0.6913050866370358
64030,35.97188,-120.8716,annual crop,4433,0.528665207974599
120693,35.45509,-119.45379,annual crop,3892,0.8223837573499144
156053,33.55017,-116.03036,annual crop,4317,0.6384406468126528
591524,38.37666,-121.44033,annual crop,4650,0.7040402077564609
362274,38.25524,-122.56784,annual crop,2114,0
257864,39.19564,-121.53113,annual crop,2974,0.3605055942185332
302645,39.54232,-121.82402,annual crop,4510,0.5350905137387008
21195,35.0695,-120.28944,annual crop,114,0.8264504847776206
248187,40.25882,-124.18829,annual crop,4731,0
275316,33.67264,-116.25008,annual crop,4730,0.9227340159943644
289681,35.84718,-119.16683,annual crop,2946,1.7450707854463552
306679,34.98447,-120.46212,annual crop,1838,0.5376996567935044
332772,34.96027,-119.66195,annual crop,283,0.9562711817542131
424957,37.08106,-120.35037,annual crop,2986,0.9882433017449135
45942,40.45666,-124.06091,annual crop,789,1.0072179822265577
150819,32.73393,-114.63028,annual crop,533,1.1087372647419067
518511,36.47822,-119.36815,annual crop,995,1.1527601704983708
482013,38.65317,-122.02723,annual crop,2473,0.8920212073417342
502257,36.87154,-121.77552,annual crop,2522,0.8861870020528632
545744,36.86206,-121.78154,annual crop,342,0.592071446863029
426585,38.25437,-121.27564,annual crop,3337,0.765184284919386
528766,36.01546,-119.37103,annual crop,996,0.6372713153220916
152780,36.44385,-119.70607,annual crop,4814,0.9096932314202572
137575,37.18421,-120.98728,annual crop,2834,0.7059306033826578
217688,41.08239,-121.39135,annual crop,4566,0.6358477614874114
43039,34.88386,-120.35063,annual crop,1151,0.6597361311610067
494334,38.28904,-122.90827,annual crop,3461,1.297781176353204
380545,37.46631,-120.84559,annual crop,3697,0.851935350772567
78231,37.92553,-121.41792,annual crop,2738,0
34461,37.41632,-120.60273,annual crop,4545,0.7021289141378743
300361,39.57798,-122.0533,annual crop,4338,0.573282634899664
200891,34.25129,-118.84959,annual crop,4116,0
591695,36.85749,-121.47405,annual crop,2620,0.8571478992905497
507566,37.48841,-120.9908,annual crop,4240,0.5634011405697039
290641,38.83396,-121.51075,annual crop,2674,1.5372744856612446
431928,41.87041,-121.79682,annual crop,5148,0.8232045391033649
432685,37.18318,-120.97332,annual crop,4247,0.7346219888391561
338484,39.54247,-122.24689,annual crop,3079,1.3369593805851474
318159,41.84332,-121.55684,annual crop,450,0.8801739458627558
110348,36.79443,-120.78099,annual crop,3587,1.176911828963313
266602,36.81059,-119.5246,annual crop,4437,1.1718108884983485
592527,41.05169,-121.34462,annual crop,3142,0.878051908962896
259873,38.18343,-121.57348,annual crop,1146,1.2015587825798595
378822,41.62361,-122.78037,annual crop,833,0
316848,41.6236,-122.76774,annual crop,70,1.415808684891943
6470,36.13668,-121.05574,annual crop,2708,0.41473212431693146
573257,33.55526,-116.18055,annual crop,4419,0.6778079526069193
81144,38.98699,-121.85059,annual crop,1506,0.6616124165663428
533098,35.25788,-119.04564,annual crop,5089,0
32181,36.84214,-121.51538,annual crop,3730,0.5788569425600323
431443,41.45306,-122.43383,annual crop,3281,0.6183078450417386
412492,36.8003,-119.64045,annual crop,3086,0
589306,38.79705,-121.79594,annual crop,258,1.0349974202545267
285571,38.333,-121.81064,annual crop,5078,0.7806215526837155
458736,39.62181,-121.94686,annual crop,5133,1.2021365460865068
206813,36.40944,-119.67553,annual crop,3626,1.1377835587230558
571086,37.32686,-120.37209,annual crop,4664,0.6698700886473594
369731,34.95863,-114.6671,annual crop,776,0
564296,34.30785,-119.1044,annual crop,2993,0.9426779200475642
101202,38.52914,-121.89156,annual crop,3098,1.2032099392931448
254616,32.78954,-115.40854,annual crop,2193,0
316246,37.28634,-120.75094,annual crop,3677,0.5032164668244246
345268,35.87876,-119.5689,annual crop,1093,0.6907416905784569
236669,38.49169,-122.6656,annual crop,4972,1.8608078127844683
225715,36.70473,-121.58332,annual crop,1133,0.8888071494524131
444305,35.43091,-119.51116,annual crop,177,0.961204113890227
379095,37.04018,-120.63788,annual crop,699,0.9492618623558274
212134,37.28194,-122.37372,annual crop,4072,0.8070602219226088
132087,36.32272,-119.5413,annual crop,1627,0.759837744281769
141794,37.59057,-120.57822,annual crop,2338,1.0245687175849365
490028,38.21494,-121.13061,annual crop,3100,0.6323200033707865
118876,36.2719,-119.27527,annual crop,123,1.2028685959731107
317106,41.16747,-121.0264,annual crop,4585,0.8121992008670267
56947,38.15597,-122.42469,annual crop,388,1.223159906061078
65378,32.84544,-115.37589,annual crop,4913,0.7677045652334175
6626,35.52287,-119.26072,annual crop,2656,0.9970589097227057
592692,35.88572,-120.03272,annual crop,2644,0.06187909945890526
363694,37.41372,-118.58492,annual crop,4426,0.8259029614623637
112268,38.26301,-121.42222,annual crop,1382,1.0512161447610409
284573,36.74025,-120.58903,annual crop,1101,1.0976400733649645
363955,40.35914,-120.43077,annual crop,1956,1.0837794201553446
438862,38.57882,-121.86487,annual crop,1318,1.381146708271753
557092,40.86246,-121.54755,annual crop,1610,0
517963,37.04657,-120.58519,annual crop,5042,1.1563220222670545
460435,34.78122,-120.15663,annual crop,1458,0.957218028574767
143993,37.49824,-120.97886,annual crop,1742,0.9192629484779972
494540,33.13847,-115.56386,annual crop,13,0.7661910729168336
297806,37.2472,-122.36684,annual crop,1936,1.3574330871250264
399955,38.3875,-122.79887,annual crop,3649,0
148642,36.4556,-119.32601,annual crop,3385,1.2904491535269362
377241,36.68016,-121.71545,annual crop,4793,0.38217606383160796
6712,37.18228,-121.71121,annual crop,1587,0.9919840690397477
387791,36.97829,-121.49401,annual crop,4810,1.0976960171156798
208361,39.51532,-121.71504,annual crop,396,0.41560272219932304
542530,38.57711,-121.86175,annual crop,2734,0.6448292079644723
33000,36.1765,-120.33247,annual crop,2154,1.4034702328903637
430563,37.76201,-121.48384,annual crop,24,0.6281648761564792
340156,37.89013,-121.49238,annual crop,325,1.0266610896169512
274544,36.45465,-121.36547,annual crop,3465,0.4569839060850948
162981,36.87682,-121.38556,annual crop,2865,0.5183429771831236
401486,37.86541,-121.63002,annual crop,5110,1.1976992813339629
577257,36.67244,-121.72447,annual crop,3441,0.4071958251649411
552282,40.51639,-124.02564,annual crop,4779,1.2047998447787618
426100,36.39771,-119.31516,annual crop,971,0.7074179675934993
420607,37.18394,-121.70861,annual crop,3984,0
238731,35.87944,-119.4863,annual crop,583,0
444485,41.82441,-122.02069,annual crop,2276,0
39466,39.60584,-121.88104,annual crop,2563,0.7332586964689449
313847,37.4626,-120.72515,annual crop,229,1.1392190999585317
151706,36.53504,-121.44136,annual crop,2067,0.5789921928795975
467740,37.60632,-121.05135,annual crop,308,0.9283165925356732
168705,39.47169,-121.86722,annual crop,4473,0.8338020449053739
140534,34.8821,-120.3876,annual crop,5144,0.6028577877870607
131282,34.89727,-120.34147,annual crop,4283,0.8154149212271891
320741,36.19766,-119.38615,annual crop,3651,1.0009496383107572
299075,37.18243,-121.03997,annual crop,3597,1.2107306850178636
129038,36.40444,-120.32338,annual crop,2565,0.8308405061503943
385097,35.22865,-118.96315,annual crop,38,1.1850028635220016
404941,38.75463,-121.75238,annual crop,575,0.9798310762306162
113672,33.38026,-114.71863,annual crop,4953,1.0584847546054852
34017,41.06757,-121.35319,annual crop,4246,0.8110060622604613
343028,38.39139,-121.208,annual crop,2515,0.5891643377056996
382314,37.72959,-120.91174,annual crop,1227,0.4798073150766571
116157,37.78556,-120.87525,annual crop,2449,0.7207952865204846
155108,39.83765,-122.09684,annual crop,1001,0.41011407038621417
201981,36.42475,-120.29506,annual crop,4612,0
74970,35.12524,-119.13072,annual crop,3077,0.5783799487010018
547904,39.27552,-123.10136,annual crop,640,0.8114039512525965
449105,35.46736,-119.33915,annual crop,3657,1.1878840026286865
344692,36.22791,-119.23509,annual crop,1581,0.866736091007031
51574,35.98789,-120.78623,annual crop,4292,0.8189092223479293
9408,35.82237,-119.46897,annual crop,3417,1.0717133448817775
6948,35.33244,-119.16832,annual crop,4431,1.3082612370533988
266422,36.90231,-120.58332,annual crop,1591,0
213839,36.69983,-119.37786,annual crop,4776,1.2052390620401492
83472,41.455,-120.59387,annual crop,456,1.2018345800101997
585578,38.07042,-121.70607,annual crop,507,0.6334716913963773
163479,39.96181,-120.07446,annual crop,1635,0.5287459253143564
507156,38.4544,-121.75363,annual crop,4513,1.0184669583569745
508487,38.79491,-121.76068,annual crop,774,0.6597214645941432
211750,36.78479,-121.74225,annual crop,1686,0.8039480019165546
266954,40.42137,-123.93159,annual crop,4587,0
124244,33.54537,-116.05049,annual crop,3151,1.5800372466387889
530434,33.26644,-117.24257,annual crop,2749,0
519166,35.59967,-119.39262,annual crop,935,1.0002210547987251
503014,36.6869,-121.56545,annual crop,4252,0.8422474775066
545222,36.7231,-121.60378,annual crop,528,0.7578244716347455
279227,32.73865,-114.63889,annual crop,3486,1.0940533704392466
232231,34.17756,-119.0731,annual crop,966,1.0292481929459127
445277,36.78636,-121.68035,annual crop,1986,0.9751725609016235
192900,37.43792,-120.86043,annual crop,799,0.4340107203500983
56755,37.96519,-121.61001,annual crop,307,0.9541273347918269
250243,35.9038,-119.57807,annual crop,2793,0.6304461477432163
356932,34.93281,-120.39832,annual crop,554,0.43932608005474566
508122,37.26811,-120.42142,annual crop,3568,0.7248074264749221
533884,35.88864,-119.39939,annual crop,1699,0.9217494119190998
418137,36.94173,-120.30044,annual crop,3083,0.6991408646770159
534139,36.7265,-121.61028,annual crop,2351,0.9091178999778061
45021,37.10576,-120.78771,annual crop,3993,0.9427031810637441
343159,36.8555,-121.33382,annual crop,3935,0.9441529889232867
489048,37.20552,-120.34438,annual crop,3792,0.7079903123233313
155103,38.33264,-121.83707,annual crop,2547,0.6482450685256114
279213,39.05788,-121.48886,annual crop,933,0.9234711970684639
307668,36.28704,-119.88596,annual crop,964,1.2948403484421633
64470,38.62027,-122.37181,annual crop,1342,1.821191709175087
339278,34.94106,-119.65945,annual crop,656,1.0968688350612443
399833,36.6393,-121.67596,annual crop,4168,0.6048220573014605
74972,36.52319,-121.43602,annual crop,3514,0.5338333658154977
335325,34.89828,-120.30397,annual crop,4185,0
591840,36.24771,-119.76162,annual crop,1049,0.8229019243774542
264076,36.08901,-119.39817,annual crop,4257,1.013801692877712
284600,38.48331,-121.77544,annual crop,88,0.7512354636679587
120972,38.89524,-121.81564,annual crop,3176,1.2274999874606527
596055,38.30214,-121.22056,annual crop,379,0.9425920766096599
290465,34.1901,-119.11221,annual crop,3858,0.597691237226019
543731,39.44672,-121.71895,annual crop,587,0.41279796500189814
516345,35.18696,-118.97094,annual crop,5165,0
426602,39.79636,-122.10338,annual crop,4440,0.6789830440639252
69619,41.5272,-120.13512,annual crop,3360,0.8260485440261888
326881,35.96524,-118.99175,annual crop,226,0
28700,41.45573,-122.35556,annual crop,5028,0
165686,38.36452,-121.78888,annual crop,1130,0.967931901458487
79032,37.41568,-120.85567,annual crop,1642,0.42867880462908936
162152,41.45952,-122.84981,annual crop,477,0.7909938025732643
180039,32.71992,-115.63553,annual crop,564,1.1127677258043767
98777,40.37454,-120.56313,annual crop,3785,0.4754218356875488
316114,40.3874,-120.6232,annual crop,689,0.6113638142804809
253199,33.20875,-117.09104,annual crop,3624,0
98938,37.48779,-121.02834,annual crop,522,0.6678677062044162
216657,38.6288,-121.8814,annual crop,2207,0.8868460127438743
113358,37.02365,-120.6471,annual crop,2567,0.55852657600812
354780,38.93476,-121.8839,annual crop,2024,0.10908978982264414
192280,40.42673,-121.88437,annual crop,2796,0
262879,41.89045,-121.42572,annual crop,1946,1.0777228709061537
566100,38.4286,-121.25722,annual crop,2321,0.9441992133926903
13807,38.80793,-122.1761,annual crop,3975,0.9791816128871702
407367,41.94401,-121.45458000000001,annual crop,1444,0.8575521790237205
541710,38.88552,-123.15311,annual crop,2727,1.2779149573239879
130163,38.81764,-121.14811,annual crop,4024,0
7480,35.42865,-119.38321,annual crop,1768,0
445231,36.87143,-120.61907,annual crop,3393,0.924980970416472
564380,36.93626,-121.45718,annual crop,4791,0
49671,40.38183,-120.48873,annual crop,4422,0.9227535762784533
335962,40.3886,-120.63252,annual crop,723,0.695009085010881
242322,38.56298,-121.92263,annual crop,2018,0.7943495357534448
159570,38.14,-121.35189,annual crop,4695,1.2526923605963765
355568,40.3635,-120.53833,annual crop,1900,1.277820571066792
491512,35.49947,-119.3211,annual crop,1712,0
590685,34.18555,-119.14632,annual crop,641,0
365757,32.86724,-115.47999,annual crop,3091,0.8190275469335572
549557,34.9505,-120.39809,annual crop,3183,0.66706193015833
25694,36.17552,-119.40419,annual crop,1894,0.9856526158881211
200159,33.05359,-117.03011,annual crop,1265,1.2571903447069182
581132,38.99799,-121.6956,annual crop,850,0.8966290286898188
41708,36.74357,-121.70013,annual crop,87,0.9100405373954148
512325,36.54007,-119.3518,annual crop,1547,0
139321,41.94944,-120.32181,annual crop,219,1.1473260316752802
139631,41.88339,-121.44882,annual crop,3636,0.6298412330896036
361007,36.16867,-119.52404,annual crop,4331,0.806019975008084
493839,37.96684,-121.68111,annual crop,3404,0.9858176835009098
365709,38.24243,-122.76418,annual crop,1749,1.0085523908397453
44989,36.5044,-119.14164,annual crop,4995,0.8816967053887785
335559,36.26711,-119.48565,annual crop,4042,0.5963341844013361
123698,36.86147,-121.77723,annual crop,2383,0.7737914263702111
7667,40.64377,-124.26755,annual crop,397,1.8494100573394594
591900,36.87048,-121.69712,annual crop,3972,0
229354,37.57813,-121.02269,annual crop,3122,0.7479315734492628
371198,38.11842,-121.62465,annual crop,3414,1.0360024172887137
257426,36.77214,-121.67358,annual crop,859,0.8605489338054931
156097,38.66794,-121.84614,annual crop,2945,0
171185,39.3776,-122.54271,annual crop,4014,1.2179216017948438
303755,40.58245,-124.22012,annual crop,1910,0.5875285436851228
239308,38.3859,-121.72426,annual crop,212,1.0281953751301718
599119,37.28659,-121.00035,annual crop,4083,1.1347988629622265
61571,39.44899,-122.20572,annual crop,3354,0.3083530896870119
247715,37.52918,-120.778,annual crop,3352,1.1249081266547607
494107,37.27183,-120.36335,annual crop,2689,0.7880431023528842
573443,41.84984,-121.52024,annual crop,3222,1.0492448791651787
423746,34.93451,-120.60041,annual crop,1705,0
89952,36.17858,-119.44157,annual crop,2555,0.9256434497176379
600539,39.44893,-122.08072,annual crop,3688,0.29083653424970907
219215,35.31935,-118.78271,annual crop,256,0
390354,40.8986,-120.50598,annual crop,658,0.6881072457679663
128647,35.45313,-119.49439,annual crop,4041,1.2437853341737928
548989,35.21249,-118.87882,annual crop,4592,1.0107454425787363
144644,38.65904,-121.97678,annual crop,5136,0.7767932093631936
133348,35.10977,-119.00579,annual crop,2502,1.1899771712904108
599547,38.15096,-121.60357,annual crop,1550,0
94342,37.31098,-120.80702,annual crop,1084,0.7870136458531894
595288,39.01712,-122.00245,annual crop,3200,0.8291864244799813
327186,37.81173,-120.99119,annual crop,3527,0.6724261123423019
243763,34.70241,-119.33057,annual crop,3859,1.5832555194202886
413501,36.95661,-120.52059,annual crop,3815,0.919665204132679
7879,37.48812,-121.15393,annual crop,4071,1.0792481862635777
382612,33.54745,-114.55739,annual crop,293,0.9159394013430434
326423,36.78483,-121.71038,annual crop,1090,0.7601987527897962
392571,34.76133,-120.41593,annual crop,4584,0.7609557703339676
7908,35.52391,-120.67886,annual crop,1325,0
10727,37.81068,-120.98296,annual crop,1641,0.8877508075685391
341297,39.57775,-122.20189,annual crop,2379,0.5017016721128397
273742,40.11937,-122.1082,annual crop,3246,0.9124820642402042
342208,35.26549,-118.81824,annual crop,3269,0.6152897025335669
524147,33.30415,-116.37899,annual crop,4518,0
377573,38.30083,-121.53386,annual crop,2671,0
560012,37.33123,-120.38094,annual crop,2469,1.0185760981184475
278831,38.87096,-121.94497,annual crop,2388,1.1065298523822125
394194,39.90765,-122.11587,annual crop,3712,0.4374202887573
501521,37.65003,-121.07041,annual crop,2596,1.0908798827006485
582334,35.56516,-120.75018,annual crop,470,1.191532209061584
15791,40.67038,-124.26181,annual crop,3752,0.6884792896253652
331304,39.12293,-121.46472,annual crop,4094,0.49753061382118563
486268,39.77935,-123.19267,annual crop,1807,0.8203568588789404
8058,37.37023,-121.00591,annual crop,3531,0.6560618413019887
551590,36.16862,-120.11641,annual crop,3809,1.083460731753959
499840,38.62868,-121.55397,annual crop,1206,1.3116398216975491
557292,38.72354,-122.1567,annual crop,3057,1.3657119388462164
110445,38.40954,-121.51298,annual crop,2942,0.6125223284971678
577389,37.47281,-121.03699,annual crop,1438,1.2124424605786295
348173,36.19367,-121.05864,annual crop,940,0.514028996376794
576235,38.7679,-121.99796,annual crop,662,1.4447298012949021
578976,37.25481,-121.05701,annual crop,3994,0
278056,36.20313,-119.41685,annual crop,686,0.9537090555150445
69318,36.22411,-119.54482,annual crop,3617,1.3865332191546447
247547,37.05922,-120.78303,annual crop,3947,1.008148967023767
504685,37.54083,-120.52158,annual crop,1095,0.7697354580353275
468005,34.91812,-120.52802,annual crop,4238,0.6155245225385098
547347,38.63854,-121.94712,annual crop,3090,0.9299804227177886
89200,32.69144,-115.30494,annual crop,834,1.1916105812304232
154547,32.87965,-115.65834,annual crop,3473,1.2972257691375404
137652,40.55561,-120.61914,annual crop,2885,0.41375499068445987
451402,38.34358,-121.68773,annual crop,3198,0.8308164837176126
229231,37.19475,-120.48349,annual crop,2521,0.8761902930057627
547301,38.37069,-121.34596,annual crop,3236,1.1171124336959775
141966,37.13512,-120.27193,annual crop,3513,1.1705006472580182
207157,37.23539,-120.3987,annual crop,3711,0.9185885475086647
429177,38.36257,-121.88981,annual crop,3451,0.807228331793898
509188,34.18484,-119.13744,annual crop,4736,0.40373329404308334
103119,40.41537,-122.21979,annual crop,1931,0.5493667864383913
560660,34.20726,-119.23466,annual crop,1252,0
73664,37.16542,-120.81356,annual crop,2935,1.0747125271275397
451241,38.91818,-121.27577,annual crop,2000,0.469482954085783
596222,38.37011,-121.99418,annual crop,3589,1.0921530593803188
510182,36.05724,-119.32639,annual crop,998,1.2394086504387636
360363,36.04224,-119.10577,annual crop,3129,1.2628775488803896
336267,40.38014,-122.21651,annual crop,2967,0.6567334063600857
555961,35.83932,-119.48205,annual crop,4505,1.3373235803895962
293560,33.85886,-117.09386,annual crop,4840,0.9614129721663361
460174,36.43809,-119.419,annual crop,1567,1.1366963794208313
331673,36.59227,-121.59703,annual crop,225,0.6433627873005193
309432,37.76367,-121.44361,annual crop,2054,0.8592826189441891
230081,32.70304,-115.44386,annual crop,4305,0.9987882297280749
534101,36.99831,-120.41126,annual crop,1051,0.83656065867262
224059,37.41305,-120.9932,annual crop,1606,0.9655062857628056
219089,36.8648,-120.4744,annual crop,4638,0.8282943253053842
164021,38.24571,-121.35815,annual crop,2888,0.6207150669641254
571559,36.70798,-119.9598,annual crop,4625,0.9180570772713665
334193,35.01713,-120.579,annual crop,2013,0.8530047536627928
115239,39.25546,-122.17805,annual crop,4028,0.5500659116829528
73560,34.25618,-119.0742,annual crop,3806,0.6617397979672534
252484,34.83912,-118.40759,annual crop,1630,1.0669661874111358
122328,37.46076,-120.82516,annual crop,3339,0.5498050589188025
235347,39.16586,-121.63759,annual crop,3820,0.9380975590758245
193354,39.35449,-122.08692,annual crop,5124,0.21469187839366502
563736,41.48139,-120.64522,annual crop,4514,0.7631538529668656
57088,32.7756,-115.41814,annual crop,1137,1.024644225757501
122861,39.71594,-122.19011,annual crop,3678,0.9243002264593083
105778,33.55242,-114.58445,annual crop,2810,1.1958279940511456
402019,33.79708,-117.37594,annual crop,4347,0.47184417611782464
577189,36.67852,-119.64962,annual crop,4923,1.1223872436587172
557700,39.88155,-122.21961,annual crop,3683,1.5537728880879762
570453,37.68671,-121.15264,annual crop,3501,0.42411564871000723
141203,38.05674,-121.2002,annual crop,1595,0.8257653984631899
265178,35.28299,-118.80134,annual crop,480,0.8901218943048654
197142,38.00192,-121.3934,annual crop,1813,0
18930,41.47342,-120.4081,annual crop,4782,0.5596228194558768
151440,32.74042,-114.66893,annual crop,4178,0.7973024086304727
385283,35.03353,-120.56782,annual crop,4387,0.6466827914337481
10765,37.89658,-121.08465,annual crop,3133,1.3627277322655909
304335,36.71712,-121.75803,annual crop,278,0.5037242229483057
215186,41.65512,-120.2142,annual crop,4910,0.708601897021212
239116,38.24389,-121.73902,annual crop,4324,0.9996357343357593
71788,36.02012,-119.55804,annual crop,2686,0.9034640451614008
40614,37.04828,-120.88511,annual crop,1932,1.1629664493747573
352662,39.71261,-122.23379,annual crop,574,0
342226,34.20258,-119.03088,annual crop,2226,0.5853496369851866
88356,33.55866,-116.14808,annual crop,2363,1.2775075442575015
303237,36.70263,-119.47624,annual crop,151,0.8726109946774071
235281,36.17385,-119.43268,annual crop,1439,0.5730891852394188
118232,36.78234,-121.6783,annual crop,3291,0.5540593107475916
232182,38.81083,-121.79066,annual crop,2710,1.2866026810678937
169269,36.35376,-119.14597,annual crop,3030,0
457319,37.27188,-121.04344,annual crop,357,1.181005017043874
79595,38.21044,-121.19999,annual crop,5143,0.9565677568360964
8701,38.99487,-123.11987,annual crop,4732,1.3816523467764077
344714,34.27371,-119.12045,annual crop,3909,0.8057458072946826
517094,36.63422,-121.608,annual crop,4412,0.3899548321820852
541015,33.20923,-117.17352,annual crop,2021,1.0287012685823993
142606,36.74966,-121.64456,annual crop,1123,1.4512788217955088
195633,41.47292,-122.8335,annual crop,3003,0.7469953946301653
413345,33.46882,-114.74302,annual crop,3041,1.13672257063064
175469,33.0473,-115.36458,annual crop,1277,0.6211476693779608
362505,36.85543,-120.14187,annual crop,1269,1.0944616756218997
381710,40.4582,-122.25786,annual crop,3097,0
584793,38.94635,-122.83934000000001,annual crop,3163,0.7428596233752839
33178,38.84088,-121.8719,annual crop,5157,0.6365249831914468
513221,36.93838,-121.76035,annual crop,4832,0.7347363808000533
493890,37.52665,-121.00012,annual crop,289,0.6967636678250076
146400,38.96868,-121.40443,annual crop,2608,0.5939795941240152
243549,33.43162,-114.64515,annual crop,3769,0
257070,37.77071,-121.39968,annual crop,5103,0.8777254785236037
48694,36.526,-119.53118,annual crop,2291,0
326445,40.55721,-123.22764,annual crop,1383,0.7604033344930456
596345,35.0063,-120.52785,annual crop,3720,0.6380440778273838
410645,36.24602,-119.31103,annual crop,2094,1.3460072455186756
73327,34.14117,-119.10713,annual crop,412,1.1002360564331535
166195,35.3528,-119.38689,annual crop,4059,0.8398602163179567
421678,40.89455,-120.50599,annual crop,4187,0.37282146860565063
8821,36.345,-121.22173,annual crop,3233,0.966405479351052
48413,39.79295,-122.21831,annual crop,3411,0.7762805899078985
119699,39.42676,-122.06193,annual crop,2192,0.4762061940346851
472206,38.30411,-121.75456,annual crop,2364,0.8472485215776591
449664,37.33339,-120.61157,annual crop,3204,1.147226504579785
406970,38.92015,-121.19358,annual crop,979,0.6924651397776875
218735,35.22409,-120.60218,annual crop,862,0
171301,35.21992,-120.60255,annual crop,3324,0
388626,38.62427,-121.74207,annual crop,4174,0.9095898310885289
219814,36.55084,-121.5214,annual crop,4773,0.45411063635989324
397384,39.79843,-123.22743,annual crop,3663,0.6331213541000228
89557,37.74332,-121.2784,annual crop,486,1.2758391630801378
511796,41.16568,-121.01651,annual crop,4133,0.5443709302706528
594591,37.16914,-120.7718,annual crop,2435,0.9322866082141712
199721,34.74045,-120.17692,annual crop,12,0.8870557410664497
261085,34.80722,-120.43176,annual crop,3347,1.4330107550920042
212122,40.93897,-120.5402,annual crop,4328,0
500614,36.45028,-119.87686,annual crop,4402,0.7770908308736443
86753,38.38887,-121.93108,annual crop,125,0.9099325498463798
148609,38.27906,-121.51423,annual crop,2581,0.8681344721330176
394216,39.5244,-121.66315,annual crop,4999,1.0117155104983844
92846,36.73699,-121.69031,annual crop,4312,0.2810213810180373
519058,36.3903,-119.53531,annual crop,3113,0.9688616094626844
560970,40.3455,-120.41921,annual crop,2960,0
147805,35.21043,-119.01852,annual crop,2344,1.0289083718734902
97319,36.64943,-121.71422,annual crop,2171,0.4486882351647192
89296,33.67127,-114.53808,annual crop,639,1.0487360366361538
427738,36.65751,-121.55274,annual crop,1692,0.8371130907451297
124594,32.76522,-115.59244,annual crop,167,0.710729825515221
340414,40.61458,-124.26358,annual crop,3755,0.783076500934869
459914,38.03146,-121.4293,annual crop,1772,0.7059307726576005
320380,36.88785,-121.75053,annual crop,1179,0.44109742611186575
153342,37.16495,-120.81684,annual crop,4820,1.0840953878877617
586073,38.37745,-121.29837,annual crop,2539,0
125118,38.1519,-122.7035,annual crop,2936,1.5229127742300053
596758,38.14766,-121.15249,annual crop,176,0.7515039077364982
552465,36.91804,-121.70332,annual crop,5038,0.5225619015912404
349656,39.38841,-121.8171,annual crop,3341,0.41318394775895706
416822,38.63464,-121.73894,annual crop,2326,0.7726152967081448
421404,39.78913,-122.15397,annual crop,2830,0.7811737348522745
587534,36.0829,-120.09717,annual crop,462,0
139077,35.65528,-120.44498,annual crop,1498,0.6817268932051264
526331,41.10946,-120.92998,annual crop,466,0.7571207322133181
170842,36.71803,-119.66026,annual crop,4384,1.4009517532433435
548267,33.99449,-117.57093,annual crop,3533,0.8589470898839244
395439,33.59117,-114.54981,annual crop,4471,1.5310435025015858
266765,37.73105,-121.22785,annual crop,4763,0
9330,38.91488,-123.30027,annual crop,422,0.6525632540842532
396370,39.62745,-123.46007,annual crop,1491,0.5385996489155805
256692,34.94487,-120.51934,annual crop,3821,0.5797207867638501
23315,32.76251,-115.30056,annual crop,586,0.9982178096263788
326260,36.23,-119.722,annual crop,4065,0
512557,40.55101,-120.60099,annual crop,3528,0.6928281221651728
533904,37.62594,-120.54104,annual crop,3088,0
246703,39.38977,-122.03452,annual crop,896,0.48480657818075035
216387,36.45835,-119.55388,annual crop,3184,0
132474,33.56465,-116.16517,annual crop,2957,1.1747848695274965
286847,37.02375,-120.6695,annual crop,2925,1.3908383111737765
568841,36.65676,-121.57832,annual crop,3138,0.337703332594154
472804,36.59566,-121.46985,annual crop,421,0.5093272252888685
588042,32.83715,-115.29982,annual crop,4194,1.4313443282669076
176719,37.37703,-120.92591,annual crop,4805,1.1191833180422808
490506,36.92463,-121.38675,annual crop,1664,1.0485364624034936
516165,38.89591,-121.23568,annual crop,3813,1.065321647898596
360616,38.05993,-121.44314,annual crop,2357,1.3205172693550042
43958,37.11847,-120.85446,annual crop,1077,0.7748544920653299
51044,37.31839,-120.61801,annual crop,4775,0
24390,36.92285,-121.3877,annual crop,3623,0.8823005224664846
198861,39.41856,-122.27236,annual crop,5027,1.150290420564514
416519,36.02318,-119.66568,annual crop,1482,0.657383852072179
364437,33.51818,-117.58181,annual crop,1857,0.8963850755325186
275409,36.97166,-120.84696,annual crop,3693,1.187293856544542
360355,37.33794,-120.44768,annual crop,4377,0.8300357663736393
429050,41.55918,-122.88365,annual crop,1297,0.9141004735259846
216465,36.72824,-121.72705,annual crop,750,0.42740256819936345
219755,38.31121,-121.07481,annual crop,608,0.6950383944744493
531736,34.13592,-119.1499,annual crop,2048,1.3129122352835574
486759,40.15621,-122.34159,annual crop,1132,1.2136263941421057
514629,39.46345,-123.33561,annual crop,1639,0.6377420959099882
228896,40.97196,-120.58955,annual crop,3388,1.3135037506014178
428742,36.70782,-119.95705,annual crop,4117,0.6261155379379835
161692,36.53552,-119.7175,annual crop,249,0.604761931392635
368413,36.99005,-120.59189,annual crop,1783,0.8417882803315276
237397,39.01958,-121.52674,annual crop,3457,0.6742411695525529
302893,38.24431,-121.57072,annual crop,2626,1.1627557357673315
520427,39.4486,-121.53454,annual crop,4542,0.7821365632211309
324469,40.58927,-124.3103,annual crop,3860,0.7382286881541061
86493,37.4428,-120.91186,annual crop,580,1.1143566058291208
293926,37.84976,-120.89212,annual crop,1407,1.0925094911951654
246983,34.8874,-120.50243,annual crop,1121,1.1478446550621897
118992,36.63575,-121.53184,annual crop,2099,0.22135678083113985
359920,32.77186,-115.45585,annual crop,4858,0.819212097889675
489979,36.21319,-119.64834,annual crop,3968,1.025637172383544
599755,35.71503,-119.1635,annual crop,1055,1.3735262771399583
107594,39.13161,-121.77086,annual crop,2599,0.7434520405385586
378678,38.1105,-121.12473,annual crop,1785,0.7585895388378053
194466,37.92764,-121.66704,annual crop,2872,1.1086202105701917
440667,39.09531,-121.86119,annual crop,2679,0.928039606856913
160836,40.60805,-124.22837,annual crop,5039,0.6759383069526265
491230,36.74525,-119.50254,annual crop,4424,0
253447,35.40766,-119.35424,annual crop,4532,0.973395627424051
81759,41.56209,-122.86197,annual crop,841,1.5845960607206244
370931,41.46115,-120.4602,annual crop,3878,0.7482567860438164
9713,34.59254,-120.41052,annual crop,3690,1.5186412241470055
124464,38.73435,-121.76801,annual crop,1973,0.9052547724551858
212522,33.07763,-115.55783,annual crop,4319,0
9736,38.45593,-122.83144,annual crop,3002,0
187447,37.10718,-121.61167,annual crop,2862,0.8807358464049577
382366,38.2453,-121.31975,annual crop,1832,0
162701,35.18664,-120.57989,annual crop,3596,0.955317363689719
327485,41.55615,-120.05708,annual crop,1201,0.9944644893935642
450332,39.81612,-123.23049,annual crop,428,0.6641488970371203
290135,38.26978,-122.77128,annual crop,3119,0.7376988220507377
385103,39.82612,-123.23278,annual crop,446,1.1948702136161888
299516,39.76881,-123.24298,annual crop,594,0.5413943364233486
272885,33.64137,-114.5956,annual crop,2562,1.3240024454465908
277604,37.09649,-120.62328,annual crop,4915,0.8189262597264468
405111,38.73352,-121.62756,annual crop,4502,0.9425301185764097
542592,41.62806,-122.88352,annual crop,2306,0.8373586997321419
557270,35.13817,-118.90179,annual crop,2086,0.8050714837379278
240300,38.96018,-121.65714,annual crop,3221,0.8152454661584897
471683,39.11171,-122.81642,annual crop,1069,0.840263177717292
396936,39.14396,-121.80937,annual crop,245,0.7449253978299114
56709,36.47843,-121.40331,annual crop,380,0.5211596904402603
94550,40.12782,-123.40265,annual crop,3634,1.0891777070310409
377910,40.94351,-123.62011,annual crop,867,0
468145,38.30416,-121.24214,annual crop,406,0.9979314287233123
9875,33.61104,-116.14439,annual crop,4792,0.8221107862899975
295630,37.33607,-120.77513,annual crop,4420,0.7408029475988422
67527,37.34113,-120.65251,annual crop,3191,0.5059573463848925
206512,33.71112,-117.05946,annual crop,4284,1.0281825169143544
568202,33.61913,-114.63349,annual crop,3190,1.3488783339449046
274845,36.49194,-119.69328,annual crop,1715,0.8894412069762496
322470,41.50526,-120.51824,annual crop,66,1.2062878008888969
508733,36.37544,-120.01744,annual crop,4952,0
340097,37.88001,-121.43291,annual crop,5162,1.1496834926037462
54471,41.69081,-122.37498,annual crop,3691,0
552326,33.62211,-116.14007,annual crop,150,0
412151,37.42978,-120.5749,annual crop,1030,1.5883854914628255
122396,33.20768,-116.97526,annual crop,4914,0.8660265557480569
556153,36.43479,-120.19933,annual crop,10,0.7813520587804388
554478,35.4139,-120.61044,annual crop,764,1.3448996284711359
79185,35.51015,-120.52811,annual crop,3345,1.0062821095182455
117813,33.01188,-115.34094,annual crop,316,1.0238322720178654
314050,36.78763,-121.69388,annual crop,3923,0.8519499552807868
289128,41.44555,-120.1317,annual crop,1562,1.4071915633482148
130001,36.93102,-121.75624,annual crop,1638,0.866224119762967
541193,37.78693,-120.77978,annual crop,769,0
426186,37.93879,-121.63085,annual crop,4048,0.9870567156758245
409596,38.34252,-122.72541,annual crop,3686,1.0290692481594876
286035,39.52204,-122.32738,annual crop,3714,0
593818,34.20387,-119.22709,annual crop,2806,0.720534995000825
483336,39.07527,-121.77786,annual crop,1666,0.9787064528689907
150917,38.89464,-121.82748,annual crop,3571,1.133831651288021
521204,39.16639,-122.98011,annual crop,28,0
184167,37.84307,-120.99693,annual crop,1114,0.7598483099276419
469316,36.2988,-119.28489,annual crop,4640,1.1734393089721848
317296,36.74374,-121.75423,annual crop,2975,0.5337914961082406
141908,36.83491,-121.66608,annual crop,3170,0
410951,36.85893,-121.5228,annual crop,3333,0.6464428011573351
454866,33.60811,-114.61984,annual crop,2616,0.8527733634775668
290827,37.38854,-120.94352,annual crop,2011,0.8812440082686402
105406,38.58503,-121.78745,annual crop,4302,1.2853567651630033
516700,37.60647,-120.73995,annual crop,2270,0.8854773108310623
447985,37.70845,-120.94607,annual crop,2728,0.9404275057159677
177596,41.49816,-122.51618,annual crop,3537,0.8767090997750541
305576,33.82838,-117.34545,annual crop,1147,1.1363563441774274
187753,39.3491,-121.80153,annual crop,1135,0.6072307328593618
211890,38.25392,-122.77523,annual crop,3875,1.22842043238844
94591,37.56165,-121.10186,annual crop,3870,0.5312390497320562
417338,36.34243,-119.14124,annual crop,1964,0.8348102967615822
10083,38.54309,-121.78939,annual crop,4308,1.0696363410777534
10087,38.54305,-121.78795,annual crop,3601,1.3416567190581643
429181,34.26683,-118.96176,annual crop,4381,0.764958396008901
459870,38.86983,-121.72066,annual crop,664,1.3020331550330837
364650,32.82591,-115.72961,annual crop,482,0.7862326490547907
581414,37.98653,-121.41118,annual crop,505,1.347774657763081
165969,36.71922,-119.38495,annual crop,4445,1.1795001487339967
351784,37.38985,-120.76153,annual crop,4438,1.2251805966409623
568340,37.62059,-120.88865,annual crop,2813,0.6042972530224486
130018,36.8111,-120.4863,annual crop,1437,1.3548153749890468
137341,36.56151,-120.40906,annual crop,4618,1.3938374213968527
158609,39.16528,-121.72168,annual crop,463,0.6673532468525851
406611,37.74548,-120.80974,annual crop,405,1.0983184494471196
529003,38.24227,-122.11671,annual crop,2316,1.2667593543814546
170056,38.42999,-121.51489,annual crop,3766,1.0812497567818333
105869,36.76201,-121.69964,annual crop,5105,1.0884932245956276
569140,32.70588,-115.58248,annual crop,1327,0.748739201168506
535745,34.79537,-120.3427,annual crop,3791,0.9686427071769168
302910,38.89989,-121.22439,annual crop,1219,0
174213,37.69529,-121.47977,annual crop,1220,0
312374,38.94785,-121.20113,annual crop,3973,1.324424338952371
55457,37.44631,-120.743,annual crop,4261,0.6863343665418379
317909,37.37767,-118.4109,annual crop,2186,0.8192126057220079
276720,34.19118,-119.03347,annual crop,2886,0.46897480780488987
84155,35.10714,-119.11743,annual crop,1033,0.8886058596467503
492176,34.99532,-120.48474,annual crop,1427,0.4363134247844033
103788,33.5776,-114.54863,annual crop,320,1.1089232984265804
553382,37.63624,-121.13383,annual crop,4210,1.096018903660189
464430,36.70061,-121.58679,annual crop,2,0.6879682962138712
211813,38.69057,-121.43675,annual crop,411,1.2466978866088558
228368,41.40763,-120.54937,annual crop,3654,0.6645883384140278
386821,41.48843,-120.63825,annual crop,546,0
218225,32.73219,-115.46742,annual crop,532,1.1372693113336458
236540,32.994,-115.43682,annual crop,1396,0.7316677110963926
97734,37.54956,-120.94288,annual crop,3408,0.7859649612824918
216205,37.37771,-120.94368,annual crop,3542,0.7439236905459946
257347,37.87793,-121.42603,annual crop,4570,0
268948,32.93804,-115.53111,annual crop,4341,0.8610532463673454
140481,37.8859,-121.3274,annual crop,901,0
296365,41.82115,-124.17075,annual crop,571,0.7257204963684676
509171,39.07753,-122.01806,annual crop,1161,0.4674725584437586
595795,38.7358,-121.67998,annual crop,2705,1.2196313884481422
343316,37.99301,-121.55639,annual crop,2298,0.93993152602386
272219,38.34039,-121.45284,annual crop,3988,0.8335408949830921
270221,40.90243,-124.11175,annual crop,2212,0.9050279489724844
355318,33.51197,-114.67148,annual crop,3773,0.9998207328734188
88287,34.87471,-120.36187,annual crop,709,1.3535733531732919
361394,36.05675,-119.24359,annual crop,2272,0.6412225462325928
10448,40.63461,-124.22194,annual crop,1136,0.947128749255311
335986,36.90785,-120.744,annual crop,4126,0.883094536643359
462857,33.07424,-115.661,annual crop,577,1.1072834332822021
20531,33.57594,-116.19346,annual crop,3523,0
438725,33.53186,-115.97636,annual crop,1418,1.19678077465332
306238,39.47285,-122.05802,annual crop,4641,0.7358942590424977
426851,41.95863,-121.38925,annual crop,3216,0
118305,37.53095,-120.99305,annual crop,1224,0.8338009729801733
297844,38.2896,-121.34307,annual crop,2297,1.0362773008014208
405322,36.76532,-120.52212,annual crop,217,0.8188448956676243
162862,33.83863,-117.10666,annual crop,4340,0.6958168611468556
94067,37.88553,-121.67884,annual crop,2943,1.1829344365879138
386221,39.37832,-121.97831,annual crop,1901,0.7777505898289697
167338,36.38456,-119.78653,annual crop,1316,0.8458754955102462
523869,39.39951,-121.58431,annual crop,3661,0.7078128372967875
444516,34.20173,-119.00306,annual crop,3725,0.6154850935941643
230084,34.24086,-119.11858,annual crop,3504,0.6662078099886941
158058,39.42364,-122.20917,annual crop,1614,0
334308,33.26869,-117.15505,annual crop,333,0.9089967184496017
538752,37.06511,-120.55369,annual crop,3070,0.795672202585045
158292,34.96542,-120.61137,annual crop,1216,1.0100494907374724
386071,37.71664,-121.0533,annual crop,819,0.6847773376771701
236732,41.73613,-120.5125,annual crop,1081,0
10628,32.79193,-116.67675,annual crop,2602,1.2836082070469887
393090,37.69829,-121.34454,annual crop,3732,1.1876876042414957
221410,33.08805,-115.56081,annual crop,633,0.7807779128765857
329045,39.04155,-123.67608,annual crop,2707,0.9470500210824218
378710,37.19497,-120.73258,annual crop,4348,1.0977934280579615
530931,33.58654,-114.68288,annual crop,1878,0.7707033760008666
561001,41.65596,-120.38703,annual crop,1835,0.5191536374039477
580270,34.9821,-120.56826,annual crop,4140,0.2765656064473176
10670,32.71226,-115.49327,annual crop,1199,0.810503335606432
91223,33.08037,-117.03138,annual crop,4282,1.2209881010913148
160884,39.54579,-121.78384,annual crop,5106,0.4649900727400068
358653,39.5701,-121.8621,annual crop,614,0.5644864540509638
337064,39.51502,-122.14131,annual crop,1415,0.6215905365478906
202953,39.48992,-121.78924,annual crop,2017,0.4119049311963079
240188,38.24468,-121.241,annual crop,2598,0
205244,32.86418,-117.17616,annual crop,4839,1.0581710114237348
59403,34.94167,-120.41119,annual crop,4724,0.6057521053317776
584971,36.73099,-119.45161,annual crop,1808,1.1015292924505213
361908,33.04343,-115.67887,annual crop,2778,1.0861459568038827
112065,34.03312,-118.06609,annual crop,2905,1.632011367672742
518757,41.5019,-122.83397,annual crop,1036,0
552951,39.05459,-121.17939,annual crop,1976,0.4853643322393632
271011,38.08415,-121.68872,annual crop,4082,1.0694483226189597
326961,34.92602,-120.38011,annual crop,1597,0.6513066103566708
266523,41.56985,-122.8636,annual crop,2342,0.7174870467606276
175433,32.73165,-115.56091,annual crop,2195,0
194606,34.95468,-120.54456,annual crop,2666,0.4702998508759759
501776,35.29949,-120.75933,annual crop,3749,1.0248439622519527
19278,38.16795,-121.73028,annual crop,3767,0.8609720437205359
90502,41.02665,-121.3005,annual crop,943,0.865462865584526
151803,36.46181,-119.2393,annual crop,2313,0
347886,37.60524,-121.03275,annual crop,3368,0.9534158922796373
359952,37.81104,-120.92917,annual crop,2533,0.44456696616998326
78698,36.11325,-121.00347,annual crop,4756,0.42684649362470367
38634,37.40151,-120.84244,annual crop,5054,0.8255994265951052
282958,36.65704,-119.7442,annual crop,2073,0.9601255294421093
86270,37.05722,-120.35089,annual crop,1186,0.9335243576712502
277770,34.19599,-119.11773,annual crop,4845,0.6215124341235242
499266,38.92726,-121.62103,annual crop,3724,0.36387897775481504
473834,36.9004,-121.70211,annual crop,4022,0.908347557247866
436758,36.65415,-121.58283,annual crop,3087,0.8457108155346796
56731,36.75179,-121.69438,annual crop,4058,0
503945,37.38848,-121.02352,annual crop,1757,0.756225154938274
272775,36.84979,-121.68575,annual crop,3829,0.7580589728352669
431055,33.71369,-117.03923,annual crop,59,0.9601608910989017
128226,35.16705,-119.0657,annual crop,4901,1.0578628725171677
11057,39.50925,-122.09717,annual crop,3655,1.2312378076683572
107632,36.50308,-119.69744,annual crop,2153,1.0654888388939268
591410,39.33149,-121.59349,annual crop,2266,0.5719149879546509
54475,32.78436,-115.62298,annual crop,3894,1.2007530335317775
117283,36.57281,-121.55644,annual crop,4080,0.49719557716450447
130294,36.91279,-120.65196,annual crop,341,0.6702800628684554
367066,39.72376,-122.19978,annual crop,1410,0.8273218436371671
469646,36.95989,-121.752,annual crop,2718,0.7579751773745419
72760,38.3992,-121.55806,annual crop,3707,1.3831398590215105
93660,38.37779,-121.32784,annual crop,1446,1.3338631262757759
357541,39.55478,-121.67302,annual crop,498,0.7017230200751334
110413,34.91384,-120.41452,annual crop,3761,0.5697195834655209
73539,32.76985,-115.32438,annual crop,3685,0
18027,33.61396,-114.67761,annual crop,5033,0
42062,36.38008,-119.75198,annual crop,4005,0.6585806926314819
147793,32.79455,-114.57661,annual crop,1050,0
57437,32.93478,-115.32448,annual crop,4935,1.280857059841591
11143,38.8792,-122.23422,annual crop,410,0
301162,34.39322,-118.8153,annual crop,3640,1.015273701676753
169976,38.07245,-121.71941,annual crop,4429,1.1376029057585841
457556,39.06231,-122.02106,annual crop,61,0.9947190538708219
506247,40.05125,-122.19619,annual crop,1492,0.8593918063834187
362275,38.46936,-121.85152,annual crop,2255,0.7887128105666988
572539,37.6912,-120.90393,annual crop,2327,0.6909091896682625
11184,41.15133,-121.02529,annual crop,1701,0.8224110978719117
308808,40.32804,-120.31163,annual crop,1070,1.1473424492821567
570924,41.62049,-120.19797,annual crop,2711,0
410188,36.95302,-121.55106,annual crop,3392,0.693860342697541
487898,32.79838,-115.62384,annual crop,1476,0.7295693211051826
357320,33.09177,-115.61699,annual crop,4644,0.9891083702772152
51462,33.28586,-117.1725,annual crop,4484,0.41359790570649807
545627,36.09308,-119.07216,annual crop,2424,0.669236634540051
83310,34.97119,-120.58475,annual crop,4220,0.5371409667960293
11235,34.95147,-120.61226,annual crop,4346,0.8569941865178402
11236,34.62757,-120.18474,annual crop,4593,0.7299309498297446
23895,36.17232,-119.59924,annual crop,4678,1.2076877075346875
391860,38.09028,-121.33609,annual crop,2127,0
155869,34.67903,-118.02779,annual crop,99,1.03775701988816
578846,37.06322,-120.58919,annual crop,4179,0.6841158255144926
137807,37.85764,-121.39593,annual crop,728,0.9696729896882257
466353,35.10112,-118.9421,annual crop,2308,0.9035877285524412
255138,39.00593,-121.6514,annual crop,2513,0
435450,36.40527,-119.60009,annual crop,3574,0.9088852056429585
435576,40.06718,-122.19508,annual crop,4726,0.6376589857132541
284548,39.08014,-122.94663,annual crop,1270,1.046220251737935
472547,34.62627,-120.24228,annual crop,3536,1.2234332625022681
497080,39.11401,-121.90144,annual crop,4865,0
348373,36.76095,-120.20266,annual crop,1834,0
389432,36.84252,-120.50739,annual crop,3382,0.7542979546720793
130402,40.36515,-122.42293,annual crop,1445,0.7525130440731314
185142,37.58643,-120.75441,annual crop,2389,0.8286705922135157
311424,36.85023,-121.49673,annual crop,5035,1.0623302026441972
508191,36.9293,-121.44837,annual crop,2956,0.5097693561897614
276099,36.66513,-119.8754,annual crop,2552,0.9976672059401197
201603,38.28419,-122.70923,annual crop,1945,1.3158372257142643
306067,33.90318,-117.38844,annual crop,1755,0.5925388626487398
501721,37.78493,-120.74847,annual crop,4469,0.5979490707150968
94077,40.88297,-124.01804,annual crop,437,1.3022002369365004
34170,37.2948,-122.38186,annual crop,3175,0
544949,38.98195,-122.87707,annual crop,3996,1.8027004837795166
115173,34.74818,-120.34878,annual crop,4897,1.0349638924250808
205469,37.15743,-121.0153,annual crop,2055,0.6358788936593303
103636,32.75058,-114.65587,annual crop,983,0.7323947534991324
454438,38.98696,-122.81481,annual crop,661,0.6470578859855985
473188,37.50096,-120.74852,annual crop,2690,1.0869597711193928
368708,38.35243,-121.41631,annual crop,1557,1.0718214006040876
467391,38.09403,-121.54062,annual crop,4621,0.7499023836849472
421888,34.87295,-120.36323,annual crop,558,0
561687,36.07435,-119.0838,annual crop,5000,1.2427543779015384
224608,37.10361,-120.78769,annual crop,771,0
238558,37.6496,-120.87301,annual crop,4531,0.7572260613604601
457103,36.57881,-121.56786,annual crop,4530,0.6671017229137178
11454,36.88616,-121.7812,annual crop,1740,0.11119296425114158
417621,35.28792,-118.86523,annual crop,2628,1.1247587593059687
578617,34.21688,-119.23605,annual crop,4993,0.929036458386348
536010,37.53199,-120.97723,annual crop,4942,0.762486867226102
267609,36.31432,-119.42373,annual crop,2493,0.7352583636456246
368390,38.7485,-122.58021,annual crop,3105,1.1502120195506376
556343,36.92878,-120.67242,annual crop,2785,0
551676,36.75968,-119.69614,annual crop,4616,0
400865,36.10345,-119.63006,annual crop,806,0
534879,38.24344,-122.10884,annual crop,2748,0.8398396489748818
22445,40.58499,-121.93163,annual crop,857,0.6842620916078185
424966,37.6937,-121.25599,annual crop,1766,0.9228809763211236
11599,36.72774,-121.70653,annual crop,3519,0.9738283291273256
11600,36.72665,-121.70791,annual crop,1037,1.0086667701985654
300374,36.79049,-121.76477,annual crop,1406,1.1671901046130997
222657,38.26149,-121.20232,annual crop,3780,0.9896668394006294
587362,34.90783,-120.37525,annual crop,9,0.44977247737613146
191530,38.95198,-121.19832,annual crop,3038,1.2500611924059275
581875,35.27234,-118.94293,annual crop,1276,0
214793,37.8763,-121.35754,annual crop,3220,1.0184824979588392
534229,36.79135,-119.59609,annual crop,4796,0.9258495978325333
568575,36.11043,-119.2748,annual crop,4825,0.46956081989771525
296223,37.16007,-120.32838,annual crop,2682,0.9860351092157178
363369,39.49111,-122.27253,annual crop,786,0
402757,35.33631,-120.39882,annual crop,458,1.0930645007730726
503961,41.75405,-120.4136,annual crop,860,0.6778367585713632
205121,35.52145,-119.19089,annual crop,277,1.5008060390845734
413970,35.95197,-119.05784,annual crop,5120,0.7849705237657201
244403,38.91571,-121.4917,annual crop,1024,0.7589898809265757
424921,39.37267,-121.59776,annual crop,3391,0.569717713052655
227344,35.04743,-120.45997,annual crop,3954,0.9337123420257623
357869,41.6335,-122.49123,annual crop,1241,0
142976,38.94386,-121.96362,annual crop,3733,1.1740891855994253
546696,38.83195,-121.70307,annual crop,1152,0.436655964697652
206373,37.09785,-121.61631,annual crop,2292,0
152781,38.38489,-121.92928,annual crop,80,0.7944428477350023
310761,34.93326,-120.37002,annual crop,812,0.5453761813877689
379773,37.07262,-121.60176,annual crop,5056,1.2607663051121112
281866,41.10688,-121.12561,annual crop,4389,0.8506560663920849
448377,38.42761,-121.72381,annual crop,1959,0.9821009583987281
491782,38.63148,-121.74067,annual crop,1938,0.6838236383969383
311578,36.3604,-119.53327,annual crop,1173,0.7962837453574586
561055,41.51225,-122.84538,annual crop,4718,0.5650655351918785
125551,38.04054,-121.64377,annual crop,1593,0
11931,36.48519,-119.32321,annual crop,1459,1.161323237115584
248828,36.84946,-121.31985,annual crop,3144,0.8783002158063667
418982,36.70379,-121.68056,annual crop,4265,0.5271742213705517
143826,41.56544,-124.0565,annual crop,4665,0
541430,41.62997,-120.17795,annual crop,677,0.9775928383528998
208231,36.1201,-119.75475,annual crop,3059,1.0192452790777804
407313,36.71969,-121.77619,annual crop,447,0.6574096572599273
223523,40.64228,-124.23343,annual crop,5050,0.9327463871029464
481806,41.92005,-121.5601,annual crop,181,0.8352396277498202
493067,35.42739,-120.84284,annual crop,3027,0.6103123132087759
240234,38.22122,-122.53285,annual crop,4491,0
204302,38.09341,-121.53143,annual crop,1400,0
157734,41.80573,-124.15454,annual crop,5088,1.4408046029910448
14334,39.96176,-120.07312,annual crop,4109,0
577032,36.86475,-121.72632,annual crop,495,0.8050711096476291
81657,33.26647,-117.27514,annual crop,3031,0.9208611812561415
204195,33.16752,-115.60149,annual crop,894,0.8030118127171084
397986,40.76298,-121.42168,annual crop,2884,0
231078,37.69349,-121.24466,annual crop,4675,0.9268223180062908
161825,34.58934,-120.5257,annual crop,4884,0
306012,39.01148,-121.4864,annual crop,4489,0.958246242761617
429393,36.35076,-121.27796,annual crop,2087,0.49172397748558466
140167,32.9647,-115.62641,annual crop,4177,0
578993,36.08362,-120.95432,annual crop,4474,0.7862088013411611
572865,38.274,-121.72968,annual crop,4448,0.9756346341527857
236557,33.71002,-117.03911,annual crop,1433,0.7779081964156719
79535,41.84704,-121.54441,annual crop,4692,0
187079,36.75201,-121.63393,annual crop,4316,1.0222462583606058
429134,37.09215,-120.25397,annual crop,1696,1.1345982954823792
87613,35.24692,-119.03214,annual crop,1952,1.080611308589696
164523,34.63799,-120.07583,annual crop,241,0.786133781583326
313488,37.50357,-121.11026,annual crop,668,0.934452013776591
12199,35.23417,-119.03237,annual crop,398,0
158874,41.84083,-120.15912,annual crop,3327,0.5196535891245524
430655,37.34351,-121.0124,annual crop,2062,0.8692673015177448
152259,41.8537,-121.93153,annual crop,1294,1.0712043549659047
12210,34.38382,-118.84429,annual crop,4893,0.7948948593085358
567114,36.00143,-120.17114,annual crop,484,0.6850473101578038
557650,37.73169,-120.7899,annual crop,2546,1.0949476464036993
260142,40.1107,-122.10034,annual crop,137,0.6864860192112157
92025,35.24205,-118.79969,annual crop,3969,0.9504388183175337
342368,40.36744,-120.32499,annual crop,1792,0.9456110936432423
104199,38.7958,-121.4984,annual crop,1463,1.217064712528052
164012,36.99186,-120.57911,annual crop,460,0.9018128377241822
303681,34.70871,-118.00451,annual crop,3703,0.8676864563937599
481226,36.74707,-121.74289,annual crop,5132,0.45245240782405555
49410,33.06391,-117.0372,annual crop,3874,0.44473726862908003
573950,37.72014,-121.01275,annual crop,2314,1.5625465653306037
319697,39.19136,-122.89203,annual crop,3021,1.0806611098005638
311378,36.39568,-119.94576,annual crop,3145,1.0331028280492716
58105,36.10333,-119.07273,annual crop,902,0.9731372430512494
493473,36.62644,-119.62504,annual crop,475,1.3359834960620767
337103,36.60199,-120.25756,annual crop,4388,1.208046289763289
124546,33.72764,-117.02892,annual crop,3808,0.7478368584370523
393124,36.33492,-121.24647,annual crop,4722,0.6261551633105613
337996,39.34819,-121.5968,annual crop,2368,0.8036676053321186
581906,36.02459,-119.80253,annual crop,4107,0.5735979832678856
221295,38.24307,-121.34893,annual crop,3583,0.48895048532341284
510011,37.1379,-120.60373,annual crop,2821,1.1215570728937974
313615,38.26939,-122.77868,annual crop,3633,0.9644442082286054
303508,36.69011,-121.74941,annual crop,103,0.5286185193261457
426964,35.31987,-118.88972,annual crop,2398,0
573648,36.48832,-119.37733,annual crop,2162,0.7710180194642485
152870,38.22637,-121.66313,annual crop,174,1.1691071093578016
20071,41.06974,-121.09472,annual crop,1605,0.9130330184055692
18046,36.14927,-119.79393,annual crop,4449,0
294460,38.64689,-121.60011,annual crop,3855,0
206167,38.78166,-119.81687,annual crop,675,0.9687040788530412
316290,33.39175,-117.15201,annual crop,2757,1.0114795101477885
198854,36.34174,-121.32083,annual crop,1088,0.8064896056419084
277833,32.96468,-115.63912,annual crop,4681,1.031188302258906
256965,38.37813,-121.53784,annual crop,5082,1.105561137851476
134329,36.66555,-121.69744,annual crop,1538,0.6842520038310115
217905,37.01893,-120.83855,annual crop,1833,0
454799,41.57601,-122.87343,annual crop,3861,0
376227,35.60196,-120.62989,annual crop,3289,0.7492807421212074
227977,37.83438,-120.94436,annual crop,1246,0.354848855196546
257716,38.2021,-121.26704,annual crop,2356,1.081337940269151
131441,32.98771,-115.38511,annual crop,2325,0.78633305583533
457605,34.61223,-120.36201,annual crop,2871,0.8848398360930745
97874,38.85017,-121.88951,annual crop,4879,0.5530217527494419
499385,41.84503,-121.54151,annual crop,4684,0
136018,40.56929,-124.20414,annual crop,1031,0.9363381343980594
25006,41.54059,-122.83806,annual crop,1423,0.7104115655508437
397176,34.3961,-118.72144,annual crop,547,0
151218,41.807,-124.17264,annual crop,4691,1.0516868432775879
83384,36.94476,-121.54969,annual crop,4762,0.6051274039883529
416113,33.53194,-114.72478,annual crop,1921,0
12665,41.91133,-124.1527,annual crop,719,1.642641056922544
581386,37.22651,-120.26042,annual crop,2120,1.0895523603637927
157769,40.09444,-122.08862,annual crop,3302,0.9146657620999803
342268,36.35944,-119.82851,annual crop,2209,0
495120,34.66339,-120.42424,annual crop,3089,0.7138694510380207
328585,32.76248,-115.27476,annual crop,3241,1.4185523857604259
123378,35.23992,-118.87386,annual crop,2107,0.8286883721175015
445546,36.42503,-120.28187,annual crop,84,0.9582369346824393
140352,41.49353,-122.49923,annual crop,82,0.7990040346771595
253956,39.75165,-122.35492,annual crop,4385,0
200044,34.89493,-120.31806,annual crop,2931,0.5941481728811212
242991,39.76773,-122.07834,annual crop,4498,1.2555065682247903
399407,38.32055,-121.83493,annual crop,1704,0.49027758500444213
486829,39.77533,-123.2624,annual crop,4975,0.5416973964928248
130881,32.75006,-114.64381,annual crop,921,0.6298964464247161
500648,38.18947,-121.54087,annual crop,204,0.5622185423425766
153190,37.93736,-121.62461,annual crop,1957,0.9026524575958654
123592,37.45796,-120.89468,annual crop,4244,0.9710522820642558
484096,36.31178,-119.76098,annual crop,3777,1.144805266901255
28917,36.63232,-119.31486,annual crop,5091,0.9027043523790309
266273,40.27599,-120.47636,annual crop,1428,0.6152513292344642
556243,41.06622,-121.11085,annual crop,1170,1.1665188361594967
496497,36.54146,-120.38415,annual crop,5023,1.4228463838876098
34921,33.26507,-117.25563,annual crop,1559,0.6977142441175437
92531,34.95893,-120.59718,annual crop,926,1.5088375939567678
397041,32.78506,-114.60857,annual crop,931,1.376542766861496
13116,36.75507,-121.68073,annual crop,570,0.7552495027876538
75460,36.30253,-119.36365,annual crop,4145,0.5709476919940762
227398,38.56021,-121.6744,annual crop,4360,0.7605426703908911
424198,38.56591,-121.65072,annual crop,2091,1.0519167433084693
94877,36.82524,-121.38553,annual crop,218,0.9098192710150504
482965,35.65743,-120.66639,annual crop,4463,1.2177018386982572
256690,34.94412,-120.52252,annual crop,3314,0.45253566431166453
497652,39.32777,-121.54973,annual crop,2716,0
543086,39.80513,-122.10752,annual crop,790,0
100367,38.79338,-121.49193,annual crop,253,0.7626220138624328
507273,37.26293,-120.35966,annual crop,1290,0.7610988085864684
420222,34.26133,-119.17963,annual crop,4153,0.5032186488835803
68336,41.47845,-120.49509,annual crop,1565,1.00007291543429
375808,36.44367,-119.74766,annual crop,3313,0.7230120556470112
165376,32.94526,-115.61774,annual crop,3447,1.0687771704345657
135751,38.60382,-119.48755,annual crop,1748,1.167085983770292
475119,36.03311,-119.18164,annual crop,2253,0.8163027641107149
432953,40.88274,-124.09951,annual crop,468,0.7503720963933287
134786,35.26172,-119.0816,annual crop,3745,0.9146064970676069
582541,37.85833,-121.50892,annual crop,1288,0.9218431201207186
292122,36.16493,-120.17674,annual crop,1804,0.8485826682906644
180879,36.74122,-121.7304,annual crop,257,0.601644020105447
469006,37.37402,-120.74985,annual crop,4654,0.6873327337946357
548194,37.82987,-120.97373,annual crop,4081,0.6552836347349603
381106,36.95068,-121.37166,annual crop,4413,0.6725952351977678
16300,34.90758,-120.40451,annual crop,4869,0.3135465477396926
170250,34.88136,-120.3931,annual crop,4667,0.5785171305822313
117891,41.04252,-121.37738,annual crop,4444,1.1248037394526598
547248,36.29249,-121.1707,annual crop,2156,1.0257032784972013
289786,36.35812,-120.1595,annual crop,1358,0.9308009096445663
165745,36.72885,-119.94697,annual crop,1706,0.8396228234918524
244418,36.34916,-120.02459,annual crop,4453,0.9145932234903583
94049,35.05193,-119.94602,annual crop,330,1.0727930649895698
387687,36.47612,-119.90758,annual crop,1348,0.7068607230183299
135680,41.93306,-124.18021,annual crop,205,1.3144665515695602
97090,38.90876,-121.81386,annual crop,1823,0
30441,37.00649,-120.56178,annual crop,444,1.6823173767573218
548197,36.39837,-119.34315,annual crop,3606,0.7396390056707516
303652,35.25109,-119.01986,annual crop,3326,0.8252656708270404
231707,38.23119,-121.20467,annual crop,3396,0.720099368472176
561739,35.59555,-120.71795,annual crop,1453,1.0840285248236095
511060,37.1175,-121.59693,annual crop,4743,0.7453910431230462
570819,36.67205,-119.45457,annual crop,1322,1.0986491620547383
396700,34.76794,-120.41988,annual crop,1174,0
210288,41.01055,-121.40994,annual crop,4143,0.6342065304013376
543275,33.67711,-114.57517,annual crop,2983,0
520514,32.79444,-115.49311,annual crop,3802,0.6961327336086965
140511,32.99458,-115.67888,annual crop,955,0.9008453073976462
107464,36.86589,-121.67063,annual crop,2340,0.927127991172667
464507,36.92757,-120.58228,annual crop,2646,0
431706,39.28105,-121.55907,annual crop,11,0.5631695845614808
540690,41.50731,-120.90721,annual crop,513,1.002173778939499
270369,39.08859,-121.16074,annual crop,1870,1.3238770000942213
375874,38.09063,-121.56773,annual crop,552,0.5887989753266758
584103,41.53919,-120.46391,annual crop,2039,0.8583996615437347
314364,37.06358,-121.57509,annual crop,2632,1.0356532628577604
27853,32.82752,-115.53145,annual crop,3960,0.7483716738036806
464216,37.42852,-120.59572,annual crop,2900,0.82689650854706
142136,36.78141,-119.59524,annual crop,2268,0.7550322159061409
292641,36.93253,-121.7284,annual crop,2152,0.7813227067788959
256369,37.16776,-120.55773,annual crop,2458,0.9386344020571307
165926,36.22047,-119.16117,annual crop,569,0.8626808235734507
25977,38.34267,-121.76079,annual crop,3483,0.8032419042992149
415035,41.71958,-122.38341,annual crop,2517,1.0501048117900706
141579,36.70335,-119.72456,annual crop,4917,1.020982986851203
13790,38.71219,-121.58504,annual crop,2909,0
378644,33.47137,-117.28158,annual crop,2130,0.8030929824616163
355292,38.48454,-121.73533,annual crop,244,0.8474055396118199
92011,37.46262,-120.89509,annual crop,627,1.15479983102563
145025,37.32906,-121.09782,annual crop,3423,0.9517335294297901
143311,39.18888,-122.89417,annual crop,3467,0.9558877617439746
456884,37.87574,-121.31097,annual crop,2760,0
53251,38.34998,-122.03013,annual crop,1375,0.911702566073999
564474,37.15265,-120.15921,annual crop,1629,0
260705,38.91683,-121.73744,annual crop,1724,0
13838,37.92147,-121.35099,annual crop,4162,0.9645807675685522
241526,36.70617,-121.58313,annual crop,3641,1.273278396033789
232290,38.95213,-123.04667,annual crop,211,0.7719350198224862
13844,36.85048,-121.36806,annual crop,4725,0.8590925704771606
482203,36.15419,-119.93778,annual crop,4226,0.8965607759504417
352724,35.35483,-118.85525,annual crop,2355,1.2885981470826933
350056,41.37061,-122.70932,annual crop,3401,0.8389913061025974
442388,35.07646,-118.87004,annual crop,445,0.3217239950322545
13880,32.88006,-115.68244,annual crop,4325,1.4234988745450308
585561,35.18526,-118.82625,annual crop,4149,1.2585780882795845
371523,37.78263,-120.90587,annual crop,550,0.5317778923860168
418157,33.04325,-115.69701,annual crop,4254,1.027567284626537
239131,37.26375,-120.48246,annual crop,2753,1.120974092881006
219039,38.13983,-121.74169,annual crop,3603,0.8244155214448002
579484,38.38278,-121.37058,annual crop,3397,0.5657561929037103
389929,33.50191,-114.70196,annual crop,5156,0
386637,35.5515,-120.50711,annual crop,3005,1.069635747963577
318302,40.1546,-122.14788,annual crop,170,0.5353206945455856
28059,40.58927,-124.26077,annual crop,4009,0.6412496740457306
110106,37.42919,-120.70798,annual crop,3464,0
543370,37.32479,-120.98996,annual crop,4515,0.7442704808385404
15098,36.17171,-119.83691,annual crop,5090,0.9272232036294709
14001,36.19289,-119.94618,annual crop,1800,1.3039725977767938
483749,37.04585,-120.64932,annual crop,4778,1.0219515752560955
470402,35.58561,-120.68317,annual crop,2609,1.1785992293323657
138636,38.27093,-122.77186,annual crop,2236,0.8260906168098293
19061,36.40942,-121.3498,annual crop,452,0.3815560571393732
257724,32.80186,-114.58757,annual crop,568,0.9538008032440081
307703,37.65669,-121.70294,annual crop,1424,1.2128874986228502
46736,36.12195,-120.1154,annual crop,1440,0.9809998498775847
377693,36.84056,-120.64029,annual crop,836,1.0073154610191093
570807,32.76508,-115.741,annual crop,1299,0.913064605563835
95539,38.34132,-121.76953,annual crop,2784,0.81435064502694
152876,38.8033,-122.17581,annual crop,1665,1.2542832774284065
578562,35.98716,-120.7891,annual crop,504,1.0959148855797862
596831,37.1033,-120.38493,annual crop,3321,0.36894841245414955
283704,36.15008,-119.82377,annual crop,3998,0
223296,38.09394,-121.6149,annual crop,4863,0.9085152951540674
333009,32.94899,-115.45595,annual crop,31,0.9340497873223891
31580,37.37662,-120.80399,annual crop,1378,0
323870,39.16458,-121.19015,annual crop,2853,1.1112366422899735
63744,32.81366,-115.443,annual crop,1311,0.8679939708890806
340699,39.12543,-121.78379,annual crop,3013,0.7500050374625288
518829,39.727,-122.16264,annual crop,2704,1.0598527484004983
72259,36.4321,-121.34701,annual crop,186,0.6413246073640432
124785,37.41487,-120.7727,annual crop,1271,1.155706445935816
368526,38.83498,-121.59719,annual crop,2867,1.0531139119010535
14321,41.03887,-121.37722,annual crop,20,0
20971,38.49328,-121.18531,annual crop,238,1.117910106317881
246119,39.53514,-121.68969,annual crop,2846,0.32557338252061835
434948,40.2448,-124.16639,annual crop,1404,0
557242,39.7749,-122.26031,annual crop,4352,0
120511,36.89274,-121.7267,annual crop,2523,0.6273923332045837
529651,38.98992,-121.11313,annual crop,2882,0.47172904599736765
422083,35.0854,-119.03674,annual crop,76,1.0946495373561729
377625,37.34033,-118.41142,annual crop,4386,0
373100,33.6239,-114.67429,annual crop,4903,1.1113424328261559
430828,37.41616,-120.98072,annual crop,3669,1.1513188207660283
64291,39.55737,-122.1629,annual crop,2029,0.962082348761629
397719,39.05692,-121.53999,annual crop,4016,0.39861666778435834
335467,34.25324,-119.12926,annual crop,1296,1.0752750512464557
482147,41.79216,-122.46353,annual crop,4723,0.7511141243247187
574202,36.71348,-121.77142,annual crop,585,0.31241410091407956
592028,40.58928,-124.26125,annual crop,4833,0.6107023173089894
74633,36.87623,-121.32526,annual crop,3040,1.0599770864693436
594458,37.62281,-120.5493,annual crop,5097,1.4838905205125625
420745,34.93883,-114.66127,annual crop,172,0
556386,37.0864,-121.59157,annual crop,2961,1.1540765306301248
203960,36.9796,-120.49344,annual crop,1500,0
408674,37.92516,-121.44347,annual crop,3053,1.1714836130685427
438782,41.54589,-120.15199,annual crop,2043,0.9104487686878553
447290,36.07365,-120.94227,annual crop,4811,0.8641015032031378
317086,36.45788,-119.92627,annual crop,14,0.5336867380229326
253617,38.36712,-120.9453,annual crop,355,0.7864033922392563
160447,40.35616,-120.33382,annual crop,2353,0.5568745149267331
436605,36.91754,-120.71957,annual crop,1399,0.8665764338739914
233015,33.27634,-117.127,annual crop,763,0.7580028187391421
132003,37.59113,-121.28438,annual crop,48,0
529047,40.32759,-120.41587,annual crop,2409,0
510119,38.69694,-121.84192,annual crop,4251,0.6404300880722211
572997,37.0302,-120.8349,annual crop,4649,0.6618269682846711
116076,36.92846,-121.509,annual crop,185,0.9982734239895761
410994,41.28398,-121.13101,annual crop,1746,0.7798632028519639
589131,36.10092,-120.98923,annual crop,804,0.7166870407342845
416627,37.92527,-121.20651,annual crop,3016,0.9521915315693406
115976,37.64974,-121.20835,annual crop,1726,0.6326129645292087
599850,37.49796,-120.93226,annual crop,404,0.48184255581388574
65122,34.93062,-119.56151,annual crop,2966,0.5212686604962196
14674,36.81872,-121.35896,annual crop,4615,0.7526684457433377
121324,36.50886,-121.47785,annual crop,1496,0.8118508042279018
76193,37.06874,-120.57117,annual crop,2403,1.0581644769358876
292680,37.82577,-121.32167,annual crop,1485,0.7701501841189244
283008,37.48017,-121.08762,annual crop,4602,0.9104096841012236
495492,35.23164,-118.99498,annual crop,1002,0
368865,39.74506,-122.23022,annual crop,3371,0
101038,41.16947,-121.15593,annual crop,1143,0.6431548934067365
30156,41.40381,-120.56921,annual crop,1992,1.0209486389264577
221655,38.09312,-121.19804,annual crop,1379,1.4071323104436229
338662,40.3912,-120.60858,annual crop,3137,0.671866860494719
482775,38.37509,-121.40727,annual crop,3932,0.9196062187793462
308100,39.73179,-122.42547,annual crop,5041,1.0247786198404079
85696,38.16831,-121.8454,annual crop,4709,0.7443960469067918
272764,36.32574,-119.47747,annual crop,865,0.7270873996428616
134905,33.57204,-114.59795,annual crop,17,0.8588870884269291
438053,36.83469,-121.77556,annual crop,2721,0.6962259416625288
119213,37.00103,-121.82634,annual crop,601,0.8648004359747066
503186,36.68004,-119.66272,annual crop,2031,1.3335063851875586
530714,33.48981,-116.13208,annual crop,131,0
173302,37.75684,-120.82475,annual crop,2304,0.9707962792528072
444073,34.89719,-117.13878,annual crop,3295,0.9201802185368559
20786,37.55632,-120.81668,annual crop,621,1.1341719985185486
236386,38.79874,-120.81872,annual crop,4984,0
172665,35.09567,-118.59686,annual crop,4751,0.9809217633049251
14886,36.56196,-119.25221,annual crop,3372,0
14897,34.38081,-118.97588,annual crop,1953,1.2456633443696437
105225,41.55684,-122.5406,annual crop,3849,0.8536270293646802
237084,34.22779,-119.10711,annual crop,3602,0.7176008736636565
218371,38.91609,-121.54844,annual crop,3242,1.1756879702982392
14913,36.2302,-119.71598,annual crop,2641,0.9176853654337489
74791,36.03932,-119.5816,annual crop,2613,0.874538275003017
347011,40.3241,-120.40027,annual crop,4822,0.9085962164734052
392359,36.19297,-119.70411,annual crop,4159,1.0393501859504533
534120,34.208,-119.21918,annual crop,1819,0.5019825860067093
504845,36.17219,-120.15224,annual crop,4685,0.8101500756675101
481056,34.37372,-118.9496,annual crop,3565,1.083101681785076
318797,35.00567,-120.56716,annual crop,4169,0.5514292925895671
230742,40.40157,-122.22677,annual crop,1776,0.658097845829299
562192,37.42477,-121.00595,annual crop,2334,1.2059172476172242
248969,38.33494,-121.43823,annual crop,634,1.019804494242513
127691,33.8035,-117.03135,annual crop,2180,0
59625,41.34441,-120.53603,annual crop,285,0.9730267210773785
34453,36.63458,-119.91002,annual crop,399,0.9985574489762907
227906,41.69774,-122.38171,annual crop,3900,0.610819575367309
518273,39.27668,-121.41083,annual crop,2457,0.8950158028186025
227408,37.87386,-121.03432,annual crop,4124,0.6096726284559205
256485,35.05986,-120.49856,annual crop,2455,0.739106953362237
405347,36.7724,-119.61652,annual crop,992,1.8777508918612922
439997,34.92506,-119.61911,annual crop,1720,0.5859500879240579
45888,38.31844,-121.76583,annual crop,599,0.6913565278970673
234869,33.63776,-114.60897,annual crop,3493,1.0407897398146018
279970,38.28434,-122.64243,annual crop,4745,0.970985771785665
487714,36.90467,-120.4757,annual crop,1085,0.641120117577032
71777,36.5473,-121.41523,annual crop,3206,0
350727,36.26807,-120.04092,annual crop,2416,1.8140253568961793
521421,39.08912,-121.91162,annual crop,5092,1.2441443032047519
570420,39.08741,-121.82497,annual crop,3627,1.3323489731653875
157228,36.1513,-120.09962,annual crop,62,0.8459043494252094
301921,37.39013,-120.64869,annual crop,2678,0.8341401616240197
112726,37.37265,-120.73858,annual crop,3205,1.0506794921250027
80273,41.54042,-122.53423,annual crop,2664,0.9343808061271509
226678,37.79709,-120.81993,annual crop,382,1.0856353351386783
555763,36.95476,-121.48654,annual crop,46,0.4938656346442489
498125,36.33083,-119.86574,annual crop,4552,0.9682984386788759
150884,34.60483,-120.28973,annual crop,704,0.7259942255805167
481824,40.94091,-121.64799,annual crop,3279,0
524704,38.58824,-121.83833,annual crop,1420,0.7676075078121459
550282,38.97455,-122.0344,annual crop,3320,0.7859397769452904
314835,36.96046,-121.52581,annual crop,2378,1.3146477938900651
361191,33.64674,-116.10427,annual crop,2032,0.9724768936935311
15499,37.02377,-120.14611,annual crop,4061,0
402895,37.13985,-120.30048,annual crop,1302,0.8491823703975213
465217,36.33344,-119.44582,annual crop,4460,0.6125997400210937
15544,41.62536,-122.95642,annual crop,842,0.9929389514461117
515447,36.65861,-121.69032,annual crop,1619,0.5860912549616818
267100,35.19946,-118.99002,annual crop,2447,1.4416252543429622
123859,34.41195,-117.03583,annual crop,4988,1.3444604947763183
544396,36.36812,-119.86288,annual crop,3250,1.1991856128217708
78005,33.7297,-117.07205,annual crop,4690,0.7602741844553724
311557,36.38131,-119.83273,annual crop,336,1.4929982611671937
15787,32.81288,-115.50546,annual crop,4231,0.8918820435125141
259574,35.17377,-118.99219,annual crop,4425,1.2687133900545928
493000,34.2293,-119.24031,annual crop,2111,0.8869531585353098
341296,39.57907,-122.20178,annual crop,3244,0.9429501995642886
320930,34.14412,-119.07388,annual crop,1637,1.1561315488235595
534857,37.65411,-120.79806,annual crop,313,1.0643993428054552
207251,36.82184,-121.70794,annual crop,1987,1.3055563081049546
444061,32.75043,-115.54761,annual crop,2919,0.8861972303037935
79852,36.33186,-120.02777,annual crop,565,0.5705689383935775
545879,35.40394,-119.22063,annual crop,2173,0.8919992967583705
472006,38.26906,-122.68655,annual crop,4598,0
325697,33.32078,-115.57632,annual crop,3507,0
36485,32.70646,-115.32626,annual crop,2822,0.882652128246167
383201,36.86035,-121.69209,annual crop,2606,0.6790699414891002
268564,39.16412,-122.10131,annual crop,3110,0.6413129104643285
197866,38.28985,-122.22641,annual crop,3248,1.5400247662206028
42213,38.62405,-121.9476,annual crop,1961,0.9372609951317437
182214,34.89475,-120.52131,annual crop,1391,0.62338550149772
31958,38.26551,-121.24666,annual crop,2172,0.8077571594620235
260003,39.53002,-121.6644,annual crop,81,0.9066868410990276
140086,33.57741,-114.6419,annual crop,4998,0
289138,33.51339,-114.64083,annual crop,4092,1.2496423815354214
457440,37.05691,-120.64236,annual crop,4555,1.0297903649432403
514547,39.5627,-121.98769,annual crop,1795,0.7006994185388138
431881,37.80877,-121.49859,annual crop,2230,0.8968784458016866
355485,38.39621,-121.56335,annual crop,3167,0
16241,41.88372,-121.47195,annual crop,666,0.7600119944481762
16244,41.8885,-121.47057,annual crop,3322,0.7421163113513807
399230,39.7351,-122.18613,annual crop,1929,1.070869165782048
168017,40.61375,-122.23385,annual crop,270,1.2599135907273178
278644,39.76056,-123.22323,annual crop,1162,0.6788669125491151
221611,36.46365,-119.22306,annual crop,201,0.8816983819018243
372187,36.40164,-121.28686,annual crop,969,0.3267561475142288
111437,37.44383,-121.01432,annual crop,3863,0.349249771032478
564405,36.13222,-120.12451,annual crop,5171,0.946162100692402
204493,32.82904,-115.36928,annual crop,282,1.059104821799619
140533,34.88191,-120.38664,annual crop,1516,0.6061964781249792
268280,37.49395,-120.99782,annual crop,2601,0.3350811286711544
192129,36.40192,-119.39938,annual crop,4622,0.759152842744432
246797,37.67605,-120.9096,annual crop,1502,0.7165736080546525
413807,36.95689,-120.3485,annual crop,2014,0.745923190667821
225512,36.22644,-121.09264,annual crop,4978,0.4857064553945542
55396,36.99932,-120.65768,annual crop,1413,1.0390484394452895
16395,39.79571,-122.16563,annual crop,455,0
48687,37.46173,-120.84339,annual crop,3931,0.5691105789180748
518946,40.37045,-122.26827,annual crop,3143,0
80016,40.37334,-122.18541,annual crop,4037,0
556046,39.71719,-120.56497,annual crop,1119,0.668433378378733
493762,40.45515,-122.19548,annual crop,4466,0
72268,37.95522,-120.9548,annual crop,4026,0.9305839990845692
161655,40.36437,-120.46055,annual crop,4269,1.003562591316344
403458,37.07071,-120.90522,annual crop,2057,1.0053107509501984
124751,37.29337,-120.54939,annual crop,2542,0.9654194985179065
561428,37.67037,-121.35715,annual crop,390,0.9344320346764918
176497,38.27162,-122.78273,annual crop,805,1.169451704916581
330950,33.58571,-116.17503,annual crop,2037,0.8271183835829627
282459,38.48376,-121.80266,annual crop,1544,1.0928384064525227
274363,34.36253,-118.99393,annual crop,22,0.7382885718884001
542801,39.21215,-121.46447,annual crop,1644,0
455371,37.85317,-121.55757,annual crop,2286,0.7390627914701535
572201,38.8938,-121.81115,annual crop,2997,0.881601001616746
154977,33.14677,-117.26355,annual crop,1869,1.4284588372316174
570709,36.44755,-120.2886,annual crop,671,0.8480529148862155
97013,37.99696,-121.4632,annual crop,1771,1.2272836770015172
466382,37.67572,-121.32952,annual crop,821,1.1134589728933286
243064,33.47927,-116.10669,annual crop,1682,0.8344955105186886
149017,37.33335,-120.63146,annual crop,1472,0.6832512898642149
16758,33.45397,-114.62742,annual crop,1511,0
280216,32.89286,-115.38891,annual crop,274,0.7559125407638002
86878,38.14039,-121.66992,annual crop,1167,1.360046118780074
291307,38.99783,-121.42506,annual crop,1205,1.292253817946882
401351,39.02185,-121.81239,annual crop,4702,0.9647082048858464
229527,35.1112,-118.61273,annual crop,3399,1.2881274273800474
483937,36.21886,-119.54061,annual crop,4200,0.5929604131866112
277160,36.74053,-121.73563,annual crop,3506,0.6272566598740551
558964,37.87383,-121.28445,annual crop,79,0
134640,35.9302,-118.98804,annual crop,2141,0.9446553869308795
123867,38.48953,-121.71077,annual crop,3889,1.3351599579990743
578597,37.78893,-120.91485,annual crop,2238,0.7120630951054129
58096,35.06457,-118.97463,annual crop,2081,0.7299041960829243
585357,38.04403,-121.53695,annual crop,3218,1.3719931888963954
352748,38.6146,-121.55688,annual crop,109,1.2151178964410936
97048,37.38371,-120.8736,annual crop,393,0.8411792761745863
348509,39.09364,-121.8104,annual crop,4578,1.1100634545018244
92467,39.04311,-121.75934,annual crop,904,0.7244002621729674
359996,33.60417,-116.22539,annual crop,149,0.9387734932093983
437936,36.44312,-121.31455,annual crop,2336,1.0267191632983843
269914,35.53786,-119.45457,annual crop,2980,1.210821363886681
94361,36.69862,-119.80547,annual crop,2441,0
387474,41.04448,-121.44524,annual crop,133,0.8019901660211074
85965,38.85401,-121.91699,annual crop,527,1.2873013851194184
148067,34.38073,-118.96269,annual crop,2978,0
379101,36.74043,-119.57617,annual crop,334,0
72068,37.14073,-120.68601,annual crop,1693,0.9626547397250775
110542,33.591,-114.55305,annual crop,3548,0.8429700934125325
478520,38.27875,-121.23185,annual crop,2203,0.9407305117066292
464256,36.88711,-121.55705,annual crop,2504,0.4693945954494729
109937,36.30371,-119.81814,annual crop,4046,0.9915718034343154
397459,35.02437,-120.58942,annual crop,2145,0.7953132378589288
465163,38.15576,-121.70562,annual crop,2783,1.020739083962879
321372,36.16039,-121.10293,annual crop,3215,0
160049,37.67688,-121.70151,annual crop,366,0.7783970793308033
596400,37.09069,-120.85016,annual crop,1660,0.9077975808224015
44800,34.90403,-116.65952,annual crop,605,0
534868,34.65076,-118.04547,annual crop,3470,0.7050472081127285
526781,36.71361,-121.71151,annual crop,965,0.4107934326622338
17907,37.8117,-121.01371,annual crop,1997,0.7607771448560207
54037,36.47283,-119.90771,annual crop,4443,0.9775104026715693
306483,33.57764,-114.59799,annual crop,4559,0
497796,32.96472,-115.6304,annual crop,3351,1.0484113723790567
354771,38.95134,-121.30713,annual crop,3394,1.2433493647182743
521332,36.8098,-120.22156,annual crop,2022,0.8849615990696925
388465,41.85987,-121.54931,annual crop,2570,1.0658904792182489
516215,40.95381,-120.57013,annual crop,2392,0.7593071434638288
456338,38.8513,-121.39929,annual crop,2770,0.801693660977204
119388,36.53126,-121.45113,annual crop,243,0.385723049109308
324061,37.65509,-121.18762,annual crop,1681,0.9350993059559816
81599,38.16896,-121.49022,annual crop,3961,0.5975336330170027
511784,38.42045,-121.90172,annual crop,271,0.9344389992826565
495688,36.12687,-119.57105,annual crop,3987,0.8724260150113575
182129,38.09158,-122.7269,annual crop,2775,1.1230812389430813
484040,36.09793,-121.03042,annual crop,3374,0.6833202872157542
239007,41.6676,-122.36405,annual crop,2249,0
71016,37.86064,-121.38569,annual crop,4136,1.0942767880701718
63174,35.20203,-119.07017,annual crop,1139,0.7527087451442244
227662,39.94487,-122.04335,annual crop,1402,0.7336714820560855
208280,36.83494,-120.705,annual crop,1398,0.9576620519684832
81770,36.65766,-119.63875,annual crop,3833,0.7859386586553498
113402,41.94147,-121.26627,annual crop,1351,0.8966782648023961
18140,38.84045,-121.55678,annual crop,3927,1.0056784683813444
129689,36.39761,-119.10875,annual crop,2827,1.6230546925206029
18160,36.73474,-119.614,annual crop,2160,0.5727626044664819
94149,38.1485,-121.75161,annual crop,4827,0.6000687045178672
67784,39.10549,-121.92089,annual crop,1495,0.46385090736311724
482667,36.35139,-121.24033,annual crop,121,1.0626591671265826
566041,36.24225,-119.3144,annual crop,2930,1.1461254810197552
364356,36.7982,-120.63127,annual crop,4279,1.2910417890525567
342881,38.27663,-122.10983,annual crop,3510,0.9455182582680709
133478,37.70868,-121.03751,annual crop,1596,0
270979,35.68228,-120.69538,annual crop,3018,0.8046145833757278
308098,34.15829,-119.10725,annual crop,519,0.5481120290335433
18245,39.49489,-121.76109,annual crop,3810,0.9840544540537272
469568,32.76077,-114.57158,annual crop,2726,0
207169,38.0363,-121.53462,annual crop,3956,0
290316,36.42504,-121.38641,annual crop,4565,0.8110277548365963
224478,33.27741,-115.56798,annual crop,2215,0.847189581337919
217420,38.2357,-121.68764,annual crop,1356,1.2462895258755826
536414,38.8582,-121.57848,annual crop,2375,0
508853,36.73063,-121.59955,annual crop,4908,0.39730312345752966
266220,34.70022,-119.3327,annual crop,200,1.0423882622750005
461438,41.63545,-122.82816,annual crop,625,0.7009756022765655
316052,34.89602,-119.6278,annual crop,2610,0
315974,34.76141,-120.41819,annual crop,3174,0.6239728091985806
444263,36.37525,-119.98356,annual crop,553,0.9903769644747393
176038,32.98838,-115.57402,annual crop,1397,1.087954685745355
140257,36.36858,-119.7779,annual crop,3948,0.7602780590700369
18333,38.34072,-121.43764,annual crop,2923,0.9462996492395569
491217,35.9221,-119.56002,annual crop,1680,1.1335141230175576
197394,38.84869,-121.5413,annual crop,2560,0.5652556167160631
562780,37.71958,-121.40448,annual crop,3498,0.6466722990529993
589647,32.69205,-115.4541,annual crop,663,1.5762447982492704
356617,37.31098,-120.8536,annual crop,2526,1.1702900167718706
487715,37.03208,-120.707,annual crop,2672,1.1279403480642267
48866,38.19948,-121.2211,annual crop,2311,0.696013004125352
70470,37.9846,-121.55189,annual crop,368,1.619662493426488
490195,36.44203,-120.27032,annual crop,1247,0.8931643921176362
73746,33.67155,-114.58687,annual crop,517,0.8317202545847864
88384,32.7838,-115.35129,annual crop,4800,1.1913688126082875
338082,38.27937,-121.3771,annual crop,2894,1.0513859855255976
104016,36.7843,-121.69241,annual crop,3964,0.5998450259723869
103406,35.25409,-119.03267,annual crop,3794,0.8959779712300316
508256,37.46231,-121.09085,annual crop,4994,0.9822753871646474
444839,38.9972,-121.7498,annual crop,222,0
63293,40.55913,-124.17524,annual crop,1735,0.816996040045449
567456,36.6881,-121.67344,annual crop,3406,1.7240690468418451
283110,34.91133,-120.56153,annual crop,1305,0.6189500685725918
334900,36.58616,-120.48164,annual crop,1158,0.9070735929938427
70999,38.70723,-122.01244,annual crop,95,0.7553503320186996
298239,39.76139,-123.25044,annual crop,4455,0.7623939382464736
411085,38.88206,-121.56441,annual crop,4968,0.9385404593379795
413815,36.66342,-121.26661,annual crop,1645,0.6508353985069233
103615,35.14176,-120.53655,annual crop,4866,0.6562639593718035
149923,38.97808,-121.3589,annual crop,2124,0.8374280827278187
255863,33.67086,-114.5679,annual crop,3680,1.1540794647647148
58500,38.20859,-121.65168,annual crop,1750,1.3931343747461482
583442,39.35183,-123.10744,annual crop,3210,1.2019393025833662
499599,39.5657,-121.93185,annual crop,4630,0.7731670298934523
477368,35.7764,-115.67917,annual crop,4221,0.9100517263216984
178134,36.85559,-121.67434,annual crop,4842,0
552337,35.32835,-118.82961,annual crop,2140,0.9484619874404281
19000,38.30958,-121.23319,annual crop,2742,1.0569706475477367
413714,36.40336,-120.30892,annual crop,4647,0.7668265531448706
417224,37.96967,-121.59741,annual crop,209,1.0074611470426262
356356,34.61251,-120.23057,annual crop,4801,1.1252985297454328
239134,36.93998,-120.33456,annual crop,2938,0.627084298113643
519491,36.59453,-121.44147,annual crop,5024,1.1342211248339573
282956,34.63864,-120.07292,annual crop,3646,0.6542794448067668
469690,32.88728,-115.38253,annual crop,2262,0.8729403284036003
572229,34.65287,-120.52148,annual crop,4987,0.5650372152739949
283414,35.08677,-118.82533,annual crop,473,0
552631,34.9402,-120.55061,annual crop,691,0.5963848099133974
341799,36.37278,-119.68674,annual crop,1754,0
19208,34.94611,-120.59998,annual crop,4313,0.5045799527310799
356347,34.75287,-120.40463,annual crop,727,0
185528,38.99495,-121.10375,annual crop,3962,0.7611657553888111
43603,36.1441,-119.61685,annual crop,2551,1.5443487434476424
19261,33.56866,-116.2076,annual crop,1319,1.5571843209576184
204008,40.70269,-122.02006,annual crop,351,1.2486240884445003
169398,39.32826,-122.05577,annual crop,4932,0.9226982417057
518947,40.37291,-122.27124,annual crop,929,0
523214,37.60343,-121.13855,annual crop,32,0.9166362359873299
254546,38.84895,-121.10877,annual crop,2575,0.5853700452355051
124224,33.69714,-114.51626,annual crop,4846,1.460678940811396
416307,39.14452,-122.14322,annual crop,3715,0.9952868709160309
217174,39.76147,-123.22323,annual crop,3700,1.192352073150969
344269,34.59343,-120.02503,annual crop,3739,1.057511671922259
255540,40.56876,-124.17944,annual crop,1840,0.7793026399780418
162045,40.87354,-121.1533,annual crop,3420,0.21109138684681464
70625,37.05909,-120.64327,annual crop,1880,1.0672393719718163
246893,37.08459,-120.19901,annual crop,1332,0.99222685484346
342536,34.90701,-120.51159,annual crop,1747,0.6487759985818232
195499,38.16569,-121.66395,annual crop,5011,0.9300818445949772
111174,38.84141,-121.68513,annual crop,1556,0
108554,38.25145,-121.65239,annual crop,778,1.3303717768552727
19465,38.61732,-121.54628,annual crop,3618,1.1327121355269683
454333,33.39242,-117.15922,annual crop,1786,0
236954,34.40893,-119.31191,annual crop,2122,0
156012,35.14623,-118.86312,annual crop,973,1.0713801033674228
251373,38.89715,-121.51264,annual crop,914,0.9336924390489966
532798,34.7748,-120.40694,annual crop,3195,0
228190,37.88007,-121.26331,annual crop,3867,0.8814912783075746
219187,36.98635,-121.77975,annual crop,5007,0.7723389872483866
414472,38.8214,-121.48694,annual crop,416,0.6792301423740642
182679,38.81258,-121.71159,annual crop,4154,0.9720130696148258
173660,37.3662,-120.58495,annual crop,324,0.6582417337451024
336172,36.43532,-119.81527,annual crop,4458,1.1968753072479055
573630,38.38221,-121.59928,annual crop,1960,1.2866106773300916
170804,41.70976,-122.56131,annual crop,8,0.4867660571496094
19609,36.95575,-121.37123,annual crop,4693,1.0017068189574356
431500,38.80153,-122.18272,annual crop,4971,0
62554,37.96524,-121.48737,annual crop,4860,1.1781708455290771
319958,33.55021,-116.02825,annual crop,3481,0.6619429766925153
389994,34.26848,-118.92816,annual crop,1346,0.8636057308477947
192841,37.01014,-120.82271,annual crop,3029,1.0330772682488796
391272,36.33612,-119.48649,annual crop,2815,0.8086094934296887
19651,41.76223,-122.53799,annual crop,2625,1.5747604011867946
80830,38.80762,-121.46176,annual crop,2950,0.7345422438838527
156563,38.52627,-122.28894,annual crop,712,1.5198316852093472
97431,41.17144,-121.15681,annual crop,2198,0.8793109675567161
289484,41.00148,-121.17927,annual crop,1091,0.9856562581786318
400928,37.52691,-120.67224,annual crop,3508,0.7653054972869634
516108,33.52178,-114.58409,annual crop,4500,1.0742066282946001
20987,37.38742,-122.33886,annual crop,4225,0
480619,35.28608,-118.83491,annual crop,3662,0.8523966397321515
19824,35.15343,-119.15902,annual crop,4281,0.9320114442650531
60343,38.61886,-121.53273,annual crop,3132,1.0358666900856
253613,36.92592,-121.70501,annual crop,4359,0.8441042804017298
87206,39.06602,-121.40624,annual crop,4454,0.7667326305201341
516479,34.9782,-114.66575,annual crop,3989,1.101531365716583
19866,36.41668,-120.00858,annual crop,2829,1.301639242959233
212167,34.71525,-117.34251,annual crop,169,0.7622932560163441
105110,40.10696,-120.18707,annual crop,1239,1.330063463620056
351710,34.97307,-120.49629,annual crop,4674,0.6058237006505254
525355,34.96866,-120.6087,annual crop,2158,0.4691082554647081
398001,37.50928,-120.79326,annual crop,239,1.66644850845251
314695,34.18176,-119.04055,annual crop,69,1.895864830670678
128970,39.2514,-122.2491,annual crop,242,0.7693491122505228
20126,33.08919,-117.01216,annual crop,4001,1.1295543176053688
460596,36.77016,-119.57172,annual crop,4486,0
106339,38.63166,-121.53567,annual crop,3177,1.0919791080189165
561276,36.98552,-120.27101,annual crop,4597,0.6799371990532661
25426,35.94515,-120.66668,annual crop,559,1.1455018407510824
504706,36.69543,-119.81609,annual crop,403,0.6242630884417516
20192,39.71704,-121.86065,annual crop,235,0
337746,36.04255,-119.23028,annual crop,2494,0
317108,40.42049,-120.45423,annual crop,3078,0.576820497427951
440888,36.66749,-121.55387,annual crop,1421,0.6891695000585984
534593,41.78649,-122.01116,annual crop,4190,1.2004015495015676
186654,38.10496,-121.1586,annual crop,2911,1.2037273056096949
323737,37.45407,-121.12437,annual crop,483,0.9191302082456916
60884,36.59312,-120.08642,annual crop,1230,1.321797855742098
465615,36.0616,-119.71984,annual crop,4673,0.5925660280749532
424671,36.31177,-119.99925,annual crop,2430,0.9247279786859988
206951,34.38981,-118.79239,annual crop,5096,0
20332,33.53554,-116.02451,annual crop,2075,1.2197722053176907
211825,36.82506,-119.54566,annual crop,3148,0.6554103309770701
387813,40.19176,-122.23159,annual crop,5117,0.9013924966913429
265143,36.54088,-121.53301,annual crop,3476,0.697540942603931
44182,41.20094,-122.15085,annual crop,3207,0.867275107019615
40001,39.11108,-121.88128,annual crop,976,1.2622057083641711
333207,38.82434,-121.63735,annual crop,4216,1.174936834540005
83140,38.82304,-121.49118,annual crop,3797,1.3946412168777813
551898,37.72679,-120.91422,annual crop,4049,1.3683134277626523
502401,36.74191,-121.76329,annual crop,1923,0.48624262264783813
359901,39.87543,-122.10513,annual crop,128,0.8460681903948787
478251,32.80906,-114.54868,annual crop,5098,0.7563978825781087
140754,38.11339,-121.4859,annual crop,4398,1.5855310852959659
464743,37.13227,-120.08126,annual crop,3282,1.0268064590731216
579480,41.05381,-121.45859,annual crop,706,1.0272605940287594
408184,34.74137,-120.232,annual crop,4101,0.6316994407228674
339391,35.68286,-119.53974,annual crop,449,1.0938974982802443
20524,35.31063,-117.93062,annual crop,136,0
264642,34.92321,-120.39079,annual crop,1042,0.8103058049903932
94595,33.57563,-114.65057,annual crop,1096,0.9284148150560145
189468,33.99005,-117.63781,annual crop,2697,0
388155,33.52846,-114.71288,annual crop,4063,0
465639,33.57749,-114.55611,annual crop,576,1.3443335470905027
558846,37.40573,-120.81236,annual crop,2284,0
585389,36.0445,-120.91426,annual crop,895,0.9059482703791913
358493,38.75573,-121.83754,annual crop,1214,1.1968814916802482
354544,36.08212,-119.21678,annual crop,2290,0.9749808537425713
181003,38.33616,-121.89444,annual crop,2068,1.4494846350852764
463686,34.78086,-120.41599,annual crop,4468,0
368624,37.3513,-120.83474,annual crop,1801,0.8949406347649665
48790,36.23452,-119.24839,annual crop,1392,0.759190283297872
161376,33.62511,-116.08817,annual crop,2421,0.6293939462349578
327709,33.61145,-116.08123,annual crop,4511,0
553623,38.39586,-121.65288,annual crop,2569,0
309066,39.77028,-122.19271,annual crop,2288,0.9052638405440023
144691,41.94641,-121.33814,annual crop,4564,0.9433154819552532
20700,33.59444,-116.10485,annual crop,27,1.4253629979445663
325175,41.0661,-121.632,annual crop,4250,0
20709,35.97511,-120.80453,annual crop,3101,0.9799268879586555
559705,38.97444,-121.88782,annual crop,5150,0.9174665408362271
143843,35.0607,-120.47768,annual crop,582,1.6246119118337867
171935,33.19631,-117.15639,annual crop,657,0.85199953289799
20772,40.46081,-120.61196,annual crop,3455,1.1123852691622411
181567,39.04942,-121.68123,annual crop,3620,1.2621955638235454
579197,35.21434,-119.09884,annual crop,1513,0
97937,38.81835,-121.55596,annual crop,4353,1.1135245565483332
290611,34.5927,-120.16765,annual crop,3709,1.1127530202150238
435788,36.75435,-121.67581,annual crop,5100,0.7835665113434516
113636,36.41173,-120.00887,annual crop,1752,1.0595481266248656
510151,39.43128,-121.85232,annual crop,768,0.535404439950607
424666,35.52825,-120.66446,annual crop,3428,0.7346560075013072
334786,36.39709,-120.15558,annual crop,2926,0.8408629224198436
457253,39.01725,-121.50847,annual crop,512,0.38308222236779216
409230,38.51966,-121.7485,annual crop,317,1.5328772969071673
334631,36.64499,-119.81199,annual crop,2578,1.222423180708253
545357,34.26546,-118.96057,annual crop,2066,0.9310361559853472
20952,38.05714,-122.70233,annual crop,2182,0.8702143675774366
442200,37.91839,-121.49945,annual crop,1934,1.1877015619536455
434687,39.7416,-122.15747,annual crop,1655,1.0581279127406862
33319,41.91133,-121.46885,annual crop,4575,0.7943562723486525
42086,36.49104,-121.46585,annual crop,3845,0.5158164353474295
478475,41.61134,-120.19346,annual crop,2428,1.0268816621203476
70997,38.25587,-121.60205,annual crop,1868,0.801461604489228
453068,36.89322,-121.81077,annual crop,2237,0.7744526997898196
600485,37.49464,-122.42946,annual crop,3518,0.9610367986009364
404135,37.41503,-120.93933,annual crop,1741,0.5718879710242383
172199,32.95818,-115.51372,annual crop,4013,1.1479761549138063
71248,37.36309,-120.49598,annual crop,4733,1.1441604898613624
509601,35.43848,-119.36487,annual crop,578,0.9494065734862587
246850,36.85235,-120.72013,annual crop,987,1.072344216254394
468605,41.50333,-120.49531,annual crop,3261,0.9452833597630881
199779,37.88684,-121.58887,annual crop,4357,1.1656165450589697
109950,36.74881,-121.69492,annual crop,2113,0.6820632964523949
301178,34.92917,-120.56257,annual crop,3516,0.5972383936705313
88951,35.15706,-119.11177,annual crop,5025,0.9965914027937341
21198,38.00327,-121.55122,annual crop,3804,0
21201,36.09163,-119.43999,annual crop,202,0.9362449738589693
21203,41.42147,-122.79464,annual crop,3950,0
21204,37.80786,-120.87236,annual crop,163,0.7201763440340948
596160,36.85989,-121.67061,annual crop,3742,1.1397374174927348
368372,36.44673,-119.8868,annual crop,3991,0.899587440630408
347136,37.24066,-120.71093,annual crop,1232,0.9110922185237652
343859,40.36848,-122.30771,annual crop,3292,0
562663,37.79127,-120.74146,annual crop,3708,0
355080,37.39203,-120.89677,annual crop,2437,0.738786670954854
433509,36.74517,-120.50227,annual crop,4205,1.010943512958912
124590,33.49134,-117.28937,annual crop,394,0.5386049733294025
125524,32.74173,-115.32625,annual crop,2959,1.3365068063834065
391820,39.8306,-122.13439,annual crop,2380,0.7781041227344514
68000,36.52503,-119.31145,annual crop,343,1.2720438158234557
185380,40.11223,-122.09829,annual crop,372,0.4549640991030005
37509,34.1534,-118.90493,annual crop,1762,1.2516591473614789
21379,33.49353,-116.13315,annual crop,980,1.2122310297826528
267501,37.81051,-121.03685,annual crop,3971,0.9185327175724723
224715,38.48097,-121.5545,annual crop,1432,0.8555183338437652
163348,36.99657,-120.88467,annual crop,228,1.450473394276775
416717,36.40796,-119.86682,annual crop,3818,0
313289,37.43698,-121.0387,annual crop,1545,1.3233376053323562
93376,36.09573,-119.33316,annual crop,2797,0.6362459295437495
21430,40.37869,-120.48343,annual crop,220,0.5329738531357616
544391,38.36637,-121.44055,annual crop,3214,0.802423972234245
600597,33.65878,-117.57721,annual crop,1815,0.9451879047573255
498859,38.39201,-121.56617,annual crop,2914,0.9253283757995235
397642,37.02835,-120.63292,annual crop,1895,0
230310,41.56314,-122.91805,annual crop,3462,0.6448257042587363
216638,37.16743,-120.39819,annual crop,2254,0.9796583781522007
59639,34.88014,-120.37075,annual crop,2278,0.7816038887673243
120776,38.75879,-121.79161,annual crop,861,0
259811,36.43886,-119.2787,annual crop,1904,0.8349296790188054
382702,39.38833,-121.93157,annual crop,1579,0.6193233441815508
21572,37.48215,-120.82786,annual crop,381,0.8965272001442769
21589,38.29121,-122.63168,annual crop,3212,0
131613,32.72512,-115.48021,annual crop,3650,1.2433780649736514
120852,38.0892,-121.42196,annual crop,3515,0
106886,37.39445,-120.69983,annual crop,3848,0.8049794229924552
579042,37.33337,-120.7341,annual crop,898,0.7742858334089667
593656,36.54118,-120.33649,annual crop,113,1.3408597403316591
308721,40.67471,-124.23736,annual crop,4096,1.0725744883148405
309921,38.46499,-121.72328,annual crop,918,1.0337346369949938
256088,37.11362,-120.8678,annual crop,999,1.3574754489186112
551880,40.68222,-124.24257,annual crop,724,0
558186,37.17699,-120.68379,annual crop,1851,0.8725038807869794
21702,34.37619,-118.48686,annual crop,502,0.8528943246272187
463165,36.39118,-121.36071,annual crop,4803,1.092256983994108
254872,32.91313,-115.3003,annual crop,4927,0.7620638774073968
550490,39.482170000000004,-121.85044,annual crop,4764,0.3141995350152267
598762,36.96459,-120.62557,annual crop,3789,0.8593955576848022
341861,37.04366,-120.50832,annual crop,3267,1.1177852013501812
37004,36.09599,-119.33765,annual crop,3631,0.949067313960096
374443,36.21261,-119.38257,annual crop,882,0.82321434773699
299044,37.65876,-120.84252,annual crop,3609,0.5611584608984252
285920,39.17429,-122.96009,annual crop,3377,0.94442192173089
79556,37.76866,-121.02057,annual crop,629,0
156382,38.82491,-121.88322,annual crop,401,1.5138361344656805
237525,35.92247,-118.97989,annual crop,3076,0
472140,36.47691,-121.40943,annual crop,3275,0.29185716380230015
325371,36.77111,-121.67585,annual crop,3103,0.7668792135254566
588305,39.67385,-121.8794,annual crop,1068,1.025250583888979
117415,34.91328,-120.48899,annual crop,2524,0.5602343995540833
57121,37.19463,-122.3672,annual crop,4335,0
21928,38.30055,-121.27921,annual crop,3358,0.935991375488704
246903,38.93087,-121.4963,annual crop,3622,0.7382927064402335
96295,39.3258,-121.4378,annual crop,994,1.103664740286126
132924,38.33964,-121.36282,annual crop,4432,1.223390730579706
151789,36.47739,-120.0614,annual crop,1262,0
36839,36.57869,-119.98302,annual crop,4374,1.136218546697067
90504,41.02669,-121.29983,annual crop,3521,0.9766179308936608
330495,36.10083,-121.038,annual crop,494,0.670255516201063
365419,39.75645,-120.28822,annual crop,3816,1.1755228744979176
22042,35.09092,-118.88439,annual crop,1902,0.8131660603552117
285694,33.39222,-117.18635,annual crop,3153,0.9554404293409852
122643,36.64181,-120.20346,annual crop,3056,1.0123842003230255
174914,36.09905,-120.97929,annual crop,112,0.9195053183841018
368181,37.8103,-120.96156,annual crop,4152,0
162871,34.96285,-120.61127,annual crop,4766,0
364933,41.52042,-120.14699,annual crop,5076,0.8800659168922169
201777,37.32595,-120.67926,annual crop,5005,0
109255,39.75607,-123.22342,annual crop,873,1.1579554428806065
416666,32.93655,-115.47889,annual crop,911,0
314614,35.00615,-120.47339,annual crop,1736,0.7128184023383339
484351,40.45921,-122.33024,annual crop,3613,0.5036126278438913
449935,35.22934,-119.00649,annual crop,3256,0.555226882453205
492453,34.40451,-118.69921,annual crop,4976,1.099972602074144
174684,40.6255,-124.28151,annual crop,4985,0
73112,34.91845,-120.48821,annual crop,3050,0.8700642475711599
22483,32.95746,-115.56621,annual crop,4912,1.0418955137709947
273127,33.71975,-114.5116,annual crop,2600,0.7395255026715051
156396,33.58926,-116.16637,annual crop,4310,0
239706,37.58162,-120.85487,annual crop,4809,0
440158,36.96474,-120.61645,annual crop,2636,0
249369,41.21432,-121.13569,annual crop,4697,0.7689886265748738
333561,37.90268,-121.70601,annual crop,3475,1.1745964194663494
538160,37.47539,-121.02376,annual crop,3150,0.9186595691358578
267958,33.28733,-117.02121,annual crop,1035,0.8522490742398674
152863,40.38706,-120.57388,annual crop,4958,0.6962337254738011
205711,33.69128,-116.16194,annual crop,373,1.1720378363429258
88271,37.84583,-121.37868,annual crop,4604,0.8721445179194672
112326,33.85022,-117.04869,annual crop,562,0.873243942478494
365387,35.34145,-118.95207,annual crop,2489,1.0038968445305205
576254,37.43895,-120.8507,annual crop,3799,1.0309380259846865
48180,39.34549,-121.83651,annual crop,435,0.8443603536006771
451828,33.46163,-117.26992,annual crop,4600,1.299303232825965
238136,41.0641,-121.4793,annual crop,1702,0.9539037458080646
271207,34.97386,-120.47743,annual crop,4943,0.5575333462644085
473823,35.27987,-120.72439,annual crop,4243,0.9600200273740539
50783,38.0585,-122.70625,annual crop,3316,1.3353431734729315
338651,36.41158,-120.0627,annual crop,788,0.6694533813922862
444451,37.47358,-122.39997,annual crop,3520,1.0158614125849974
403472,41.85732,-121.93072,annual crop,431,0.7939644570300852
139309,37.28461,-120.29892,annual crop,2731,0.7699053945649023
22748,33.19932,-117.15085,annual crop,4909,1.315058018851582
582926,34.24769,-119.21817,annual crop,2958,0.8756818728750654
106565,36.1652,-119.72628,annual crop,1429,0.8286165704131627
205540,38.62053,-119.50822,annual crop,4543,1.2268887926146816
306234,38.58853,-121.79036,annual crop,303,0.9948310027846049
462543,36.81244,-121.34317,annual crop,261,1.2255897252789991
285196,37.9611,-121.41309,annual crop,1504,0.7562105907959726
149124,41.28123,-120.50996,annual crop,2123,1.0280529721133465
423126,39.95955,-120.90373,annual crop,153,0.7918548094583803
503927,36.20855,-119.41402,annual crop,1893,0.9572024720407708
142604,32.7887,-114.60003,annual crop,3561,1.0703822891278132
307892,40.55603,-124.06163,annual crop,2799,1.5567913522042462
224035,35.84712,-119.16903,annual crop,1027,0
403874,33.4221,-114.71941,annual crop,4752,0.99611962129786
249357,39.75962,-120.26829,annual crop,1140,0.584688036857683
355737,33.51256,-116.11948,annual crop,1164,1.1262944474946575
318515,32.72466,-115.40956,annual crop,590,1.1987480260471173
36750,40.74616,-121.4549,annual crop,2529,1.1708181219366696
37812,32.71094,-115.55533,annual crop,659,0.8951176495250204
24356,36.36481,-120.19846,annual crop,781,0.970281074826613
22906,38.79641,-121.64223,annual crop,2025,0
310952,36.1026,-121.04508,annual crop,3095,0.8159046875460394
548987,35.39617,-119.30781,annual crop,2676,1.2739722961909585
334140,33.07318,-115.36251,annual crop,516,0
22938,38.86017,-122.20885,annual crop,696,0.8399253706707605
168167,37.73022,-121.15177,annual crop,1598,1.0221930168152809
39816,38.79125,-121.79108,annual crop,345,1.040952375753785
38686,39.83417,-122.13897,annual crop,5029,1.087543347613484
38435,34.75643,-120.41063,annual crop,5049,0.375080336925374
287391,34.91044,-120.37118,annual crop,4099,0.6848166355058921
427319,39.55455,-121.9845,annual crop,2948,0
474091,34.88259,-119.50022,annual crop,5154,0
108450,41.09279,-121.50716,annual crop,1831,0
30689,38.76621,-122.15425,annual crop,126,1.2214185432693057
148510,38.87361,-121.37224,annual crop,2063,0
114127,37.3257,-120.83862,annual crop,3443,0.6600029993927091
37565,34.90376,-120.54038,annual crop,318,0.7388656749862869
539943,35.46657,-120.22572,annual crop,3790,1.0627350091136836
96805,36.33354,-119.55853,annual crop,2876,1.0906411908771179
23119,34.93629,-119.64488,annual crop,2239,1.16115330539283
31895,41.85291,-120.15994,annual crop,1494,0.8127455511865553
480864,37.06018,-120.46556,annual crop,2685,0.9180004681679985
115953,39.79837,-122.16382,annual crop,3551,0.8081446724178574
391576,38.27326,-121.23904,annual crop,2791,0.4193422428943394
186530,37.39042,-120.88324,annual crop,4749,0.6525698854122794
49834,41.45306,-120.1376,annual crop,3774,0.7006203915184005
364941,38.06817,-121.44328,annual crop,680,1.1695485486341328
406531,38.20546,-122.72948,annual crop,2768,1.1050963530888784
602048,37.45584,-121.07831,annual crop,4122,0.837960876568181
83882,35.76483,-119.53267,annual crop,2965,1.235507670996092
396857,38.29358,-122.10806,annual crop,4623,0.9119653646627983
560772,38.64348,-121.71483,annual crop,3331,0
283329,34.92681,-120.40127,annual crop,4714,0.8436602265866711
302151,38.34929,-121.41931,annual crop,4986,0.7428032594492862
510736,38.78934,-121.63748,annual crop,1034,0.9217829476321839
596488,34.66284,-120.53008,annual crop,426,0.5776231683848198
78847,39.01551,-122.86808,annual crop,2264,0.7358695583236694
275128,36.93917,-121.72276,annual crop,732,1.3415003348077585
548896,39.53329,-122.27746,annual crop,3232,1.1055949225873134
46760,35.24323,-118.99082,annual crop,3020,1.0407989711697425
274616,35.08173,-118.98392,annual crop,3342,0.9753288896677924
23424,33.77202,-118.05725,annual crop,3434,0
276165,39.75275,-122.14187,annual crop,1263,1.4419290048044882
48764,38.55771,-121.89847,annual crop,2168,0.508639271128182
483464,40.3463,-120.42591,annual crop,2028,1.3344094812792233
62645,38.82659,-121.6599,annual crop,409,1.1235376878467722
435687,38.59847,-121.76906,annual crop,3154,1.130978120371493
357807,35.90722,-119.63123,annual crop,4223,0.42148075375269917
279150,37.12243,-120.52194,annual crop,35,0.9472996668063295
270357,37.16581,-120.46695,annual crop,707,0.6623767477550402
495478,38.1245,-121.46644,annual crop,1989,0
117759,38.84056,-121.97317,annual crop,3579,0.9822777731251262
72227,34.92256,-120.40379,annual crop,1009,0.6427396147798382
249903,38.68937,-121.68968,annual crop,4030,0.4655248822666403
223199,40.4008,-120.5426,annual crop,3936,0.6568352938971229
305128,33.7706,-116.99141,annual crop,4256,0
565840,34.53278,-120.34627,annual crop,4038,0
115475,36.5327,-121.54184,annual crop,1543,0.9833052473249432
441641,39.79623,-120.22338,annual crop,1306,0.6258463831864912
295964,40.57485,-124.21555,annual crop,1828,0.573557616421799
334718,36.26017,-121.15435,annual crop,4479,0.323261050760154
587380,40.50679,-124.15112,annual crop,58,0
308148,39.46335,-121.73938,annual crop,2577,0.9480230964392982
23730,35.14254,-119.21882,annual crop,3560,0.8126660231267192
46502,33.27982,-117.27886,annual crop,472,1.5413350937511219
324923,36.45558,-121.35933,annual crop,55,0.760930329032032
157453,36.33015,-121.25675,annual crop,3266,0.7227046386429291
400385,41.89151,-122.5436,annual crop,4554,1.9422960256624873
590811,37.36856,-120.82646,annual crop,1018,0
194891,37.76114,-121.32727,annual crop,2382,1.085000296798406
320964,38.47151,-122.83711,annual crop,2968,0.7893589056967296
118246,35.39758,-118.534,annual crop,2586,1.1900952857678435
254699,38.3466,-120.99433,annual crop,1908,0
573225,37.89453,-121.2177,annual crop,3386,0.7857242923064153
23899,33.35237,-117.25272,annual crop,3738,0
598104,33.60044,-116.10904,annual crop,4795,0.5438822976909742
346472,36.4839,-120.19021,annual crop,683,0.8667876618199926
45567,35.50384,-119.38336,annual crop,50,1.375266656396543
91188,38.25846,-122.83996,annual crop,2795,0.9724922850555118
556296,36.23795,-119.55356,annual crop,1860,0.6696739373235528
496294,37.50983,-121.00444,annual crop,2988,0.8454814372142856
42984,39.48288,-122.14355,annual crop,795,0.7498356870779418
38597,32.96383,-115.36745,annual crop,2386,0.7114164975044412
306109,34.98161,-120.48913,annual crop,4446,0.4494286788701364
494980,38.13477,-121.6541,annual crop,1950,1.3687483404001286
564419,38.68013,-121.57921,annual crop,951,0
171518,39.9745,-120.08045,annual crop,1590,1.1209897059895462
24241,33.67006,-116.23273,annual crop,4112,0
301087,39.82785,-122.10675,annual crop,643,1.1333629376966436
251697,37.57975,-120.88266,annual crop,1244,0
573522,37.49589,-121.13055,annual crop,3753,1.0006110495918414
84835,40.64007,-124.23611,annual crop,3111,0.6138379601192911
484043,37.96553,-121.38803,annual crop,1542,1.1519136391820024
200669,32.71994,-115.68601,annual crop,1912,0
379068,36.38517,-119.73087,annual crop,246,0.8932635910091505
58824,36.27249,-119.24964,annual crop,5072,0
142153,39.59207,-122.05689,annual crop,2874,1.4373746814241857
595565,36.64039,-119.66085,annual crop,4516,0.7247577072789988
243491,36.73291,-120.57082,annual crop,544,0.5947499959822957
290043,36.43335,-120.25154,annual crop,1537,0.9084503090347776
24379,38.3779,-121.29286,annual crop,1650,1.1534400784638974
265161,36.89973,-120.68155,annual crop,2479,1.4133714127249515
601129,37.45583,-121.09369,annual crop,555,1.162098437839767
511008,38.01823,-121.47477,annual crop,23,0.8699380613585879
410284,36.62911,-120.46285,annual crop,1015,0
229778,37.00977,-120.65905,annual crop,2217,0
541545,36.69802,-121.57582,annual crop,3665,0.4490801027488086
449940,39.64966,-123.47749,annual crop,2580,0.5525560209363645
377555,36.77566,-121.71404,annual crop,250,1.0327339713249784
174143,38.65399,-121.56615,annual crop,2445,1.0680042206268348
169373,39.06013,-121.69994,annual crop,3328,1.0518093320840853
187805,38.84185,-121.12733,annual crop,3580,0.4479909099433563
193668,41.71395,-121.29863,annual crop,4416,0.740882898846744
341558,36.12696,-119.9454,annual crop,2519,0
519251,36.95791,-120.58026,annual crop,3334,1.0199382802386654
164107,36.70958,-119.86385,annual crop,4108,0.560370999087132
24639,39.2827,-122.19796,annual crop,2296,1.1540981946912534
133428,40.33123,-120.32205,annual crop,1624,0
73589,41.89798,-121.88675,annual crop,314,0.6326427367050018
228465,37.83017,-121.00063,annual crop,230,1.326563403457993
602074,39.78327,-123.19847,annual crop,1994,0.9518186007109488
78205,37.03162,-120.60892,annual crop,2982,0.91479096623696
298192,39.9106,-122.16129,annual crop,4580,1.2217948737178808
244759,32.76544,-114.61295,annual crop,1898,1.2291906226821627
436794,37.10181,-121.63962,annual crop,3373,0.7845921852011941
28376,38.27946,-122.80307,annual crop,4783,0
146738,33.85666,-117.03993,annual crop,4148,0.9861777016632393
572246,36.24405,-119.55931,annual crop,1210,0.6442683366760757
352317,32.93452,-115.4628,annual crop,733,0
259580,37.9704,-121.61439,annual crop,4367,0.8831876718563392
349181,39.26489,-121.77798,annual crop,3921,1.008730888406973
160679,35.30021,-118.81288,annual crop,4287,1.1772826301471395
411365,38.20481,-122.73603,annual crop,453,0.7090651022381756
331663,38.67472,-120.87522,annual crop,1916,0
189740,34.00923,-117.62907,annual crop,1171,0.9940151248320958
413335,37.92433,-121.6326,annual crop,4806,0.6494613795870773
112662,33.70814,-114.53611,annual crop,4103,0
335085,38.01021,-121.53341,annual crop,4659,1.0678788006528912
474290,35.62585,-120.61339,annual crop,2849,1.0950613049377917
37023,32.76734,-115.7355,annual crop,213,0.8026488371340871
29904,35.38257,-119.41493,annual crop,2359,0.7447300454659278
538214,41.9856,-121.36459,annual crop,2433,0.6916033864644121
517513,34.99275,-120.54266,annual crop,1364,0.6746739612522304
239943,38.63146,-121.80082,annual crop,1891,0.9042204961772583
362449,36.77794,-121.6981,annual crop,1719,0.13039536670465193
137358,38.50839,-121.94561,annual crop,615,0
541097,38.35099,-121.42756,annual crop,2330,0.6514763537793383
282771,36.91606,-121.71833,annual crop,820,0.6407796284102382
208633,41.93455,-121.95458000000001,annual crop,1178,0.9295958940330523
64834,36.83877,-120.68097,annual crop,3793,1.0405438313595816
69268,33.59773,-116.0725,annual crop,2142,0.7642840590490286
32830,38.86588,-121.46798,annual crop,5145,0.3540100176414437
36104,37.64179,-120.83255,annual crop,1714,0.41413408096927323
90365,37.2237,-120.34045,annual crop,3783,1.2526452292636427
210569,41.08552,-121.37491,annual crop,3503,0.5872221022351992
118252,40.6093,-121.87994,annual crop,1611,0
25381,38.31758,-122.89439,annual crop,4130,0
92380,40.62592,-124.22188,annual crop,3294,1.310678473932115
474662,33.42146,-114.65999,annual crop,1112,0.7746627474722619
300432,40.70322,-122.03314,annual crop,2665,0
428958,34.75742,-120.35261,annual crop,2436,1.2012533777140222
340392,39.55361,-121.72492,annual crop,5057,0.9474743706863152
216058,37.37665,-120.54369,annual crop,1434,1.58205730447132
68040,36.35926,-120.04393,annual crop,68,1.73080620913655
127831,36.17179,-119.42803,annual crop,2659,0.9645424055053776
445735,37.62135,-121.15506,annual crop,2061,0.7666252627603392
99815,36.81283,-119.52254,annual crop,4102,1.279973935676505
382345,36.24212,-119.42342,annual crop,927,1.0896765234270525
25581,36.34963,-119.74239,annual crop,2177,1.519640307149406
343266,34.88501,-119.50207,annual crop,2759,0.49315408754658235
81282,40.96757,-124.0829,annual crop,2594,1.6876490266640811
25626,34.66989,-120.42956,annual crop,4342,0.9210013201970416
81421,36.93307,-120.66084,annual crop,548,1.107921262269423
338583,37.73473,-120.89512,annual crop,2503,0.9109074741798565
409119,36.89762,-121.78514,annual crop,2955,0
576169,36.19038,-119.49913,annual crop,3835,0.6540803717493385
402560,40.73353,-124.18146,annual crop,3497,1.2398336284071176
25707,37.78229,-121.13469,annual crop,3841,0
491239,39.49478,-122.08291,annual crop,791,0.18341961386730182
466074,39.29522,-122.22738,annual crop,4885,1.1456678233279727
238416,38.00808,-121.22996,annual crop,4540,1.021208593975818
419189,38.34664,-120.948,annual crop,4070,0.9581448853225089
25796,37.16964,-120.58736,annual crop,64,1.204722008605899
406740,36.38779,-119.47773,annual crop,4090,1.1554863228716614
186100,37.18778,-122.04214,annual crop,51,1.1514172822437432
218173,33.57772,-114.55979,annual crop,3283,1.1065791632239104
25835,41.88899,-122.54713,annual crop,2693,0
156863,36.70193,-121.78792,annual crop,471,0.5278441967835881
436032,38.31003,-121.31423,annual crop,2952,0.9145948162988774
468148,34.2763,-119.0164,annual crop,4434,0.5031186584458628
471694,38.00981,-121.60871,annual crop,2669,0
499997,37.36142,-120.72735,annual crop,832,0
149336,37.28407,-120.7995,annual crop,105,1.2126507595758054
372700,33.5455,-116.14052,annual crop,1403,1.2541453059549064
120373,35.00922,-120.52351,annual crop,4911,0.7587935210254677
301153,38.434,-121.20049,annual crop,1153,0.6577373675037468
448126,39.61044,-122.06419,annual crop,1862,0.8664146089861123
346580,38.70301,-121.61411,annual crop,726,1.408415800752337
219812,36.78083,-121.75387,annual crop,442,1.0586168638906448
379731,35.43687,-119.2789,annual crop,4645,1.051028123017444
141640,37.9507,-121.42891,annual crop,4819,0.9252053003034042
520947,33.12219,-115.61657,annual crop,4380,1.0600797180555424
416997,32.75119,-115.36637,annual crop,879,0.9217799810349228
424258,33.58652,-114.64216,annual crop,2755,1.5027264663482394
400797,37.31961,-120.57087,annual crop,3851,0.8338456961623499
177133,34.23338,-119.24356,annual crop,4330,0.48878258249829504
242973,34.90904,-119.58225,annual crop,1922,0.7290813784329327
558886,35.1886,-118.98804,annual crop,1169,0
280831,39.02272,-121.85923,annual crop,1906,0.7214298250517103
442557,38.3371,-121.28028,annual crop,798,0
529605,34.60551,-118.02744,annual crop,2033,1.0125219573014161
347530,38.35185,-121.69641,annual crop,1899,0.9716873731288858
540182,35.29054,-120.75385,annual crop,4642,1.275285902805048
302221,34.93927,-120.59173,annual crop,954,0.9963298356642113
427794,38.73931,-121.83716,annual crop,1974,1.1726050809131068
225169,38.57555,-121.95773,annual crop,1448,0.9708179942784524
548153,33.52815,-116.01673,annual crop,948,0
83690,33.52877,-115.9851,annual crop,4119,0
172009,35.1015,-118.93505999999999,annual crop,4740,0.9319155382720677
274733,38.57944,-121.87948,annual crop,4835,0.9747230773288253
273916,36.15023,-119.02828,annual crop,4989,0
69893,33.29174,-117.14461,annual crop,4236,0.7331020170882123
256991,36.88394,-121.71908,annual crop,1395,0.6088564047861772
69792,38.33716,-121.51585,annual crop,773,0
506093,36.542,-121.4131,annual crop,269,1.073616708634707
508626,37.53264,-120.95465,annual crop,4728,0.6185818001869229
212627,36.62483,-120.24141,annual crop,2071,0.7938684983256541
123593,32.72132,-115.37029,annual crop,2556,1.0087891835567027
42960,37.78096,-121.38407,annual crop,5059,1.014181384496483
26815,32.71975,-115.27507,annual crop,2459,1.4020323386165472
117101,35.31971,-118.84073,annual crop,630,0.8656179190668287
26866,37.88734,-121.50438,annual crop,4452,0
232234,32.77638,-114.54527,annual crop,2486,0.8731554346476808
457607,36.39402,-119.8728,annual crop,3223,0
365533,36.95042,-120.5245,annual crop,102,0
428729,34.14168,-119.14352,annual crop,1648,0
232001,34.83836,-116.64735,annual crop,4818,0.9186473296365708
509246,39.4812,-121.79725,annual crop,2832,1.025368997337996
260117,37.21999,-120.49898,annual crop,3595,0.8525182329652095
146199,41.96247,-121.90913,annual crop,780,0.6379984703027982
446397,34.39424,-118.81349,annual crop,2535,1.0695518331645752
199884,37.26774,-120.52628,annual crop,4658,0
243341,34.13397,-119.15155,annual crop,2089,1.0194750272388948
469668,41.64527,-122.47016,annual crop,4707,0.7883033897104977
120160,39.69996,-122.17661,annual crop,3919,1.068738722563362
230721,36.29053,-120.08205,annual crop,2432,0
341483,34.12593,-119.14882,annual crop,3798,1.1711692610332816
151069,38.95048,-121.47985,annual crop,2617,0.8759368117439981
31278,39.4822,-122.23141,annual crop,1697,1.6890216173028225
76607,38.49148,-121.75223,annual crop,3891,1.084711504752395
27420,37.84993,-120.91388,annual crop,4369,0.810667497860679
270925,36.27491,-121.16453,annual crop,4306,0.7001730008963183
56350,32.73471,-115.69409,annual crop,692,1.04881301633087
174500,35.11847,-119.35784,annual crop,3997,0
110880,37.34318,-120.69478,annual crop,906,1.0147916036863682
304616,41.52883,-122.90526,annual crop,2302,0.8621156868589266
253769,41.71652,-122.3918,annual crop,2941,0
143954,41.8542,-121.42036,annual crop,2631,1.1017561852129707
378074,37.80061,-120.96093,annual crop,3365,0.641823818512232
295052,33.42856,-114.74643,annual crop,4588,1.2603501569818376
113453,36.7041,-119.44069,annual crop,3642,1.3383823837483253
431447,32.88675,-115.59217,annual crop,3023,0.9122294646330883
382055,38.42878,-121.52732,annual crop,3899,0.9631450601376359
316271,38.27822,-122.75809,annual crop,227,0.8066564428757961
499926,36.77276,-119.58879,annual crop,1454,0.7129290138771164
569158,36.83796,-121.70712,annual crop,3479,0.8406234435921074
434252,37.90536,-121.51671,annual crop,5115,0.9069784276498511
379298,37.0018,-121.8402,annual crop,67,0
171459,37.52815,-121.11713,annual crop,4405,0
87075,38.98342,-122.836,annual crop,3775,0.8530986103091006
502655,32.66263,-115.64084,annual crop,34,0.8452180546051787
27674,38.8115,-121.40722,annual crop,589,1.0773186391328375
207594,37.42169,-120.9871,annual crop,4366,0.8688965876607364
332300,36.78662,-121.70536,annual crop,2916,0.6648237669196426
581305,37.15266,-120.7112,annual crop,2998,0.9007408300840936
464570,39.14607,-121.77869,annual crop,188,0.9131532831384619
548703,39.96865,-120.93448,annual crop,3763,0.7646577688578947
121571,36.80507,-120.76837,annual crop,4457,1.1527268212466735
375247,39.18575,-122.96323,annual crop,4503,0.5927939938899269
139142,36.29778,-119.91928,annual crop,3674,0.7548029564268138
151591,36.10242,-119.10591,annual crop,2295,0.7234672053938659
593409,36.23198,-119.71038,annual crop,4524,0
259990,38.82116,-121.13759,annual crop,2463,0.528264423848549
78667,36.00162,-119.56293,annual crop,1711,0
503926,36.20553,-119.41359,annual crop,273,1.002847949715745
371892,38.51052,-121.64195,annual crop,1563,1.2351727929773872
258546,32.81652,-115.34806,annual crop,893,1.0849126592798266
59753,40.71885,-124.17836,annual crop,326,0.5026534951368378
28153,37.02011,-120.29013,annual crop,4852,0
28200,34.93335,-120.53287,annual crop,132,0.6175010963992238
64963,35.11072,-119.03745,annual crop,3008,1.0708676416010476
196554,36.75331,-121.75184,annual crop,1008,0.4498007478639587
147371,38.9485,-121.52,annual crop,240,0.2458212791465007
542872,37.88646,-121.30578,annual crop,3786,1.1259290197011487
294581,34.94451,-120.58185,annual crop,3127,0.5191186695020396
308397,35.30157,-118.91607,annual crop,2612,1.6216214376144658
457475,37.87144,-121.19449,annual crop,1103,1.315789640853161
265695,35.34192,-118.8687,annual crop,1317,0
416862,40.62967,-122.97322,annual crop,705,1.1474882950477985
246777,35.1317,-120.54621,annual crop,3692,0.6801107264669735
43660,37.27286,-120.67253,annual crop,3547,0.8650853480044495
557257,39.40199,-122.06721,annual crop,891,0.48548787221604073
370600,37.14491,-120.64337,annual crop,767,1.1387703503406859
337441,36.3923,-119.88495,annual crop,3529,1.107102837919633
28713,34.21168,-119.2277,annual crop,2643,0
270776,38.0986,-121.67321,annual crop,1159,0.7916921377191408
52514,34.2601,-118.99103,annual crop,3643,0
443096,38.79599,-121.50546,annual crop,116,0.32335241119529934
364395,35.02485,-120.52348,annual crop,511,0.5693331090467595
160760,37.31218,-120.63942,annual crop,783,0.912005227798912
215513,36.83246,-121.77702,annual crop,3249,0.5542033649335333
223053,36.04886,-119.30152,annual crop,1717,1.0015209159145546
92124,41.03449,-121.42509,annual crop,4599,1.1203966107871857
72578,36.40653,-119.50014,annual crop,3343,0.8784379650470037
72076,34.66711,-120.53479,annual crop,2940,0.6572649581044633
92081,36.31242,-120.03515,annual crop,311,1.1731332864516724
530326,40.3776,-120.44336,annual crop,3046,0
232169,36.6964,-119.80096,annual crop,3085,0.46026563202498466
146788,35.69782,-119.25204,annual crop,1150,0.9556633329580079
569398,36.9554,-120.01771,annual crop,2001,0.8190380130015462
473708,38.8861,-121.89764,annual crop,1816,1.2947510160533118
528606,41.66702,-122.49967,annual crop,2912,0.8798527470429217
112722,37.7137,-121.46567,annual crop,2417,0.9294386166519077
226795,38.6647,-121.94711,annual crop,2527,0.7689479306181267
333462,36.9134,-121.35313,annual crop,301,1.1314266300651956
29078,39.33139,-121.69006,annual crop,802,0.7212017437265527
373993,39.51185,-121.68212,annual crop,3315,0.3635039070661373
124881,38.60206,-121.72778,annual crop,4157,0.9474722482264591
266132,38.09546,-121.08321,annual crop,4079,1.5316658719027891
558804,39.11216,-121.67079,annual crop,1671,0
586181,39.17778,-121.96826,annual crop,2420,0
29177,40.342529999999996,-120.32655,annual crop,1477,0
459009,36.29292,-120.07197,annual crop,3022,0.6966222313440305
163185,39.6476,-122.17019,annual crop,2477,0
405606,35.4088,-119.47618,annual crop,4303,0
29212,40.36223,-120.42854,annual crop,3009,0.8952229729652145
505109,37.9322,-121.41124,annual crop,1979,0.9100939019220772
320588,36.30467,-119.92875,annual crop,1333,0.6348771470377709
523582,37.15836,-120.32235,annual crop,3912,0.8001766378164394
457099,41.42593,-120.12931,annual crop,3644,1.047899971851782
574626,38.22498,-121.57158,annual crop,3424,1.2951333296815108
282854,38.89711,-121.5613,annual crop,725,1.5952206253626198
572196,35.75556,-120.72703,annual crop,1455,0
421701,38.21816,-121.69147,annual crop,1235,0.9587878009854987
43456,32.71104,-115.67323,annual crop,1451,1.1780296860210033
316767,36.06175,-119.75782,annual crop,415,0.5114667557828426
577642,35.10246,-118.91536,annual crop,2571,0.9723461056345065
227831,37.92581,-121.20299,annual crop,2305,1.2665455351552026
72968,37.10082,-120.93533,annual crop,3827,0
421173,36.10827,-121.04989,annual crop,4012,0.730403691986247
235316,36.96768,-121.42836,annual crop,3380,0.588638519409528
473643,38.75356,-121.69883,annual crop,3559,0.9452590530925101
335665,41.02031,-121.27967,annual crop,292,0
29525,38.756100000000004,-122.37202,annual crop,1484,0
471929,39.19972,-121.90288,annual crop,2442,0.9323244157650701
248799,40.35145,-120.40801,annual crop,492,0.6721232580703416
328248,36.04033,-119.60156,annual crop,5068,0.9648591410588714
32561,34.60129,-120.19691,annual crop,4056,0.790387745869292
113477,34.62217,-118.05196,annual crop,3415,0.8748619044680702
59686,34.91213,-120.40705,annual crop,4370,0
442401,40.8843,-124.11099,annual crop,4297,0.9020944295737472
499203,35.95256,-119.58255,annual crop,2677,1.3436345765435416
217451,36.55729,-121.55882,annual crop,2370,1.5583563334165822
180548,34.17787,-119.12882,annual crop,1308,0.5482255960346805
595971,39.18903,-121.96592,annual crop,2196,0
73888,33.75935,-116.25698,annual crop,2341,1.3010769841171328
388812,40.57991,-124.25138,annual crop,1829,0.8821746430640244
316674,34.53532,-120.17308,annual crop,4922,0
50789,38.40999,-121.75385,annual crop,2525,0
218813,34.71385,-118.00448,annual crop,1339,1.478326696540981
559420,33.40329,-117.17029,annual crop,1075,0.7861679387754341
231902,35.60791,-119.66775,annual crop,4167,1.272830903212231
551021,37.69701,-121.26145,annual crop,1497,1.02063393151232
226952,39.64164,-123.46747,annual crop,199,0.9471194668559335
215950,35.27953,-118.98297,annual crop,299,0.8750551380458385
399022,35.2913,-118.91775,annual crop,2412,1.1331688244432423
146593,35.35099,-119.22688,annual crop,52,0.9842285257253938
83841,36.37935,-119.83209,annual crop,4118,1.121341616888388
54647,37.40686,-121.00184,annual crop,117,0.844431168047438
457155,36.05922,-120.01987,annual crop,3914,1.1890226186130155
596269,33.63454,-116.19489,annual crop,1573,1.4840268644940402
40828,33.06119,-115.50923,annual crop,386,0.910711601511064
32966,38.80202,-121.51223,annual crop,3933,1.0517900780485192
243213,34.24438,-118.94078,annual crop,4930,0
174646,37.283,-120.38927,annual crop,3197,1.8417370211127593
449921,37.15729,-120.30672,annual crop,4404,0.823040155625846
53455,39.49612,-122.07107,annual crop,74,0.45435967646721553
30003,41.0267,-121.29561,annual crop,4951,1.1392574283089598
526895,41.11596,-121.04928,annual crop,4477,0.7561717755523756
377319,37.77116,-121.47096,annual crop,2367,0
332892,36.41593,-119.81558,annual crop,2088,0.7860347953688174
99999,35.9458,-119.4268,annual crop,3918,0.93068525171376415
498018,35.09463,-118.84041,annual crop,919,0.5908482348991533
314586,33.63621,-116.11383,annual crop,1094,0.9013593004560589
524625,33.2831,-117.15595,annual crop,1827,0.7311218075167873
324463,32.73909,-115.45221,annual crop,489,0.6048113775850786
373807,37.48839,-121.06303,annual crop,2843,0.7381893988169431
423155,39.92307,-122.22205,annual crop,538,1.0369872838665486
299394,34.25211,-119.0955,annual crop,2097,1.33758563814079
43478,39.88265,-122.22662,annual crop,566,0.8286815107408002
466180,34.9434,-119.64794,annual crop,4925,1.023683550678791
60743,34.15284,-119.11321,annual crop,2735,0.5880292959255833
112779,34.13455,-119.06661,annual crop,291,1.5184552614421256
422301,39.43897,-121.81217,annual crop,4632,0.7256218360333934
452605,41.55898,-120.16035,annual crop,1425,0.961782255330824
457079,32.80927,-115.47726,annual crop,1110,0.4901267737088731
30262,38.30064,-121.64273,annual crop,4812,1.2913706692653555
218109,39.15333,-121.94201,annual crop,2223,1.206927125126299
147112,36.90883,-121.82713,annual crop,1527,0.9071135442269967
134893,36.08621,-119.19441,annual crop,63,0.5683284765703969
549498,38.85631,-121.60182,annual crop,3992,1.1912031637328289
601888,36.53908,-119.49748,annual crop,4409,1.2041303833222499
591069,41.49557,-120.17964,annual crop,3588,0.4379081597430741
147808,34.17986,-119.11959,annual crop,2826,0.6744132233309725
142937,40.96561,-121.71771,annual crop,4931,0
367043,34.89805,-120.21988,annual crop,1435,0
331697,39.50317,-121.91392,annual crop,846,0.6297556707441452
164686,33.10543,-115.60362,annual crop,4480,0.8255310627774307
456793,37.98714,-121.64194,annual crop,3885,1.1092192199650328
563564,38.37776,-121.68951,annual crop,4888,0.7230790033818829
216363,37.50079,-120.44707,annual crop,1924,0.7001559073125816
357955,39.33381,-122.00776,annual crop,3682,1.2973901590034327
304385,36.21996,-120.03492,annual crop,4493,0
404652,38.22892,-121.28268,annual crop,2922,0
281706,33.0211,-115.66022,annual crop,391,1.2126361223086124
599465,32.83616,-115.31824,annual crop,1195,0
181403,37.44115,-121.04577,annual crop,1257,0.9162784359460463
296488,39.02559,-121.09251,annual crop,3109,0.768008097652632
429041,41.78679,-124.15079,annual crop,4960,0
219218,35.22715,-119.1329,annual crop,3243,0
85303,36.76894,-121.6066,annual crop,4151,0.8940293948069841
413379,32.87097,-115.50491,annual crop,5074,0.9900503008528511
30721,36.01286,-119.72834,annual crop,4362,0.5472022338461475
283965,34.17312,-119.06852,annual crop,2112,0.6907644073244398
477676,40.45632,-122.2567,annual crop,2661,0
192005,33.64426,-114.63636,annual crop,4979,1.2941266275975971
590779,38.53167,-121.87906,annual crop,2065,0.8922549604557036
517148,38.12799,-122.49138,annual crop,4969,0
368692,38.87942,-121.54063,annual crop,1722,0.9713921821199338
583440,40.41558,-122.2222,annual crop,1003,0.7307961999962174
341875,35.82815,-115.71196,annual crop,682,1.2116082437998914
473360,37.02375,-120.6246,annual crop,2138,1.059597299008912
348816,36.41914,-119.95289,annual crop,359,0
110529,38.30121,-121.32188,annual crop,1758,0.9661599754761196
530328,38.93427,-121.51776,annual crop,827,1.165945428700115
191758,38.71771,-121.76338,annual crop,3160,0.7180749303925528
433644,33.59303,-116.14466,annual crop,1695,0
481372,41.48528,-120.50131,annual crop,4097,0
44518,35.51561,-119.58815,annual crop,4918,1.1040153300223972
43620,35.23183,-118.99283,annual crop,4100,1.0738626691623137
493907,32.79273,-115.37173,annual crop,2528,1.309401838703363
285689,38.70971,-122.05728,annual crop,968,1.5594833379818847
358209,41.06672,-121.09767,annual crop,5062,0.5661006759372963
31070,37.87092,-121.45102,annual crop,3280,0
33864,40.49289,-124.11752,annual crop,1187,1.0243595270356323
148353,39.72343,-122.19761,annual crop,807,1.1369049503474824
403819,36.659,-119.5624,annual crop,4880,0.9447774746252436
471642,36.02334,-119.06088,annual crop,4002,0
423001,32.76918,-114.60229,annual crop,4018,0.7347018062964592
587837,37.94576,-121.08271,annual crop,1193,1.1484067690185766
277858,32.8156,-114.53572,annual crop,3389,1.037256649175454
415936,40.6053,-124.24723,annual crop,1182,0
280819,34.60862,-120.31135,annual crop,4757,0.8289669451243871
462860,39.45812,-121.73975,annual crop,1007,0.6671479260632184
384877,37.43531,-120.68157,annual crop,3355,0.9512681245785929
584409,37.80697,-120.94067,annual crop,3346,1.418781570380414
209513,40.32261,-120.41588,annual crop,3726,1.082172783349471
64497,38.36982,-120.97402,annual crop,811,1.1810461944343904
121050,39.78528,-123.20688,annual crop,4408,0
503826,34.90138,-120.40198,annual crop,4964,0.7242424682772812
64659,33.62213,-116.11397,annual crop,4859,1.2826697506419171
270579,33.89548,-117.43562,annual crop,1971,1.0186137836480746
106481,37.59156,-120.85,annual crop,2102,1.0931107186419713
31441,35.08328,-120.36622,annual crop,2765,0
472744,37.27423,-120.43004,annual crop,3185,1.129635979686709
520803,39.01254,-121.28201,annual crop,2688,0.3865761184022278
416157,38.65478,-121.94941,annual crop,3913,0.9389087404201507
422924,39.95471,-120.8876,annual crop,1551,0.34310621845733963
238217,34.96641,-120.60613,annual crop,3530,0.8060041323919767
180532,37.840089999999996,-121.38733,annual crop,1478,0.9284751580903968
453705,35.24815,-118.94324,annual crop,3273,1.0536497101977298
317174,38.40144,-121.30656,annual crop,2216,1.144282353934541
65070,35.59004,-120.83058,annual crop,255,0.8715432663791091
31607,41.52858,-122.84502,annual crop,2373,0
212508,39.07268,-122.06304,annual crop,2549,0
235721,32.79743,-115.73181,annual crop,3876,0.8993853313095161
445672,39.56133,-122.24486,annual crop,2250,1.1104235659492052
31786,36.86256,-120.50443,annual crop,1442,1.0508141280818575
113113,39.97429,-122.15406,annual crop,3970,0.8612917051531332
179808,36.83832,-120.74821,annual crop,1541,0
46288,37.28597,-120.78215,annual crop,4506,0.8524807597179207
333523,36.38868,-120.15553,annual crop,3162,1.0605582854591553
520821,36.42424,-119.86123,annual crop,2151,0.7800742331125263
573607,38.27113,-121.4041,annual crop,1991,0
135443,37.59125,-121.22789,annual crop,4541,1.0914163544834778
453343,34.8626,-120.38513,annual crop,2339,0.755011386191966
257775,38.30271,-121.37571,annual crop,223,0
492817,39.33753,-121.05369,annual crop,2235,0
102536,39.72152,-120.57193,annual crop,604,0
60054,36.87962,-120.50056,annual crop,1555,0
486918,37.36494,-120.71872,annual crop,708,0.8478337622553563
359049,32.95388,-115.6135,annual crop,5114,0.9806444381340418
574694,40.79448,-121.50632,annual crop,560,1.013446253972396
217361,38.82065,-121.73788,annual crop,2780,0
180697,36.97712,-120.56671,annual crop,3245,0
353911,36.46166,-119.65215,annual crop,1284,0
32176,38.49908,-121.18432,annual crop,1738,0.9926174903771247
262413,38.36328,-121.9073,annual crop,2204,1.0023416995040717
128692,36.92592,-121.70257,annual crop,3768,1.0288905203354335
232145,39.14547,-121.81852,annual crop,3926,0.9993073299803731
357169,40.36734,-120.42594,annual crop,1553,0
330157,38.70497,-121.69256,annual crop,536,1.2575560271512791
509460,35.41498,-119.21417,annual crop,3939,0.7032722417798434
323244,38.2439,-122.76975,annual crop,3084,1.7527970626797962
128801,36.51051,-121.5152,annual crop,3495,1.4857360265147723
140748,33.12431,-115.78573,annual crop,4517,0
165372,38.13697,-121.33251,annual crop,2593,0
32528,33.48618,-116.13102,annual crop,4636,0
516988,36.37879,-120.18198,annual crop,5130,0.8644798838032411
350964,36.57249,-119.44691,annual crop,1489,1.4021491466850626
572339,34.92621,-120.55565,annual crop,3770,0.8617968094966061
556244,40.15558,-122.14071,annual crop,1981,0
314062,33.02093,-115.5312,annual crop,3765,0.6212519681412574
251394,41.34374,-122.72183,annual crop,5077,0.6312211032290279
590358,38.79773,-121.86564,annual crop,3353,1.1260833053005106
274764,36.87745,-120.59586,annual crop,1368,1.225633622781637
172663,34.36315,-118.9517,annual crop,1061,1.0074323609784044
392693,38.18218,-121.46182,annual crop,4509,0
364765,37.62512,-120.6185,annual crop,3398,0.806186318270436
92547,37.6916,-121.2507,annual crop,4854,1.2182916667436137
591481,35.59954,-119.40922,annual crop,1718,0
198724,36.87799,-121.71008,annual crop,33,0.8294086894398065
553104,39.09325,-122.05576,annual crop,3469,1.1293221649534997
530547,33.486,-114.69783,annual crop,925,1.0480115466809956
318267,36.49904,-119.41772,annual crop,2841,1.3369628287818158
291537,38.3092,-121.64337,annual crop,378,1.3018665639062892
584758,34.29553,-119.14241,annual crop,2078,1.0084689476604491
353942,37.83855,-121.4614,annual crop,5016,1.0363665279604404
170162,35.11152,-118.41222,annual crop,2700,0.8765067634152803
283555,36.03743,-119.65003,annual crop,852,1.0290500235981261
32967,33.65911,-114.61316,annual crop,1958,0
348110,41.96128,-121.40871,annual crop,2706,1.0477240073883682
41295,36.45786,-121.32088,annual crop,4871,1.4216318494634284
502556,41.06908,-121.50675,annual crop,2488,1.214628395975794
384716,32.72483,-115.43303,annual crop,2740,0
148534,34.95544,-119.5932,annual crop,2944,1.1102752885848923
104060,33.54274,-114.64445,annual crop,611,1.2600630784760753
438747,41.6948,-122.53139,annual crop,2481,0
402411,36.6828,-120.5793,annual crop,3450,1.2408933330834153
285663,32.84062,-115.72154,annual crop,3648,0.9332812279353314
166014,35.81528,-119.46907,annual crop,2104,1.1860644420590907
33112,37.27158,-120.46303,annual crop,2208,0
33185,38.23709,-122.54192,annual crop,3228,0
515665,36.41763,-119.85232,annual crop,3638,1.016114319462821
583252,36.27082,-119.45901,annual crop,2861,0.6564975768229323
299598,38.97644,-121.61973,annual crop,2181,0.7389374799961047
542406,39.2424,-121.44629,annual crop,838,1.5524156817450232
334457,36.76905,-120.40848,annual crop,2126,0
436964,36.06751,-119.18111,annual crop,2019,0
361409,39.1335,-121.14877,annual crop,4199,0.5177469610417369
112522,41.04409,-121.50899,annual crop,1166,0.7781922337142027
532388,36.93687,-121.71833,annual crop,1915,0
582930,41.32542,-120.54953,annual crop,930,0
431034,36.2202,-119.58077,annual crop,2385,0
308941,40.52297,-124.14051,annual crop,5129,0
520710,38.28113,-122.88994,annual crop,3454,1.2629536140955444
405363,41.56083,-122.85839,annual crop,2234,0.6188304141892329
406547,39.63487,-121.71737,annual crop,1552,0.3348020072605093
320099,37.46254,-120.81369,annual crop,3274,0
459471,35.87479,-119.61346,annual crop,4057,1.1319712028064828
307166,37.8413,-121.36966,annual crop,5031,0.9643683801810824
497853,38.35459,-121.14354,annual crop,4161,0
355752,32.7867,-114.61101,annual crop,4831,0
53211,36.64311,-119.59142,annual crop,4228,0.6515025615193124
197221,38.1205,-121.14433,annual crop,2376,0.9195194395297305
215914,36.76035,-119.90227,annual crop,4280,0
278025,40.60054,-124.27588,annual crop,3128,0.736059131818588
388762,40.57776,-124.18967,annual crop,4562,0.5052537963455122
33700,33.8963,-117.38541,annual crop,5036,0.8116090906167308
133384,33.23879,-117.17874,annual crop,863,0.770468550734729
333265,33.80265,-117.03285,annual crop,4271,0
486377,37.311279999999996,-120.86186,annual crop,5017,0.6000139468450534
63683,38.82926,-121.50967,annual crop,2352,0.8555960236737435
402994,40.82255,-121.46407,annual crop,3675,0.5372197523034752
285333,35.05481,-119.96247,annual crop,2289,1.410310000109757
574541,36.07088,-119.50947,annual crop,4949,0
274102,41.45273,-122.42718,annual crop,1588,0.8294505273857731
135469,38.97725,-122.87219,annual crop,2877,1.0301643468614772
33930,37.11038,-120.72061,annual crop,2347,1.1860433575774982
287339,36.31223,-121.26152,annual crop,2506,0.9069310559510386
33943,32.76858,-115.52012,annual crop,3459,0.8128417637161683
540916,34.87626,-120.34552,annual crop,1092,0.7746974241343754
493921,37.85842,-121.53746,annual crop,5166,1.4209814462757049
54444,38.83772,-121.67505,annual crop,4648,1.5263393490657997
368210,33.52038,-114.6498,annual crop,73,0
100577,41.08689,-121.09703,annual crop,2224,0
42840,35.00457,-120.52682,annual crop,3293,0.7330949711075309
423870,36.42416,-119.27342,annual crop,1925,1.035695568426856
559171,41.96128,-121.43776,annual crop,363,1.0199544120056443
34153,40.55566,-124.06595,annual crop,3800,1.1499906895349628
327277,32.75913,-114.63013,annual crop,3296,0
134965,39.39916,-121.60588,annual crop,5086,0.7521731239319307
395359,37.10221,-121.62144,annual crop,3557,1.1612431997430357
105454,37.10442,-120.33754,annual crop,2023,0.8101369951945937
442504,41.52826,-120.13981,annual crop,4655,1.0856460905219187
34347,39.88234,-122.09532,annual crop,2143,0
165676,37.38132,-120.68065,annual crop,3213,1.039001828080706
290553,33.64739,-116.13132,annual crop,3318,0
576436,36.89289,-121.35281,annual crop,3165,1.265373801368626
238021,37.26481,-120.45503,annual crop,2640,0.7560054987702967
195497,34.56182,-117.82199,annual crop,4868,0.8593221748557273
367668,38.61598,-121.69441,annual crop,4857,1.0172048339797997
388392,38.52456,-120.80524,annual crop,3832,0
436975,37.06382,-121.61332,annual crop,1145,0.9484559682944048
300593,36.6589,-119.63991,annual crop,815,1.2367220644330463
115905,39.96765,-122.17925,annual crop,738,1.158410675524141
34556,41.97072,-121.55814,annual crop,1107,1.046382429177406
563702,39.79723,-123.24033,annual crop,1928,0.5658881755121875
372970,38.8378,-121.68452,annual crop,2034,1.299114199962575
587217,40.02025,-122.19217,annual crop,2633,0.9616789289583146
230496,34.77099,-120.41587,annual crop,3599,1.0024115930986819
213367,32.92571,-115.30027,annual crop,454,1.4632561889465665
62624,37.11804,-121.61827,annual crop,4660,1.2065144960767675
133232,37.24156,-120.49468,annual crop,5141,0.6253470285860898
499133,37.33286,-120.84455,annual crop,4841,1.0044008688921076
122697,40.53591,-124.16759,annual crop,91,0.7694290045421183
492910,41.98764,-121.4283,annual crop,3131,0.6295145905573818
219063,37.62391,-120.75943,annual crop,374,1.1340823061444854
313256,39.67014,-122.06188,annual crop,2719,1.2728515274657306
123934,34.78324,-120.4184,annual crop,1185,0.7864035686234128
416079,34.1783,-119.13686,annual crop,2267,0.4155376030144035
247543,39.76721,-123.21306,annual crop,2115,1.5414511479753117
427622,32.70522,-115.50505,annual crop,3576,1.147987763794979
509576,33.02449,-115.53774,annual crop,1303,0.8242439507983449
475487,37.92659,-121.19985,annual crop,4242,0.7704058237020975
112782,41.02719,-121.32556,annual crop,1939,0.7250079083447736
419748,38.69707,-121.56078,annual crop,1646,0.9583955841711367
131022,37.91856,-121.40623,annual crop,2131,1.3456469388288128
446326,40.32477,-120.41578,annual crop,141,1.0000328588041463
177727,32.6883,-115.36685,annual crop,3895,0.768040717152334
336434,35.6625,-118.27813,annual crop,3864,1.0909121603095675
243208,35.31937,-118.80393,annual crop,4494,0
365728,39.14399,-121.50287,annual crop,2274,1.0634200519868537
505233,36.54523,-121.41308,annual crop,1522,0.7672320892562811
35363,40.12714,-120.81148,annual crop,2006,0.4516028546749988
509345,38.30404,-121.32216,annual crop,2030,1.0600271866008317
61093,34.89992,-120.41654,annual crop,4883,0.8200946985850036
35478,33.55314,-116.08809,annual crop,4983,0
558302,34.89238,-120.39983,annual crop,2096,0.6260722533460974
188596,33.98638,-117.61873,annual crop,4926,1.7645587535818752
302390,33.45767,-114.63527,annual crop,1365,0.3960870016413377
501790,40.51443,-124.16658,annual crop,5119,0.44103527400246784
374889,41.91329,-121.77191,annual crop,2448,0.44226847029502353
474442,36.67537,-121.59146,annual crop,1344,0.4231309386329609
123381,38.20508,-121.18044,annual crop,198,1.2642681475841264
464535,36.39915,-119.60428,annual crop,4093,0.9903294483761365
35767,36.56295,-120.33658,annual crop,2328,1.516106835368552
241650,33.45676,-117.33874,annual crop,4609,1.0121134255139839
244301,38.38419,-121.61387,annual crop,5146,0.9502583411217482
73912,38.41785,-121.68528,annual crop,2724,0
129306,36.60723,-121.60346,annual crop,1248,0.8123307986321654
211221,33.48647,-116.12826,annual crop,1791,1.2403684797931944
579033,39.61645,-120.42136,annual crop,3307,1.0144486785172782
336904,38.07339,-121.55144,annual crop,2372,0.8883922055585527
61234,36.43712,-120.37111,annual crop,1436,1.4541224770575263
62794,34.26264,-119.11168,annual crop,3908,0.42129382265144677
45556,32.77609,-115.52436,annual crop,3834,1.2983667789978812
158804,32.80565,-115.5992,annual crop,1604,0.7152526211771905
563405,33.11726,-115.60343,annual crop,1668,0
402552,38.25281,-121.32329,annual crop,1920,0.7840417511806715
550814,34.97313,-120.48011,annual crop,1727,0.6405856532962915
201326,38.97455,-121.37849,annual crop,765,0
492827,35.0111,-120.48416,annual crop,1658,0.7997318902705379
234585,36.84996,-121.78132,annual crop,3491,0
145386,32.82288,-115.39133,annual crop,1897,0
86172,33.03912,-115.59123,annual crop,745,1.0528566375787034
36244,39.54885,-122.16757,annual crop,1194,0.990222225813498
42710,34.64022,-120.06243,annual crop,2176,1.6673498369396211
467923,36.62347,-119.36867,annual crop,2683,0.9215435579226092
537429,36.91472,-120.5746,annual crop,2969,1.0880252570879398
166598,38.37791,-121.80623,annual crop,4276,0
457554,36.01102,-119.52258,annual crop,4111,0
297215,38.02057,-121.58598,annual crop,1520,0.7618948721942966
314743,33.62967,-116.1127,annual crop,2828,2.0368809631327705
541255,32.79173,-114.57545,annual crop,1519,0.7500792360260691
369864,37.44225,-120.65145,annual crop,4774,0.6437579626506751
36581,39.22411,-122.24969,annual crop,371,0.46171458349449834
273402,35.26524,-119.24042,annual crop,4501,1.126026708248214
50706,37.04117,-120.72416,annual crop,1043,1.0397627742169817
381600,34.39593,-118.76277,annual crop,1503,0.712834310639697
124602,36.21422,-120.34293,annual crop,2110,0.9267150973524375
36672,38.36869,-121.29049,annual crop,1618,1.0190835882118563
429165,39.19256,-121.99239,annual crop,2129,0
202559,33.64444,-114.60934,annual crop,1172,1.0376742361670488
537232,36.52483,-119.70641,annual crop,620,0.6423039367113642
121789,33.29426,-117.06585,annual crop,2263,0
398611,36.11248,-119.5163,annual crop,1509,0.7547230762350153
470422,34.91816,-120.48437,annual crop,1449,0.5687793095555682
260445,34.87801,-120.48662,annual crop,5140,0.7729249372742115
136448,36.68985,-120.14454,annual crop,1266,0.8072069443932636
417341,33.12719,-115.47513,annual crop,4129,0
36956,38.39514,-122.77771,annual crop,598,1.2662089187601213
378025,39.00251,-123.36515,annual crop,3549,1.083313850658648
475563,38.90941,-123.68739,annual crop,944,1.0922581004586067
166984,36.88663,-121.8133,annual crop,4248,0.5770321805887573
168120,41.03642,-121.42893,annual crop,457,1.1012280856994907
342431,36.8955,-120.57419,annual crop,501,0
197335,34.18538,-119.11931,annual crop,2474,0.4208200497823303
378565,37.77925,-120.88862,annual crop,741,0.9373593660907086
143024,41.97433,-121.59506,annual crop,1518,1.160333278946695
131459,41.85466,-121.30512,annual crop,826,0.6974370580014227
366121,33.08043,-115.64435,annual crop,4687,0.6845939253365804
404281,37.10248,-120.16422,annual crop,3868,1.1274021259743328
447597,39.8119,-122.06932,annual crop,1059,1.45789181947844
349164,38.37255,-121.21132,annual crop,493,0
92409,38.47197,-121.07768,annual crop,221,1.071138157890708
457784,38.25927,-121.24348,annual crop,2786,1.3203552661310314
118010,36.84653,-120.4355,annual crop,439,1.1651226763230604
552630,33.31453,-116.95325,annual crop,4807,0
130446,36.68183,-119.38166,annual crop,304,1.2744021688532152
107475,36.77182,-120.72315,annual crop,1690,0.9309763612522076
366344,39.14442,-122.21605,annual crop,823,0
415266,38.11816,-121.41799,annual crop,3092,1.2871500136050846
140267,38.35437,-121.6867,annual crop,4232,1.2089794553702244
37577,38.34546,-121.72873,annual crop,4663,1.1801409098618485
95515,35.86516,-119.11802,annual crop,2077,0
394982,36.46782,-121.34235,annual crop,4067,0.9427891400057143
546719,33.5053,-116.10167,annual crop,3026,1.0550515091419093
111560,36.58053,-120.45643,annual crop,2691,1.0346664979681754
590006,33.60382,-114.63282,annual crop,2395,0
398072,37.30203,-120.85353,annual crop,4577,0.9956138521917465
370286,41.87635,-121.46205,annual crop,2453,0.879570963600379
76779,35.54506,-119.4561,annual crop,3488,1.0784889919368414
450873,36.92782,-121.80909,annual crop,3035,1.3889712420222016
546111,37.34556,-120.75925,annual crop,685,1.3124726639725648
37808,33.57576,-114.68105,annual crop,845,0
37868,34.92575,-120.54931,annual crop,1196,0
230461,37.46611,-121.02562,annual crop,1142,0.7746224921954045
501733,36.70144,-121.69421,annual crop,1935,0.8540429274598279
192088,37.79655,-120.839,annual crop,3563,0
323915,36.31768,-119.63135,annual crop,3942,0
179300,39.71292,-122.19349,annual crop,3668,0
101129,40.43204,-122.21938,annual crop,4772,0.7663357071891935
570956,37.51545,-120.89144,annual crop,2536,0.5650749171524835
311817,34.40901,-118.65641,annual crop,2101,1.4915728115882454
299540,41.02154,-121.34329,annual crop,2744,0.6851124948555479
38053,36.68012,-119.49242,annual crop,1163,0.5282794694803086
413270,35.82598,-120.37495,annual crop,4373,1.233770650781378
285731,41.01431,-121.28662,annual crop,4078,0.6952329075205923
38102,33.69273,-114.57033,annual crop,4705,1.8018948103770804
515680,33.69807,-114.55301,annual crop,2769,0
223160,37.8793,-121.28931,annual crop,4237,0
436143,32.78821,-114.54959,annual crop,747,0
250468,38.07866,-121.58099,annual crop,4329,1.3072629611356565
137878,36.56634,-121.4885,annual crop,1213,0.5373953970040801
330769,36.86146,-121.66288,annual crop,526,0.7866073404455253
93705,36.13548,-119.14547,annual crop,758,0
526175,40.36765,-120.56776,annual crop,909,0
88202,32.71082,-115.54691,annual crop,4786,0.6752990119070126
237600,34.41909,-119.56032,annual crop,1523,1.6097757499835903
347014,34.95369,-120.49219,annual crop,4027,0.6440398817071127
215741,35.17929,-120.52563,annual crop,92,0.7043031503245522
242234,36.68648,-120.60551,annual crop,2618,0.515711831808567
265517,37.35449,-120.89259,annual crop,1062,1.1472118629160828
549329,36.70767,-119.84058,annual crop,4680,0.8326382388453871
541169,36.29081,-119.81089,annual crop,2360,1.2982863050235263
296579,37.8963,-121.43728,annual crop,1653,1.1429973491340113
568135,33.55631,-114.69482000000001,annual crop,2076,1.3793071867094135
574684,37.06871,-120.74905,annual crop,2491,1.1901083951779123
249156,36.14129,-119.48599,annual crop,3590,0.8563546705526378
348624,36.8623,-121.42003,annual crop,2337,0.6304519822584504
38712,39.75149,-120.27901,annual crop,1165,0
574228,36.92261,-121.4207,annual crop,4488,0
69546,36.35221,-119.57194,annual crop,2573,0.7232083126217634
274692,36.09553,-119.77594,annual crop,3006,0.9129615896210487
131208,34.78086,-120.40711,annual crop,4322,0.8513317826372105
130218,38.24084,-121.58073,annual crop,591,1.0630813247155921
330459,37.75576,-121.31032,annual crop,4551,0
161317,39.25419,-121.31603,annual crop,3760,0
210706,37.41175,-120.83904,annual crop,4727,1.192828504078841
542184,34.24132,-119.21783,annual crop,1100,0
217216,37.35905,-120.71259,annual crop,1689,1.1499627983905774
416156,38.65456,-121.94516,annual crop,1275,1.198919350044461
384968,41.13884,-121.06813,annual crop,2260,0.8142352037894113
530585,38.27077,-121.42386,annual crop,1386,0.8675233617598422
39011,36.94866,-120.6381,annual crop,383,0
162104,36.21861,-120.18271,annual crop,158,0.7666230662987447
53224,41.776,-122.04558,annual crop,1602,0.7487421438900874
337541,36.52471,-119.40507,annual crop,3575,0
475793,36.76898,-120.55362,annual crop,3055,1.6633846099172913
156618,35.76331,-119.33613,annual crop,3120,0.7534513940868773
209214,41.93735,-121.55338,annual crop,5021,0
264150,39.80187,-122.13778,annual crop,478,0
139860,39.80297,-123.20527,annual crop,531,1.4043401105909326
575791,36.88524,-120.70564,annual crop,2516,0.42819013361385133
39389,35.38613,-119.36141,annual crop,2257,1.387333662380418
136294,33.04743,-115.36035,annual crop,3951,0.7538720180152932
525147,39.66645,-122.02797,annual crop,3060,1.2708545988574182
522694,39.71878,-121.86022,annual crop,3788,0.9054257711447792
473161,36.33434,-120.0188,annual crop,1191,0
516634,36.32545,-119.5941,annual crop,1967,0.7545948659240008
573591,37.79714,-121.4651,annual crop,4954,1.0560420336662364
40371,38.43939,-121.20289,annual crop,572,0.5103329428886224
582577,34.20477,-119.23049,annual crop,2050,0.9545116904529131
122876,38.40726,-121.6042,annual crop,506,1.417100387904684
110460,36.6397,-119.5271,annual crop,1352,1.3106394075902463
209048,36.94474,-120.67621,annual crop,2164,0
203147,37.45754,-120.73628,annual crop,4607,0.7900287310660615
460257,37.89303,-121.39741,annual crop,1996,0.83181042748426
216885,36.62746,-120.06363,annual crop,3853,1.0974026819961342
126993,37.87188,-121.39255,annual crop,2470,0.7368104821645778
101745,37.51007,-120.88324,annual crop,1569,0.8036473367662814
126049,36.32922,-121.23991,annual crop,4378,0
232184,36.54446,-119.62591,annual crop,3238,1.3483913774659493
457890,38.34794,-121.21738,annual crop,4856,0.6015117323702208
165988,39.37202,-121.53219,annual crop,3904,0
319649,34.85266,-120.22002,annual crop,3500,0.4484968514260847
381810,35.47631,-119.53235,annual crop,168,1.0029799166830295
250518,38.90855,-121.88357,annual crop,3400,1.04288355801379
242294,37.66286,-121.26685,annual crop,41,1.1605446132246815
86731,34.99354,-120.56972,annual crop,2038,0.6747279609408905
142303,38.89791,-121.55898,annual crop,3290,1.106074788027666
384932,36.35502,-121.22687,annual crop,4715,0.9971614508027907
352441,38.62968,-119.49555,annual crop,4392,0.5302499518160577
40636,38.63424,-119.50655,annual crop,4823,0
278841,38.2732,-121.74227,annual crop,1048,0.8172009775107979
81279,37.97164,-121.40944,annual crop,4060,0
139799,37.3057,-121.01118,annual crop,540,0.8218467271199217
262493,35.76904,-115.67575,annual crop,3064,1.0124611242323134
98061,37.60563,-120.73357,annual crop,3731,0
169561,39.29969,-121.42819,annual crop,1968,0.7442062266930497
562194,38.69507,-121.57784,annual crop,3938,0.8338136621645562
137074,37.04829,-120.49605,annual crop,2315,1.1871548423160088
185122,37.8699,-121.39325,annual crop,5164,0.8657432117554447
392577,36.83259,-120.53911,annual crop,4605,0.9178868501082492
41011,33.02252,-116.84832,annual crop,1340,1.5584556257373272
245434,38.71617,-121.49945,annual crop,5061,0.6922440642104716
165090,36.81593,-121.71956,annual crop,4497,0
290492,36.44926,-119.34618,annual crop,4919,1.0485335939210594
132656,39.13225,-121.87275,annual crop,2741,1.0058077293327248
513114,39.57862,-122.25722,annual crop,3370,0
41258,34.26981,-119.14709,annual crop,2725,0
397294,38.26029,-121.53778,annual crop,4940,0.6828998267912666
41297,36.57398,-121.4794,annual crop,1892,1.0315941916690323
303014,38.04443,-120.99655,annual crop,1212,1.3126049851486357
122282,39.7169,-122.57197,annual crop,3881,0.873309046228605
250438,38.75716,-121.99361,annual crop,722,1.2560957237502524
586736,35.52054,-119.48808,annual crop,3134,0.9990399111136861
429205,36.95177,-120.80352,annual crop,3608,1.1957177481870715
524150,33.30186,-116.36802,annual crop,4451,0.856948929978355
467946,33.58287,-116.03874,annual crop,1594,0.973374896189631
41553,32.7501,-115.45244,annual crop,2520,1.2293939162401755
41575,38.13808,-122.55037,annual crop,4934,1.0322266532575606
114486,36.95954,-121.7261,annual crop,3896,0.9542766486569424
58404,37.06175,-121.4712,annual crop,1044,1.0008845257647119
580199,36.42197,-119.7995,annual crop,1443,0.5565903946038582
165059,37.18288,-120.27373,annual crop,2393,0.9107083253253014
335977,34.62644,-120.41625,annual crop,2410,0.964369886660809
53897,33.42358,-114.636,annual crop,1467,0.8290682225458418
431357,40.70507,-121.93595,annual crop,4816,1.075757782169195
303091,41.48455,-122.81591,annual crop,4464,1.235936723942165
41806,37.06653,-122.22782,annual crop,438,0
221915,39.76674,-122.13873,annual crop,3139,0.9199605578784841
99995,39.33342,-121.67055,annual crop,5170,1.46546400990166
244920,41.07173,-123.68605,annual crop,2833,1.1561865431651812
127055,36.14202,-119.81374,annual crop,4490,1.2644691407691613
334187,35.01529,-120.57766,annual crop,3099,0.6923656741038391
600101,41.90655,-121.9352,annual crop,3032,0.8331535940036104
584570,36.4447,-119.89112,annual crop,3694,1.0468196908658638
108429,34.41745,-118.66113,annual crop,2984,0
220583,36.69131,-119.82417,annual crop,4264,1.2041411004451221
42145,33.08406,-115.67922,annual crop,739,0.9071435747227112
42167,36.55284,-119.43182,annual crop,2720,0
257012,41.38012,-120.56024,annual crop,4760,1.2875699321834224
42244,33.55753,-114.6884,annual crop,83,0.6230197230265451
277083,35.47725,-119.26462,annual crop,4828,0
413866,37.99811,-121.53182,annual crop,4407,0.8495396945363712
578520,37.63424,-121.16229,annual crop,3955,1.171608591350258
274952,41.7526,-122.50654,annual crop,824,1.0511908151365899
462622,34.37996,-118.95895,annual crop,4620,0
318865,41.65271,-122.57098,annual crop,2189,1.2182613253313124
106966,36.57922,-121.49567,annual crop,166,0
42475,38.35176,-120.96318,annual crop,4637,0
471488,34.16065,-119.12084,annual crop,2010,1.0825764577069006
181107,32.72096,-115.32175,annual crop,4965,1.2212175288898028
283754,38.92921,-121.19221,annual crop,5134,0.9670620718620111
133623,38.50665,-121.71746,annual crop,2543,1.1470154897038307
115611,40.36017,-122.1936,annual crop,3825,1.027979528353481
403810,34.15714,-119.04324,annual crop,1572,0.8049109719691027
549754,39.12492,-121.88068,annual crop,2979,1.0695239624098163
364934,37.05232,-120.52629,annual crop,3264,0.48961042680950523
164458,38.51789,-121.65806,annual crop,1691,0.9338413556518382
385927,39.76982,-122.25301,annual crop,2713,0.8036022992312696
474241,36.05482,-119.69276,annual crop,5008,0.824735248619209
548827,35.13098,-118.98335,annual crop,1999,0.8478363255595331
42812,38.75519,-122.37189,annual crop,3484,1.5262148577158747
140425,36.3966,-119.79155,annual crop,4507,0.9201970240434318
89337,36.1441,-119.25292,annual crop,290,1.0884809010708518
576093,39.95162,-120.02867,annual crop,266,1.0459099970990609
125752,41.79349,-121.99938,annual crop,2897,1.2462925410189492
366565,39.15069,-123.1855,annual crop,4268,0.9812487664269305
197500,36.72108,-119.47796,annual crop,3600,0.849250414534863
324066,33.65237,-114.58675,annual crop,2820,1.034671679136655
275216,40.41044,-120.44863,annual crop,537,0.9418744139312337
205154,41.56871,-120.1526,annual crop,2802,0.8386777825444761
251388,40.36248,-120.4731,annual crop,4172,1.020266985439825
206926,34.56879,-117.69812,annual crop,3958,1.6270636747537182
66455,36.91482,-121.83329,annual crop,4376,0.6984743437653187
122773,35.00209,-120.51187,annual crop,2438,0.6665302267466078
114852,40.35388,-120.50854,annual crop,3259,0
199952,41.37408,-120.11041,annual crop,1685,0.6944843606302843
309784,36.46387,-119.90249,annual crop,5104,0.8367691216662623
68769,36.71829,-119.87328,annual crop,956,0.936707584904378
585244,33.61395,-114.67586,annual crop,2737,0
43128,37.03775,-121.56068,annual crop,3065,0.8084334609056343
488686,36.24438,-121.16192,annual crop,29,1.0772549535577203
381263,34.93024,-120.57414,annual crop,1474,0.8597332721481413
437168,41.304,-120.09774,annual crop,2426,0.6298654834653119
54720,41.77089,-122.06308,annual crop,3736,1.0321608644190874
360278,33.59603,-114.61935,annual crop,3744,0
244354,36.65805,-119.51968,annual crop,361,1.0322079400107425
43253,38.42146,-121.70956,annual crop,3713,1.0158753683138007
156016,34.90655,-120.485,annual crop,264,0.7109402589695474
523852,34.29491,-119.14343,annual crop,2963,0
374688,37.74739,-121.27324,annual crop,3826,0.7582908547312445
46551,36.69308,-119.86511,annual crop,702,0.6952905545262534
170273,36.41618,-120.25893,annual crop,855,1.2398042840085914
514509,36.07493,-119.15437,annual crop,4470,0.9581624924163056
310120,36.96985,-121.48585,annual crop,60,0
129548,39.06065,-121.61587,annual crop,2654,1.0469016983103072
51369,36.84013,-120.59731,annual crop,1586,1.4163440573883093
75635,35.43192,-120.60581,annual crop,2805,0.9184336462454278
320629,33.57794,-116.06374,annual crop,2042,0
227887,40.65049,-124.27887,annual crop,1255,1.015143833059005
88964,32.71385,-115.34991,annual crop,524,1.1999372737516787
528117,36.64357,-120.14481,annual crop,4275,0
43685,36.63453,-121.67076,annual crop,3317,0
522189,37.99814,-121.60958,annual crop,1298,0
276468,40.51747,-122.23707,annual crop,402,0
440487,38.44924,-121.20895,annual crop,2790,0
152868,34.6054,-120.41909,annual crop,1855,0
498070,39.41331,-121.59745,annual crop,4192,0.6754398577727868
517287,37.81502,-120.72636,annual crop,4285,0.7456826999366629
270913,35.96304,-121.11219,annual crop,4132,0
225084,37.73045,-121.41357000000001,annual crop,1369,0.975671196533247
44076,39.78671,-122.20302,annual crop,4626,0
148292,41.912350000000004,-124.1469,annual crop,2187,1.2687056929424747
78006,33.32491,-117.25683,annual crop,1314,1.0312487017127818
342359,32.74264,-114.63458,annual crop,3538,1.221891692008482
294366,38.82762,-119.78131,annual crop,2319,1.0042448852451091
91612,38.40074,-121.68405,annual crop,1226,1.2003130202415826
359046,39.13688,-121.73156,annual crop,237,0.9982924299642958
275215,33.1057,-115.65113,annual crop,2496,1.1408273605550439
550006,33.56766,-116.02523,annual crop,3010,1.2857991765296282
505766,40.08028,-122.25122,annual crop,1006,1.0472787900788751
273043,35.1036,-118.59538,annual crop,1575,1.0790973947429443
118897,41.00704,-121.29607,annual crop,2627,1.153956528288397
512927,39.431,-122.20469,annual crop,3025,0
464282,38.24549,-121.60701,annual crop,1853,0.7735948194875175
302973,37.19318,-120.99685,annual crop,3983,1.1080784914196329
287703,40.5432,-124.12901,annual crop,2645,0.5636041251463787
236719,33.6479,-116.17805,annual crop,674,1.2918906437936042
549306,39.40143,-121.60725,annual crop,2348,0
296209,39.18381,-122.00697,annual crop,1628,0
491340,36.64313,-120.34508,annual crop,2464,0
254838,33.57222,-116.02901,annual crop,3116,1.4077910953469939
399667,36.89065,-121.8107,annual crop,129,0.5285008678802565
568597,37.93857,-121.13185,annual crop,3348,0
363947,32.73544,-115.36283,annual crop,4076,1.3533197620667483
44797,37.48986,-117.9147,annual crop,4735,1.1814853129209686
328146,36.63292,-119.71742,annual crop,2109,0.8928213090624995
419957,39.16433,-121.20585,annual crop,1058,0.7138954433822158
277182,37.97872,-121.58386,annual crop,322,0.9699882218402064
157465,34.19511,-119.04195,annual crop,920,0.4811481499260969
278527,36.71947,-120.21093,annual crop,1493,0.7890683651952424
248339,33.01746,-115.49072,annual crop,3846,1.090776969542422
135051,38.92888,-121.27985,annual crop,3240,1.114365178958156
448108,36.62489,-121.49754,annual crop,2271,0
317786,35.51604,-120.51882,annual crop,2648,0.7784782569612618
275454,40.8362,-124.05407,annual crop,632,1.0733107822355936
383648,36.11037,-120.19269,annual crop,2400,1.1705808068107872
45274,39.06171,-122.00338,annual crop,1676,1.0725360348573314
235727,37.87623,-121.52807,annual crop,3159,1.3596314315626246
267882,39.17625,-122.11076,annual crop,1019,0.8615801803127191
334792,37.24464,-120.41376,annual crop,3905,0.7944452670838402
246203,38.83961,-121.41071,annual crop,1347,1.2311337339875776
382603,41.31546,-120.09589,annual crop,4033,0.898926927524195
278626,36.06886,-119.71987,annual crop,4478,0.5638133794739841
589579,38.27266,-119.2561,annual crop,2534,0
45470,38.09351,-121.39685,annual crop,1223,0
178249,34.90634,-120.46733,annual crop,302,0.6866898009055971
428643,36.83375,-121.41783,annual crop,2675,0
213143,32.88093,-115.61382,annual crop,4442,0.8744877214737191
268493,33.51758,-114.64236,annual crop,737,1.1487547571892216
45628,33.2703,-117.25943,annual crop,2893,0
167497,38.63579,-121.57009,annual crop,2461,0.4296452809240722
463935,35.43242,-119.51573,annual crop,354,1.2539527974227187
374875,37.02827,-121.54053,annual crop,4142,0.5845238558743611
45750,38.14909,-121.43535,annual crop,2541,0
129470,39.41459,-123.32818,annual crop,3837,0.7255588230944823
171802,37.78606,-120.9272,annual crop,1345,1.336467564448509
459825,34.91066,-120.41523,annual crop,1507,0.822483923251043
483037,34.80994,-120.437,annual crop,3336,1.1387003119727341
450375,33.63296,-116.21821,annual crop,3189,0
432396,38.36057,-122.65738,annual crop,1312,0
513194,36.87926,-121.34,annual crop,1023,0.8182491020814141
152135,39.00727,-121.86493,annual crop,2840,0
300261,36.65986,-121.24825,annual crop,94,1.0624735684153306
559854,39.01638,-121.47286,annual crop,2125,0.7970145033122098
403144,37.04147,-121.54549,annual crop,880,0.8646002304058371
224649,39.15569,-121.83787,annual crop,3621,0
344803,39.75203,-120.26835,annual crop,3701,0.8154765874121086
351355,39.29547,-121.35668,annual crop,4936,0.9172426841381789
46405,39.37648,-121.74036,annual crop,148,0.646759510481643
142750,39.72322,-122.2035,annual crop,2200,0.6567679731260759
71534,36.72484,-121.66773,annual crop,646,0.677169970267167
514990,37.2975,-120.56761,annual crop,3285,0.751789019535334
537015,36.1636,-119.6415,annual crop,214,1.1320943908055028
202690,33.47587,-114.63253,annual crop,2803,1.425900576341052
225148,35.02429,-120.60854,annual crop,4861,0
430941,32.97829,-115.39546,annual crop,4529,1.0976716745544375
81572,41.80162,-122.04647,annual crop,4114,1.052784560809138
405364,34.87791,-120.37213,annual crop,777,0
114228,38.23675,-122.16702,annual crop,4394,0
126958,35.59662,-119.56053,annual crop,2394,1.1088963637081182
427369,34.17787,-119.10952,annual crop,4043,0.6174345953883255
259968,37.68654,-121.28707,annual crop,2466,0
485079,37.94552,-121.10126,annual crop,3251,0
218430,41.07441,-121.48923,annual crop,1888,1.1865651622844038
140563,36.17029,-119.82659,annual crop,3000,0.9313845374104794
467355,41.9128,-124.15498,annual crop,4891,1.5346479587509465
593137,34.33069,-119.08284,annual crop,2451,0.626982616976205
77926,36.25791,-119.41838,annual crop,2794,1.0222713617666876
200339,37.81636,-121.3862,annual crop,2951,0.7834358573982019
47283,34.62836,-120.28858,annual crop,335,1.0123684757183524
401639,41.81223,-121.98468,annual crop,888,0.9884801046267789
97471,39.07603,-123.45912,annual crop,3379,1.4180650448619223
303536,38.3257,-121.7741,annual crop,1896,0
242097,39.05143,-121.49014,annual crop,2764,0.757382024636316
80625,38.79104,-121.58569,annual crop,1282,0.6909825239906564
360893,35.22187,-120.59598,annual crop,4523,0
399258,35.48374,-119.34802,annual crop,3186,1.115251418806951
563359,41.50746,-122.87382,annual crop,4496,0.7545600549433612
212352,37.16645,-121.70784,annual crop,922,0
81712,36.92065,-121.35929,annual crop,160,1.1153583395387898
463107,38.03742,-121.42349,annual crop,120,0.7173703032482368
136825,41.795,-122.45703,annual crop,3487,1.1084327749899496
168576,37.92082,-121.62572,annual crop,1990,0.604242384694581
415817,38.01193,-121.5303,annual crop,3094,1.0445603963269285
495875,36.38996,-119.9922,annual crop,1510,0.8501489515971467
572236,35.20008,-120.61015,annual crop,3741,1.245256480078107
515667,33.04147,-115.6906,annual crop,2663,1.2509866885446137
464983,36.11218,-119.78452,annual crop,775,0.457296124758233
89681,39.09474,-122.11076,annual crop,3265,0.5692403590732645
206980,34.29527,-119.05551,annual crop,1622,1.4204042863502995
394704,36.69597,-121.58379,annual crop,2579,0.7198791725288031
296403,35.24174,-119.24722,annual crop,3656,0.9794541557249974
149431,36.50938,-120.07038,annual crop,3805,1.388381035837489
572794,36.76841,-121.62583,annual crop,3750,0.8712633967240234
169205,36.37649,-120.21211,annual crop,2227,0.9683952960800136
243469,33.27773,-117.1239,annual crop,4804,0.8185173458553919
157005,37.09319,-120.55604,annual crop,1811,0.8237028791974134
507073,40.54249,-124.13797,annual crop,4656,0
522626,36.91821,-121.67777,annual crop,1688,0.7569479946320112
360459,40.58979,-124.32534,annual crop,1370,0.5941619339715004
371734,37.61776,-121.10195,annual crop,1954,1.2127259828663797
179473,37.87491,-121.62688,annual crop,878,1.137611564687576
239247,37.26791,-120.62995,annual crop,2532,0
446780,38.26638,-121.23455,annual crop,3550,0.9302800366259654
49188,36.57806,-120.13984,annual crop,2045,1.2644649146417355
64982,34.77259,-118.56493,annual crop,588,1.2227343296351967
238967,38.90205,-121.25566,annual crop,3823,0.8351856427805602
91607,34.60462,-120.19624,annual crop,3477,1.0248302998456182
179502,32.75178,-114.6259,annual crop,3219,0
384872,38.60771,-121.68563,annual crop,1799,0
274840,40.61144,-124.23706,annual crop,367,0.8130824736467376
49374,34.65434,-120.41139,annual crop,3445,0.9191381890703665
100338,34.7576,-120.39468,annual crop,147,0
321890,36.64305,-119.73939,annual crop,4286,1.139022607720094
130508,37.00098,-120.65211,annual crop,2891,0.8343939415588284
140263,38.78981,-121.85337,annual crop,2144,0
49495,37.82532,-121.13302,annual crop,4571,0.7042742382425677
443926,35.13263,-120.53485,annual crop,4563,0.9333545028314167
296128,35.0228,-120.5769,annual crop,3509,0.8793960219032985
544927,39.09788,-121.57404,annual crop,1258,1.092342836786349
49821,36.89567,-121.79018,annual crop,886,0
384051,34.40588,-118.83315,annual crop,4008,1.181781065112942
522976,36.36727,-119.50504,annual crop,2092,0
49897,36.28888,-119.77335,annual crop,2218,0
364339,39.63249,-122.06733,annual crop,57,1.2184723263723922
485175,36.86468,-121.76802,annual crop,1846,0.7384432105386797
272969,36.05949,-119.65734,annual crop,259,0.6339457817379964
576368,37.96176,-120.17764,annual crop,3048,0
413913,40.43101,-123.97133,annual crop,215,0
222842,40.80727,-121.50274,annual crop,3458,0.5339461555808271
385000,39.19051,-122.25342,annual crop,2397,0
50271,36.98065,-120.61158,annual crop,4176,1.1333702574040498
372585,39.30129,-122.34725,annual crop,4824,1.2036934100790855
271245,38.37768,-122.92433,annual crop,1836,0.879472586546718
490545,38.69967,-121.46785,annual crop,344,1.0813327122247876
550512,41.18517,-122.1288,annual crop,2167,1.0684717869141882
281773,32.7644,-114.53327,annual crop,3856,1.1848795373428411
97199,38.35622,-121.73548,annual crop,5064,1.1351996694266366
260708,40.35988,-120.3471,annual crop,3928,0.698866784519848
398261,40.36159,-120.32544,annual crop,1242,0.32523585871229227
82263,34.90992,-120.50773,annual crop,2611,0.63289689530348
569439,41.49864,-120.49808,annual crop,1309,1.207514246070815
587289,39.22195,-121.15872,annual crop,4062,0.6176839455143293
185795,40.56337,-124.08518,annual crop,4267,0.9061232481846363
470056,36.42925,-119.76591,annual crop,2246,0.7596049539788271
510735,35.65752,-119.01858,annual crop,652,0.962546392302774
339851,39.16511,-122.02615,annual crop,3490,0
568861,33.19471,-117.16375,annual crop,3578,0.8801798407655788
216923,38.47135,-121.22757,annual crop,2854,1.0321645479218051
53178,38.36379,-122.68029,annual crop,556,0.9474026368006343
216046,38.62849,-119.51958,annual crop,1560,0.5399435922403193
51016,41.70831,-122.34758,annual crop,2987,1.1360817512079149
111618,33.35284,-117.17921,annual crop,1160,0
533045,37.18732,-122.03363,annual crop,1118,0.765096868321904
540760,36.86091,-120.55221,annual crop,2427,1.06743277915976
179129,33.66012,-114.62987,annual crop,3478,0
164489,35.96865,-118.99266,annual crop,3325,0
346692,37.01471,-119.98098,annual crop,2210,1.3130172202417136
144679,39.76296,-122.1802,annual crop,171,1.438565525913861
591789,36.74189,-121.72376,annual crop,742,0
367719,36.63625,-120.41985,annual crop,3911,0
51408,36.93593,-120.24904,annual crop,2887,0.8980305278951612
184254,36.72535,-120.47126,annual crop,839,0
194112,33.02469,-115.48951,annual crop,4393,0.9597784907886857
53515,32.97844,-115.34766,annual crop,2879,1.1624008013592972
541044,37.53376,-120.58833,annual crop,4456,1.2435664195907234
51874,32.72107,-115.42447,annual crop,4761,0
567398,38.46338,-121.21305,annual crop,2851,0.9162346931578292
132001,41.93927,-122.34122,annual crop,2169,1.158971472489669
572607,35.3475,-119.20301,annual crop,4401,1.1314624230229342
52328,36.985,-120.85179,annual crop,1982,1.3210799493790224
167541,34.9294,-120.51397,annual crop,3890,0
416223,38.6317,-121.55884,annual crop,3754,0.7815621761189149
302907,38.20426,-121.58591,annual crop,3556,1.3480535920676042
52531,33.09938,-115.54996,annual crop,3323,0
463179,41.62617,-122.41571,annual crop,3140,0.9708305930630634
227332,36.40105,-120.29766,annual crop,648,1.6349096281165063
419135,36.97553,-120.51769,annual crop,4992,0
52759,35.32937,-118.93874,annual crop,2994,0
467179,35.4483,-119.45109,annual crop,2303,0.8855211356129542
412440,39.33877,-121.9073,annual crop,4084,1.172447468357475
277929,36.91053,-121.73337,annual crop,2985,0.8730959943909246
129223,38.85234,-121.68325,annual crop,1585,0.9169628274442423
342503,33.04423,-115.70246,annual crop,3594,0
233073,35.45438,-119.4693,annual crop,1315,0
410644,36.21442,-119.6164,annual crop,829,0.6929297427146052
305969,33.52912,-114.668,annual crop,1045,1.0695610579356307
53242,39.7732,-122.12151,annual crop,4558,0
83049,35.76767,-119.29635,annual crop,1577,0
398681,38.46098,-121.63905,annual crop,4068,0.931953319500119
520347,39.78293,-123.26383,annual crop,1817,0
53274,40.80336,-121.89442,annual crop,4902,0
53277,40.80459,-121.89153,annual crop,1564,0.8958262627695743
87001,36.59581,-119.50875,annual crop,1533,1.1241395991392913
526203,38.74217,-122.04029,annual crop,2896,0
53425,39.25099,-121.68944,annual crop,1725,0.96485372236843725
342874,37.87822,-121.5232,annual crop,4928,0.9460899783837117
326849,36.91334,-121.35689,annual crop,2492,0.8278607429318934
275384,39.07411,-121.84797,annual crop,2681,1.2933415592890194
53476,32.78354,-114.60633,annual crop,5047,0
175013,41.41504,-122.86253,annual crop,3844,1.2317045000368418
73077,35.07051,-120.50252,annual crop,1794,1.623236814336752
140199,35.76631,-119.5459,annual crop,1652,0
105018,36.23889,-120.14434,annual crop,3817,0
482545,39.75406,-120.2747,annual crop,1080,0.6790982945278016
350692,41.96472,-121.90722,annual crop,5139,1.4725573063653485
427744,38.20479,-121.48831,annual crop,990,1.0165446930435291
398306,39.73988,-122.25623,annual crop,4361,1.4830992769685387
242267,33.66258,-116.20434,annual crop,2482,0
328468,34.55027,-119.83853,annual crop,796,0
488984,38.47048,-121.72377,annual crop,4462,0
73094,34.85742,-120.26919,annual crop,2976,1.6920118197842275
520429,33.28674,-117.15858,annual crop,3893,0.7948111574930343
369978,36.97364,-119.74198,annual crop,637,0
373556,36.25005,-119.78279,annual crop,1376,1.182125001101114
251963,38.61736,-119.47018,annual crop,306,1.1041591805685969
590512,36.15773,-119.3469,annual crop,613,0.7556663600679774
87481,33.08027,-115.60636,annual crop,4364,0
479624,35.35667,-120.78139,annual crop,2709,0
211932,37.94698,-121.41558,annual crop,2462,1.1054702087695998
237967,38.62485,-121.58666,annual crop,4947,1.010554938520967
54899,38.25747,-121.16795,annual crop,3178,1.298573484826292
422363,38.03752,-121.413,annual crop,1469,0
192926,35.53352,-120.33329,annual crop,1416,1.2022411911035369
239772,37.03381,-120.95221,annual crop,4939,1.2974138441855536
592065,37.76723,-120.77831,annual crop,1304,0
516126,38.17633,-122.43388,annual crop,288,0.7077304695109117
128916,38.34172,-121.21706,annual crop,1763,1.3285168815435466
55065,38.41662,-121.57688,annual crop,756,1.1208251475352056
299162,36.61451,-119.96026,annual crop,3652,0.9007502421221389
123363,33.07081,-115.50261,annual crop,2233,0
107128,39.0634,-121.70335,annual crop,3696,0.8221271389040935
116836,34.37855,-118.90405,annual crop,2869,1.1544914368814552
348715,34.29687,-119.05467,annual crop,2161,0.9487529930181825
478398,36.57981,-121.61074,annual crop,2559,0.7457565864168391
546364,33.5519,-116.1279,annual crop,2798,1.2904538227067435
482353,37.81061,-121.52944,annual crop,272,0.853369264066451
404282,37.10011,-120.16268,annual crop,364,1.0578043483722754
556286,36.68072,-119.83496,annual crop,2652,0.7665276369698918
547668,38.883540000000004,-121.6769,annual crop,4134,1.2925468985937578
152426,37.83728,-121.45349,annual crop,3610,1.1753922116897797
350499,38.36041,-122.92873,annual crop,425,0
513294,33.01783,-115.64016,annual crop,1529,1.1775113931255214
222548,38.74972,-122.00972,annual crop,4780,1.3947675211795203
210260,37.06393,-120.71088,annual crop,1859,0.8627809824365541
148187,39.44654,-121.74261,annual crop,127,0.7395406835428089
369879,36.41119,-119.82358,annual crop,4209,1.1819597485826465
150911,41.45366,-122.37652,annual crop,5163,0.6658206988988287
204132,33.55379,-114.63624,annual crop,1790,1.662599915253881
92033,35.67149,-120.64165,annual crop,4245,0.9491960320352257
56407,34.17791,-119.14563,annual crop,4241,1.346098289712336
339453,38.42654,-121.24057,annual crop,4653,1.1137437858638422
80974,36.48289,-119.74256,annual crop,840,0.7558336376436842
247865,38.93728,-121.89914,annual crop,3460,0.802656555353485
567157,34.604,-120.17255,annual crop,360,1.1810554408296832
116788,36.85973,-121.78095,annual crop,2752,0
546161,41.54853,-122.51115,annual crop,4633,0.8624523386092076
81157,39.77086,-122.15817,annual crop,3525,0
561446,37.58365,-121.15296,annual crop,1260,0
56814,33.53538,-116.14975,annual crop,3115,1.2858788551789155
159405,37.47381,-122.31568,annual crop,5052,0
240785,36.66871,-119.89368,annual crop,3762,0
57011,37.63957,-121.16631,annual crop,2480,1.038589376338156
231681,39.7628,-122.16084,annual crop,595,0
148678,41.6014,-122.85887,annual crop,1512,0
380635,38.22282,-122.56548,annual crop,1601,0
496643,36.46738,-119.38496,annual crop,187,1.04315206142264
453406,34.95528,-120.61665,annual crop,193,1.542191368457525
398082,36.75852,-120.13466,annual crop,2701,0
229991,33.62921,-116.1928,annual crop,252,1.304452836738193
114584,33.6537,-116.1675,annual crop,3822,0
403049,39.068,-122.64291,annual crop,3499,1.0886378988863852
386365,36.77602,-119.38179,annual crop,1574,1.2806604778269695
57431,36.51199,-121.04596,annual crop,844,1.148088176155648
354799,39.13498,-122.89193,annual crop,1490,1.1414692550058945
88245,36.29436,-119.61415,annual crop,3489,0.789648545023872
103152,33.46887,-117.32286,annual crop,4334,1.0006997791751564
471149,38.90826,-121.85046,annual crop,4073,1.0182070181910758
112407,36.93927,-121.41918,annual crop,4512,0
95901,36.24191,-119.40949,annual crop,1837,0.9105405932571317
249656,35.17462,-118.85774,annual crop,4222,0
100630,35.52137,-120.99678,annual crop,2407,0
328129,36.58384,-119.4171,annual crop,210,1.0974143294037684
570720,41.72709,-122.5919,annual crop,77,0
568546,39.26071,-121.47545,annual crop,4708,0.38206182216876405
435142,37.83632,-121.49113,annual crop,459,1.086507848091016
259578,35.47499,-119.41461,annual crop,1751,1.3854864363722885
219683,39.77513,-122.25744,annual crop,1651,0
353873,39.67825,-121.81524,annual crop,2572,1.181965822519622
343389,38.86004,-121.71506,annual crop,1117,0
58090,35.64036,-119.32358,annual crop,2070,0.9983759440220795
449545,34.27949,-118.91844,annual crop,2920,0
129587,38.85045,-121.64774,annual crop,521,1.0507036622339327
300467,35.66764,-119.83418,annual crop,1640,0
402021,33.79771,-117.37592,annual crop,3063,0.6201979249435172
320678,37.40591,-120.64154,annual crop,4301,0.9296536303997199
429770,34.18783,-119.13037,annual crop,5053,0.8291816143582809
360114,39.13561,-122.10895,annual crop,4643,0
421721,39.82487,-123.25408,annual crop,4815,1.2596705207701078
252052,34.87852,-120.46649,annual crop,3776,0.6736184026213641
58827,41.80542,-122.01032,annual crop,4844,0.9631952865665228
322995,38.28776,-121.45523,annual crop,2118,1.211091161336424
572702,33.1166,-115.77353,annual crop,847,0
135172,32.80204,-115.33086,annual crop,2811,0
356980,39.22321,-122.13173,annual crop,362,0.6450340877398303
148862,34.20431,-119.05415,annual crop,4403,0
59241,37.91848,-121.51068,annual crop,1181,0.9723466786825845
59343,38.66169,-121.91004,annual crop,4916,0
233617,38.92589,-121.78529,annual crop,1341,0
287133,38.3086,-122.70077,annual crop,2992,0.8685766199689446
481155,37.89159,-120.83025,annual crop,2079,0
292673,33.29421,-115.54183,annual crop,1177,0
121835,33.6585,-116.13515,annual crop,1517,0
180198,38.89336,-121.76939,annual crop,1530,0.9784340914681033
575975,36.14007,-119.24547,annual crop,2044,1.2488648709425418
408876,40.89237,-124.11696,annual crop,1805,0.9815384064184255
84580,33.03538,-115.4805,annual crop,1944,0.9521246036100206
509609,36.77325,-121.71579,annual crop,897,0.8695131886739732
598883,38.62841,-121.95016,annual crop,157,0.8562808315648278
548206,35.91826,-119.57807,annual crop,1825,0.7668178098904701
601002,34.2332,-118.95535,annual crop,3117,1.167517563349518
104963,39.1434,-122.89184,annual crop,4750,0.9874025499644272
184747,38.31005,-121.60556,annual crop,1148,1.3435397701998777
457151,37.08482,-120.58578,annual crop,3471,1.2919971595636506
559913,36.65129,-119.81963,annual crop,2587,0
217680,39.66181,-121.79565,annual crop,2183,0.8837586761548321
261962,33.50342,-114.7375,annual crop,534,1.1339278834507365
459324,33.04662,-117.03971,annual crop,4010,0.9578453633960883
413954,34.88054,-120.30413,annual crop,2049,0.767775378666614
593641,38.63724,-121.96438,annual crop,1072,0.9110129041050388
60634,40.7443,-121.44861,annual crop,4627,1.161388603657332
470063,37.65214,-121.22217,annual crop,115,1.075351133020812
433739,34.14611,-118.90209,annual crop,5079,1.4376831891704624
413239,36.24578,-119.98379,annual crop,703,1.3273850522445363
272936,38.3389,-121.42884,annual crop,1054,0
443008,37.9763,-121.50407,annual crop,3645,0
516301,38.68332,-121.64148,annual crop,916,1.6110688007782834
601527,35.31564,-120.77825,annual crop,825,1.037815526864451
336459,32.76962,-114.62166,annual crop,16,1.179496439637737
61411,32.74284,-114.64728,annual crop,4661,0
311112,38.28857,-122.78364,annual crop,1480,0
497007,41.03357,-121.45728,annual crop,1583,0.5951039852663963
128529,32.76889,-115.62295,annual crop,2008,0.6154921867234538
431374,40.58291,-124.23661,annual crop,3854,0
373851,38.47203,-121.67022,annual crop,4686,0.9922944740380887
82979,37.91133,-121.76262,annual crop,970,1.44749737244279
323711,40.59479,-124.27799,annual crop,4415,0.5100951667320549
210364,33.26369,-117.27235,annual crop,3082,0.8241561249338232
248373,40.3508,-120.21726,annual crop,1099,0.9890851090662175
518672,38.94259,-122.01021,annual crop,3901,0
288900,39.0671,-121.79786,annual crop,3192,0
557352,35.37165,-120.14483,annual crop,2247,0.9438674235128561
416222,36.1328,-119.21005,annual crop,3284,0.5602708676969956
89400,36.80181,-119.6361,annual crop,784,1.2181232493952563
62427,41.72803,-122.42962,annual crop,4671,0
161660,36.25918,-119.84486,annual crop,1841,0.9202871435619393
62679,37.99538,-121.45597,annual crop,2402,0
343164,37.30673,-120.64735,annual crop,104,0.8511056738351711
258145,36.85258,-121.69719,annual crop,3941,0
387313,33.60749,-116.11901,annual crop,638,0.9291390493574965
118716,37.80559,-121.18245,annual crop,2619,1.4226197952936022
341302,33.1963,-115.47147,annual crop,3300,0
287663,41.27958,-124.06808,annual crop,2694,0.630720640873441
602057,35.28728,-119.12121,annual crop,4371,0
152578,35.81008,-120.52786,annual crop,4669,0.6747723671469225
545394,39.68955,-122.28984,annual crop,4214,1.1300924232852956
286320,33.29803,-117.17286,annual crop,607,0
91049,37.97251,-121.54464,annual crop,4710,0.9058947414991948
103819,34.58308,-120.1035,annual crop,1721,0
454929,33.39438,-117.16283,annual crop,2245,1.1445879789096232
534932,38.50278,-121.79272,annual crop,1694,0.8722106924609506
220232,41.21964,-122.13173,annual crop,808,0.8066142635104568
411781,36.71219,-119.81449,annual crop,851,1.2156663445354592
458620,36.37243,-120.19497,annual crop,2121,0.6606485959932535
269906,35.91523,-119.04119,annual crop,2649,0.966055334948839
448109,36.56948,-120.15583,annual crop,53,1.2155789668750565
64148,39.86172,-122.16598,annual crop,413,1.0640994605781113
291067,35.16183,-118.87581,annual crop,2973,0
64221,39.77018,-122.19505,annual crop,2318,0
64382,33.60642,-116.12002,annual crop,4294,0.9248620930428304
569366,39.40076,-121.61406,annual crop,2026,0
246589,37.47972,-121.18222,annual crop,523,1.5316001617848825
317563,33.89768,-117.39474,annual crop,1568,0.31507057627143664
177995,36.43252,-119.55931,annual crop,1353,1.219783481628538
374617,32.7586,-114.54295,annual crop,3729,1.2630538636093878
352862,39.03523,-121.47302,annual crop,3402,0
104422,33.45027,-114.73821,annual crop,4595,0
302976,32.74101,-114.59509,annual crop,869,0
262128,36.94324,-121.36272,annual crop,310,0.7884616486312116
174048,38.58845,-121.74098,annual crop,2715,1.219686632614983
364043,33.27255,-117.2295,annual crop,2229,0.7075277856631275
549589,36.30364,-119.66872,annual crop,3448,0
519061,35.9912,-119.93977,annual crop,5158,1.394832448927633
106910,36.84846,-121.5207,annual crop,1730,0.8628697432139778
263693,35.65403,-120.48462,annual crop,1884,1.1584598579203975
593071,35.76598,-119.16411,annual crop,2040,1.3189922926123654
69523,39.00976,-122.83014,annual crop,4025,0
602242,38.27408,-122.8802,annual crop,4074,1.1131860669783715
158631,38.75794,-120.74093,annual crop,3660,1.0090495076212236
84506,38.73905,-121.62776,annual crop,4606,0
345193,41.93898,-124.18798,annual crop,5160,1.0451754801125563
203780,36.95255,-120.79578,annual crop,5093,0
203523,34.75972,-120.43005,annual crop,4110,0.7310169640858987
585300,38.32402,-121.6175,annual crop,1129,1.31874562697134
585205,36.99192,-120.65602,annual crop,1787,0.9899478147651842
396569,39.3895,-122.057,annual crop,2443,0.8684600668460251
146225,32.94042,-115.63442,annual crop,1633,0
592676,33.57528,-114.57761,annual crop,797,1.3096504831699882
390425,33.55033,-114.70693,annual crop,4694,1.0186356406187551
65808,36.7073,-119.86303,annual crop,3581,1.1139278840275022
213971,33.08413,-115.68802,annual crop,1779,0
65855,33.69183,-116.14135,annual crop,3297,1.1567121660885031
65900,35.25026,-118.80872,annual crop,40,0
123001,33.44902,-116.06678,annual crop,1926,1.1780946219904707
414644,36.07943,-119.44298,annual crop,2878,1.162014335473807
118163,34.45832,-119.83211,annual crop,1589,1.2234268569877627
65957,38.78889,-119.75112,annual crop,2723,0
184414,35.44001,-119.31188,annual crop,2275,0.932640667703361
541849,39.17249,-121.75621,annual crop,3247,0
153154,37.09871,-121.94973,annual crop,420,1.8428645366808314
308506,32.99969,-115.67772,annual crop,4886,0.968772488319855
372927,34.40152,-118.81545,annual crop,194,0.986748260323794
94154,36.52493,-119.40957,annual crop,3106,0
66388,33.4813,-117.24595,annual crop,4878,0
66417,41.02828,-121.37687,annual crop,2072,0
66450,34.03978,-117.81563,annual crop,3758,0.8632441697403319
432467,39.06114,-121.69262,annual crop,2550,0.47581108137968725
137390,34.84791,-120.37747,annual crop,1256,0
263022,36.70879,-120.36513,annual crop,3814,1.3061302802416115
526112,35.18919,-118.80048,annual crop,3974,1.1072229545889054
284490,38.51943,-121.70106,annual crop,3540,1.0387206994721767
146015,38.26733,-122.91939,annual crop,1584,0
173164,37.12396,-120.41218,annual crop,3494,0.8580032242890153
147620,37.35286,-121.01992,annual crop,2623,1.0466198502096828
370679,38.76385,-122.16678,annual crop,3169,0
470754,36.31196,-119.37988,annual crop,4601,1.2981787111338687
205108,38.5726,-121.82338,annual crop,2687,1.12988327378344
282422,33.62226,-114.6645,annual crop,3253,0.43706040248531536
357175,33.02167,-115.46775,annual crop,4590,1.0647945232026352
67522,39.41865,-121.71714,annual crop,3193,0.8543829782346436
369136,36.01319,-119.32598,annual crop,3653,0
438093,38.7266,-121.40708,annual crop,3112,0
463104,37.31243,-120.77297,annual crop,232,0.6681469064851688
414637,38.22589,-121.08768,annual crop,4981,0
564539,38.25452,-121.24025,annual crop,4207,0.6776028643473025
601685,32.75786,-115.36869,annual crop,624,1.218604255294034
68296,33.53177,-114.62364,annual crop,3625,1.5683013968204063
475490,37.9958,-121.37536,annual crop,3043,2.0615610454799915
113202,40.36421,-120.38652,annual crop,3924,0
122139,36.8865,-120.66107,annual crop,2906,0
503106,36.43378,-120.30121,annual crop,3126,0
119864,37.93644,-121.57762,annual crop,2197,0
444241,36.37021,-121.25897,annual crop,3071,0.7907057991677607
482793,38.24351,-121.19679,annual crop,3897,1.074406606422073
288243,36.0401,-120.92151,annual crop,1202,0.9653688057162539
141021,36.03854,-119.34342,annual crop,3136,1.1140253223876675
149802,32.74885,-114.60209,annual crop,908,1.6961756501448662
239493,41.24592,-120.53937,annual crop,1462,0.7147884832219512
577956,35.46209,-119.38362,annual crop,65,0
479784,39.47791,-121.69534,annual crop,1127,0.29448397033549606
165143,32.67694,-115.46287,annual crop,1881,1.216890730748569
366040,33.80191,-117.03133,annual crop,3910,1.4990341718065572
211556,35.31511,-118.82707,annual crop,1237,1.3267509523148588
69555,35.00082,-120.45161,annual crop,499,0.8166408355585144
491636,36.76049,-121.71598,annual crop,262,0
154726,38.08155,-121.45427,annual crop,2258,0
285399,38.75552,-121.82771,annual crop,4789,0
388577,36.81502,-119.72965,annual crop,1866,0.6312661064472542
374365,34.66651,-120.43946,annual crop,1184,0.6634454437890851
596209,36.08435,-118.82738,annual crop,1778,1.414445311372406
423093,36.16349,-119.8389,annual crop,4849,1.216526450576612
452903,32.82369,-115.49745,annual crop,208,0.5226205444249643
443876,35.9798,-119.81991,annual crop,3659,0.5468676431963148
583253,36.27438,-119.45899,annual crop,1803,0
70204,34.39409,-118.81267,annual crop,4000,0
95209,35.48045,-119.41457,annual crop,4481,0
567544,37.9672,-121.5116,annual crop,3546,1.0105815386771801
272714,34.92463,-120.42634,annual crop,545,1.2337034891475063
70585,37.2522,-122.39501,annual crop,4320,1.425507325293588
157010,38.96631,-121.41618,annual crop,4862,0.8727813623156783
581853,36.11856,-119.68629,annual crop,3044,0.6434180805469734
314613,41.44523,-122.86423,annual crop,1707,0
481123,34.23985,-119.22063,annual crop,1460,0
438757,37.6849,-121.39696000000001,annual crop,1076,0
84538,39.63671,-122.25963,annual crop,1675,1.9831472439518585
107460,37.61925,-120.63296,annual crop,3425,0.9642537229353643
449996,34.91513,-119.51605,annual crop,2095,0
477145,40.56436,-124.08497,annual crop,43,1.0161991243647714
330500,34.88669,-120.38147,annual crop,3001,0
159291,36.72084,-119.71618,annual crop,1447,1.0720996695494156
326561,36.27263,-119.75217,annual crop,2745,0.73507980593329
194505,36.73343,-121.72885,annual crop,3301,0.596070420595572
86688,32.75367,-114.61495,annual crop,1366,0.8728977109914304
95612,39.42856,-123.3108,annual crop,4877,1.0414739295604125
382067,39.80097,-123.22794,annual crop,37,0
286873,35.95931,-121.11474,annual crop,551,1.1701866184978078
495541,33.82219,-117.02622,annual crop,991,0
197679,39.01596,-121.91114,annual crop,1483,0.9432386444377711
360267,34.36709,-119.02793,annual crop,539,0
71964,36.93291,-120.62925,annual crop,2898,0.8703990306601237
98539,38.15765,-121.56699,annual crop,2252,1.4434520971896185
197646,38.63614,-121.66627,annual crop,3066,1.082411058514627
420047,33.20238,-117.17522,annual crop,4904,1.2189707253625337
440146,38.88597,-121.59108,annual crop,1677,0
72184,36.88895,-121.6376,annual crop,1830,1.1464933189846596
367420,37.79172,-121.48937,annual crop,874,1.824670725861471
72310,41.50413,-120.52445,annual crop,3570,0.8047613786971961
72593,35.22354,-120.61419,annual crop,3949,0
379786,36.31982,-119.68612,annual crop,4539,0.97942581350048
385137,36.25973,-119.85285,annual crop,2460,1.1351660317400358
72767,38.45973,-121.79107,annual crop,3586,0
72853,38.26676,-121.60966,annual crop,2405,0
218015,40.89629,-120.18789,annual crop,945,0
500059,37.55929,-120.74173,annual crop,2918,0
400606,37.82494,-121.17881,annual crop,3037,1.1088222461497306
313346,36.75815,-120.55383,annual crop,85,0.693978191697073
76748,38.34287,-122.74993,annual crop,19,1.4294009711772626
73085,39.6691,-122.19022,annual crop,2248,0
214820,38.97895,-121.55449,annual crop,3871,1.478457515386042
73897,37.72156,-120.7812,annual crop,3062,1.103223309236016
457762,41.02139,-121.28331,annual crop,1295,0
97530,34.609610000000004,-120.21221,annual crop,1204,1.4387761281183027
93404,38.47077,-121.4862,annual crop,4411,0
407223,39.20059,-121.89646,annual crop,937,1.4558424954616298
181766,39.28319,-122.19337,annual crop,2084,0
73775,33.25369,-117.27515,annual crop,1329,0
588562,36.26186,-121.21802,annual crop,2680,0.8011163709321372
111422,34.75575,-120.38474,annual crop,5080,0
356553,38.90543,-121.92572,annual crop,4155,1.0625475101506405
284950,33.27276,-117.24981,annual crop,2499,0.9611354272761884
124456,33.53015,-117.55279,annual crop,982,0.9779449945770183
73990,41.86591,-121.37614,annual crop,1292,0
535807,41.39594,-120.5254,annual crop,2396,1.120042826778737
309170,36.70715,-120.49366,annual crop,182,1.124201560384253
186605,35.64847,-119.45314,annual crop,3093,1.2391003585406624
345856,40.54313,-124.14747,annual crop,3359,0.7742420015010483
74367,33.53717,-114.72041,annual crop,4147,0.8281255551381479
248756,37.07623,-120.76025,annual crop,645,0.9086242193695739
136863,39.55523,-121.98213,annual crop,1501,0.5197356946707645
389471,33.53916,-114.60069,annual crop,4966,0.8226172041746196
566488,37.00341,-121.4912,annual crop,2781,0
194410,35.12872,-119.13506,annual crop,2149,0
279079,37.08743,-120.57095,annual crop,3743,1.091628669874986
413323,37.96005,-121.56247,annual crop,377,0
272803,35.14106,-119.06163,annual crop,1549,0.8831845276826671
504077,38.08392,-121.25555,annual crop,1020,1.112060642849469
75610,41.07148,-121.35708,annual crop,417,1.6496423664529598
389639,38.49839,-121.63626,annual crop,3965,0.5843281882286749
75690,39.53349,-121.9996,annual crop,3699,0
498117,33.68852,-114.57909,annual crop,3161,0
229849,34.62129,-120.22524,annual crop,2027,0
176367,39.45844,-121.74623,annual crop,4198,1.026312848086734
110555,33.60494,-114.62401,annual crop,1461,0
404057,36.91922,-120.54164,annual crop,3252,0.9546187076851832
193350,38.628,-121.70082,annual crop,972,0
223662,38.14125,-121.64551,annual crop,3254,0
323041,38.4874,-121.86295,annual crop,4020,1.0739991998069818
501437,36.86527,-120.47712,annual crop,672,0
436910,35.75836,-119.27404,annual crop,762,1.440964248781589
528149,34.39873,-118.8124,annual crop,1374,1.0098761953549886
362344,37.194,-121.7356,annual crop,4055,0
485863,38.86259,-121.42965,annual crop,5126,0.844801175743189
478860,37.69061,-121.23522,annual crop,3517,1.3500456129477914
168880,38.86548,-121.36091,annual crop,3545,0
550599,36.87471,-120.63376,annual crop,130,0.92494200114436
133139,36.59275,-120.44729,annual crop,1521,1.007230307811493
429347,38.12472,-122.50097,annual crop,497,1.1590951924178896
321971,36.96096,-120.83948,annual crop,4031,0
228929,38.26003,-122.80319,annual crop,1770,1.272886991521797
221993,36.95416,-120.65147,annual crop,5099,0
77184,39.79611,-122.24765,annual crop,2080,0.6005365695535451
406428,38.10241,-121.43344,annual crop,3403,1.0500218296854933
234132,36.29076,-119.16898,annual crop,2733,1.2500259222669117
152483,41.8533,-121.91583,annual crop,1861,1.0697307541236907
85051,36.14816,-119.74868,annual crop,4944,1.0708073628625059
217322,39.82006,-121.94455,annual crop,938,1.2745822252746988
254756,36.98197,-121.51353,annual crop,3906,0
428472,38.24212,-121.3229,annual crop,4582,0
236187,35.16047,-119.1946,annual crop,1250,1.6371644441178952
460925,38.31323,-121.0036,annual crop,603,0.9378558300313586
77636,32.77547,-114.60235,annual crop,831,0.9057363790492804
570863,37.04185,-120.71972,annual crop,2179,0
176848,37.49458,-120.88655,annual crop,369,1.196008223864232
404976,37.62586,-121.26588,annual crop,2283,1.1580882533590648
186935,36.04792,-119.71075,annual crop,4716,0.920653904670421
156363,36.98669,-120.09542,annual crop,21,1.1686045017050897
77776,35.13459,-120.51794,annual crop,3164,0
260060,36.45104,-119.82285,annual crop,4196,0
213331,38.731,-121.78293,annual crop,4651,1.332504118715564
324553,36.96039,-120.52975,annual crop,4295,0
78083,36.25645,-119.77073,annual crop,2996,0.9847495281922715
115887,38.23062,-122.43763,annual crop,4962,0
356998,37.89363,-121.65772,annual crop,1708,0.6706075672191693
149176,36.36637,-119.97383,annual crop,3963,0.9528045681628295
506195,35.01736,-120.56874,annual crop,1456,0.846408500365841
283770,38.19637,-121.21816,annual crop,156,0
161064,38.27476,-121.56598,annual crop,2199,0
501249,41.01635,-121.42559,annual crop,1487,1.204823291379235
518877,35.12384,-118.9075,annual crop,2166,0.9640686266773087
167138,37.73912,-120.77735,annual crop,3435,0
381427,34.38576,-118.84889,annual crop,2695,0.6875212842453607
172194,36.32079,-121.23384,annual crop,1625,1.050242300033727
393510,39.45141,-121.72641,annual crop,2419,1.1060691862978214
79443,38.2264,-121.26163,annual crop,2746,1.4471184624808477
341821,32.81467,-114.57023,annual crop,1229,0
583130,33.73872,-117.19876,annual crop,746,1.2421054983230297
79775,36.74784,-120.152,annual crop,1863,0.7993496757794819
80019,40.3751,-122.18407,annual crop,1876,1.4382969294125507
222560,36.94433,-121.5378,annual crop,284,0
307992,41.95532,-121.56398,annual crop,1561,0
80338,36.59801,-120.08193,annual crop,5022,0
537223,33.70819,-114.50869,annual crop,1734,0.7904637290812884
546739,37.89401,-121.34405,annual crop,1412,1.2977543240052767
335887,37.92192,-121.66453,annual crop,2201,0.5708089169976096
366402,37.79504,-121.44346,annual crop,4208,0
80921,33.58633,-114.61597,annual crop,2642,0
245401,36.9937,-121.48525,annual crop,4051,1.3133660537969185
594295,41.64041,-122.52909,annual crop,1183,0
471954,38.79337,-121.61361,annual crop,5112,1.066426489008111
152378,38.34204,-121.47945,annual crop,4929,1.0373955433283506
352783,38.9616,-121.21578,annual crop,2881,1.2638731762382982
487922,36.26259,-119.20594,annual crop,1620,0
499169,36.25989,-119.80538,annual crop,584,0
531370,35.26138,-119.0097,annual crop,3979,1.0735558204592222
161916,35.2569,-119.02375,annual crop,5045,1.0070800839676504
131866,37.0111,-120.85046,annual crop,1942,0
122197,41.45456,-122.87582,annual crop,340,1.2657514438609394
178949,37.05657,-120.67298,annual crop,4755,0
503190,38.17058,-121.5456,annual crop,1621,0
266257,38.20654,-122.54203,annual crop,2732,0.7744475337396154
147661,38.24703,-121.61818,annual crop,2135,0
343517,41.9271,-121.35096,annual crop,408,0.9916836828962672
221627,38.60477,-120.51538,annual crop,4873,0
451169,35.80495,-120.34615,annual crop,1098,0.8979106470297905
428302,34.78429,-120.15042,annual crop,1078,1.1833025333674085
258458,34.64006,-120.22162,annual crop,1844,0
158746,35.27437,-120.711,annual crop,1022,1.0327912507070138
217785,35.04271,-120.56473,annual crop,4797,0.7070786776653291
598642,36.28261,-120.00817,annual crop,1417,0.7795121063424165
82527,37.40127,-122.41145,annual crop,3883,0
284886,41.86286,-121.38422,annual crop,1955,1.0521215606708196
260077,37.70099,-121.02128,annual crop,4390,0.9900747275707091
92290,36.23663,-120.07072,annual crop,2903,0.8955601988110706
481579,38.45089,-121.78869,annual crop,3554,0
121684,32.81233,-114.53336,annual crop,744,0.8561831874907284
125665,36.07607,-119.71109,annual crop,997,0.9213659918949062
208517,36.82806,-121.27902,annual crop,4799,0.9193779392938479
186534,37.0032,-120.65706,annual crop,2243,1.0622163401235587
111316,38.33304,-122.28574,annual crop,2655,1.0943799504103273
430676,33.27206,-117.25759,annual crop,4350,0
193687,38.69304,-122.0322,annual crop,875,1.0845692275259475
102515,40.09663,-122.08877,annual crop,216,1.489284527720393
137683,33.8267,-117.34672,annual crop,4288,1.5819459089319894
126074,33.27739,-117.11209,annual crop,2132,0.7383626509567057
428340,36.09204,-120.07862,annual crop,4004,0.7529736387076327
176891,38.27359,-121.54847,annual crop,329,1.3132922262256823
84192,38.5296,-121.69959,annual crop,3637,0
439296,37.09391,-120.56464,annual crop,3121,0.8235965505473606
306005,38.09026,-121.37915,annual crop,1452,1.0029526137941096
91883,38.64074,-121.54064,annual crop,3838,0.37065868602571933
173692,34.97976,-119.6768,annual crop,3436,0.794061539791365
213901,35.71185,-119.53956,annual crop,3836,1.1662390674710053
229550,36.88363,-120.51048,annual crop,4867,0
85484,38.43605,-121.93599,annual crop,988,0
478958,36.94148,-120.59259,annual crop,2490,1.4498013312506286
532614,37.05313,-121.58012,annual crop,3260,1.103016726838496
435833,36.85437,-121.20051,annual crop,3017,0
242836,39.60447,-122.23504,annual crop,268,1.1993973496282173
227294,36.65035,-120.32037,annual crop,2211,0
207578,38.97992,-121.89957,annual crop,1086,0.9305595525886011
437948,38.24492,-122.43239,annual crop,4905,0.8829170897954646
266967,35.97453,-119.00156,annual crop,1626,0
104404,38.84465,-121.62736,annual crop,4720,0
86315,38.77493,-121.87944,annual crop,1983,0
109580,35.1344,-118.87544,annual crop,2639,1.2852496656207428
271109,36.15659,-119.85087,annual crop,2624,1.2612133633037264
86724,41.90397,-121.33877,annual crop,4351,0
103156,37.51227,-120.80652,annual crop,18,0
87296,38.01092,-121.44715,annual crop,1872,0
305324,38.11752,-121.51537,annual crop,2508,0.6725965380602895
509194,34.76112,-120.34631,annual crop,3604,0
595033,36.93529,-120.80222,annual crop,1683,0
87599,37.00335,-120.92526,annual crop,496,1.0933156708132066
359573,35.99078,-119.22818,annual crop,1240,0
87738,39.96173,-122.16877,annual crop,3723,0
341890,39.13403,-121.50273,annual crop,3449,0
98611,38.83743,-121.45247,annual crop,4,1.0949906526858242
88214,36.37478,-119.11757,annual crop,509,1.2491747090994805
489905,37.90241,-121.03154,annual crop,2406,0.6764410956877028
422489,37.60066,-120.74047,annual crop,2279,0
96286,36.66941,-119.71739,annual crop,4837,1.0286030619335451
147281,39.46553,-121.73696,annual crop,1012,1.3912388225673438
505123,36.98337,-121.74404,annual crop,3959,1.2328494097258165
330434,38.75925,-121.7314,annual crop,4629,1.7002851268462464
243740,36.5545,-119.30658,annual crop,5019,0
267237,36.35437,-120.2531,annual crop,1649,0
208660,35.85052,-119.18707,annual crop,3378,0.4413065469247061
89228,33.64857,-114.60419,annual crop,890,0
347045,32.90468,-115.61711,annual crop,451,1.239975412970874
220352,36.42126,-120.03462,annual crop,4619,0.6346304731408516
89503,40.50963,-122.53826,annual crop,4150,0
307676,37.93202,-121.0252,annual crop,4967,0.7460063177132605
430160,34.62519,-120.28355,annual crop,2450,0.9867432201665035
166996,38.17955,-121.31219,annual crop,4603,0
200959,39.01772,-121.62176,annual crop,4039,1.2086014696552168
89752,37.37847,-118.40035,annual crop,3564,0
340761,40.36842,-122.32995,annual crop,2773,0.6639426767705919
555070,37.01553,-120.14195,annual crop,5003,0.9659012748345491
598326,40.58767,-124.27772,annual crop,3123,0
364041,34.156,-119.09876,annual crop,2880,0
256203,37.25777,-120.64169,annual crop,912,0
93094,36.38799,-120.08965,annual crop,4739,1.2124552582854313
587685,36.47331,-119.59888,annual crop,2634,0
213322,38.22912,-122.06117,annual crop,2015,0
519996,35.62001,-119.39152,annual crop,4098,0.8329572762387393
317864,35.7958,-119.31038,annual crop,4670,1.4055327306289445
170735,33.57593,-116.19168,annual crop,4459,1.2518870995547553
329357,35.14637,-118.82009,annual crop,2758,0
560844,35.21869,-119.28989,annual crop,4614,0.5851763966095611
499226,38.30146,-121.2323,annual crop,3502,0
91424,36.96388,-120.35259,annual crop,4662,0.8510475508801477
555546,40.03466,-120.1051,annual crop,4054,0.9068235574605618
219880,36.76217,-120.13914,annual crop,1231,1.8308510602121253
547902,37.22323,-120.70149,annual crop,766,1.018370116944551
242326,38.29396,-121.51343,annual crop,2553,1.1465100684523615
391798,38.34465,-121.4257,annual crop,3319,1.3460984207922158
324646,32.6991,-115.46735,annual crop,1281,0
265567,36.44178,-120.36445,annual crop,3234,0.6111880818299575
552892,37.83818,-121.5462,annual crop,713,0.7249162499218731
241828,41.86019,-121.52022,annual crop,1806,0
95686,36.30868,-119.1608,annual crop,2564,0.992794432268713
451525,41.05278,-121.10134,annual crop,2804,0
502463,39.42361,-121.7313,annual crop,3722,0.5361531214995522
93375,33.44731,-116.06309,annual crop,1582,1.6621086050371512
501955,40.80338,-124.08097,annual crop,2800,0
469783,35.43755,-119.5102,annual crop,2750,0
149558,34.6189,-120.1505,annual crop,2592,0
423294,34.61518,-120.16403,annual crop,3141,1.1774924880811821
149211,37.76405,-121.4732,annual crop,963,1.068984819278977
217330,36.80928,-119.50849,annual crop,2558,0.8651584437254906
550667,37.29668,-120.29094,annual crop,3202,1.2429234823085307
375490,36.37451,-119.68655,annual crop,567,1.0180119470678985
94071,35.05254,-119.97152,annual crop,4106,0
316425,36.62497,-121.50092,annual crop,2668,0.770084446790419
94164,36.77085,-121.74617,annual crop,4956,0
217655,33.51962,-117.03416,annual crop,5044,0
94455,38.80522,-121.80024,annual crop,1274,2.0890262820620946
323660,38.87897,-121.59741,annual crop,4704,0
285431,36.85401,-121.76928,annual crop,710,0.7881693544384636
94714,32.76294,-115.39334,annual crop,3522,0.9663087465270631
200514,37.63761,-121.23465,annual crop,716,1.4470229853261933
95107,36.25752,-119.93648,annual crop,430,1.0384958714101937
591509,41.19678,-121.13005,annual crop,90,0
171638,36.32957,-120.17365,annual crop,3007,1.0953790623981643
319454,37.5769,-120.84541,annual crop,5142,0
378102,41.55333,-120.15022,annual crop,1141,1.0957705525130355
116389,35.75612,-119.12402,annual crop,4326,0
141787,33.42876,-114.66593,annual crop,4219,1.2093710712196244
230062,37.77778,-121.32699,annual crop,2977,0.6885528426783034
412287,40.58346,-124.24733,annual crop,4395,0
155280,40.41461,-123.92667,annual crop,4870,1.117893993693967
97008,36.07062,-119.53938,annual crop,1729,1.460524972728566
532154,39.09708,-121.50156,annual crop,1814,0
292947,34.90108,-119.50431,annual crop,1189,0
180913,33.55574,-116.0189,annual crop,2190,0.6136834867598224
96964,40.35939,-120.41178,annual crop,1108,0
443743,37.95022,-121.43456,annual crop,1039,0
99396,36.34211,-121.36148,annual crop,5081,1.2451051602652676
97674,33.61236,-116.19698,annual crop,4608,0
97745,39.74526,-121.94542,annual crop,2365,0.9758968128200979
115511,33.58266,-116.19124,annual crop,700,0.8741484490692949
205378,33.04096,-115.40176,annual crop,2411,0
98043,34.67198,-120.46377,annual crop,3830,0.4539269634574467
348473,38.19829,-121.59163,annual crop,4224,1.962027892122667
200647,36.3953,-119.66658,annual crop,1083,1.046320625793526
588122,33.70669,-116.24858,annual crop,4896,0
347760,38.2569,-122.73299,annual crop,3480,1.4785469656374688
210454,41.13847,-121.09366,annual crop,281,1.1155677419615126
121468,34.84978,-120.37996,annual crop,1670,0.9145585002664058
217938,37.18028,-122.03171,annual crop,887,0
213906,39.69085,-120.23174,annual crop,4538,1.0857760850508804
154488,38.21362,-122.41048,annual crop,2244,0
582902,38.35088,-122.81019,annual crop,3824,0.9630892694699751
129651,37.23094,-120.55568,annual crop,4646,0.8418288131120271
223836,33.59198,-114.6509,annual crop,1687,1.6528760426522449
99170,33.82746,-117.1079,annual crop,2415,0
493200,34.38081,-118.96213,annual crop,2064,0
513574,41.91271,-121.92473,annual crop,2285,0.5042959108918249
456317,37.29794,-120.54018,annual crop,2953,0
284762,33.29052,-116.34449,annual crop,2999,0
320819,33.57961,-114.58969,annual crop,793,1.5375774953689612
393904,36.84868,-119.94996,annual crop,3268,0
126423,36.33457,-119.14768,annual crop,4135,0
236127,33.52461,-114.64097,annual crop,2657,0
228257,40.2826,-124.25085,annual crop,4821,0
412270,36.87692,-121.77662,annual crop,1631,1.0158346327005796
365583,33.56106,-116.19346,annual crop,4785,0.8184679517442629
438388,36.56317,-120.14533,annual crop,2698,1.0457731778895132
297468,34.39942,-118.79623,annual crop,1097,0
238153,36.73849,-121.73486,annual crop,1753,0.7722959517715503
481822,32.96709,-115.47013,annual crop,3985,0
516486,38.42541,-121.58075,annual crop,384,0
390384,37.7812,-121.33035,annual crop,3819,0
542165,41.14993,-121.15769,annual crop,2743,0
140847,38.1569,-121.48847,annual crop,4260,0.9229333220746174
414695,38.90144,-121.56302,annual crop,642,0
259000,41.96325,-121.34978,annual crop,4337,0
535646,33.27207,-115.56407,annual crop,947,1.309270938312336
367274,33.64993,-114.59466,annual crop,4029,0
496061,38.82914,-121.48936,annual crop,2349,1.040125772419731
556609,36.91013,-120.6013,annual crop,2185,0
348132,32.80496,-115.40082,annual crop,2159,0
284054,34.93415,-118.29071,annual crop,1338,0
102009,38.23836,-122.79404,annual crop,5075,0
102480,39.74194,-122.25899,annual crop,978,0
124875,38.30285,-120.9985,annual crop,465,0
475068,36.92158,-120.57931,annual crop,2971,0
168591,34.75268,-117.95983,annual crop,1111,0
560255,35.18443,-120.52922,annual crop,4181,0
128555,33.62688,-114.59016,annual crop,1067,1.3399385628300875
400812,37.00726,-120.65979,annual crop,1709,1.3108206458683247
280252,33.46666,-116.08432,annual crop,4576,0
390643,37.87648,-120.80862,annual crop,4421,1.3542523742268566
440248,41.56988,-122.81181,annual crop,3340,0
273113,34.95661,-120.48675,annual crop,2714,0
311714,38.94154,-121.50767,annual crop,4526,1.0124528001995794
338040,34.23752,-119.2297,annual crop,3728,0
297545,41.60893,-122.89332,annual crop,2320,1.2638848752734477
104011,36.26354,-119.79564,annual crop,2614,1.2378407936017604
191967,33.28083,-117.27632,annual crop,4141,0
353152,39.20735,-121.93922,annual crop,941,0.8764699486358808
389981,34.93631,-120.48348,annual crop,2323,0.960449825403329
481134,36.36729,-119.50922,annual crop,4427,0
507684,38.25428,-121.64423,annual crop,1273,1.4424997806715305
104771,39.38612,-121.74396,annual crop,2098,0
362837,35.44715,-119.52954,annual crop,4990,0
308762,37.94016,-121.48071,annual crop,1360,0
105620,36.16798,-119.43447,annual crop,1450,0
480036,39.13894,-122.12241,annual crop,1865,0
321462,39.09809,-123.20712,annual crop,1267,0
226465,40.19594,-122.1795,annual crop,4249,0
106089,39.35942,-121.59319,annual crop,2890,0
309185,37.93073,-121.12765,annual crop,3181,0
212935,38.21596,-121.5773,annual crop,4586,1.149189301327875
529077,39.19754,-122.05391,annual crop,809,0.76668554215803
197975,37.96291,-121.5926,annual crop,2847,1.309672534231217
107465,39.69923,-122.16946,annual crop,3611,0
503923,35.59176,-120.72814,annual crop,2358,0.943404682586184
235600,33.5948,-114.5862,annual crop,392,1.3533413159200924
107908,40.7449,-121.45154,annual crop,5012,0
443532,37.83993,-121.37877,annual crop,4397,1.070771947926523
168612,33.46575,-117.32775,annual crop,4771,0
108308,37.84396,-121.51656,annual crop,4052,0
257690,35.27509,-120.72012,annual crop,2932,0
149402,36.60207,-120.12179,annual crop,2761,1.1787170491538017
112668,41.70993,-122.39736,annual crop,4955,0
283642,34.20235,-119.07078,annual crop,2194,0.8502014226656915
413527,33.53393,-116.08403,annual crop,698,0.9756345269311477
275760,38.19793,-121.50915,annual crop,4229,1.4005287476140067
419320,35.20762,-120.61985,annual crop,4032,0
529092,36.11327,-119.72294,annual crop,3796,0.9640199817979627
438369,34.20439,-119.03594,annual crop,1852,0.8048742574146197
109541,34.36189,-119.03235,annual crop,4044,1.2427195751133424
109643,39.00447,-123.36127,annual crop,1371,1.4923137174749947
227290,34.39736,-118.74198,annual crop,5155,0.8651108275291526
374660,33.89409,-117.43442,annual crop,5135,0
115187,35.04615,-119.9386,annual crop,679,1.1184954001529048
280221,34.40218,-118.73105,annual crop,348,1.3124151747663713
596005,33.51271,-116.11545,annual crop,4003,1.006582804374609
323243,34.40063,-118.74188,annual crop,4495,0.6440325605645649
111538,39.34386,-123.1383,annual crop,1913,0
396848,33.68072,-114.60936,annual crop,2873,0.9889062548460074
208160,39.06424,-121.13568,annual crop,899,0
112229,33.45771,-114.7199,annual crop,4982,1.0865991550336358
450340,41.80864,-121.38887,annual crop,3999,1.3664639907180187
348641,41.06642,-121.38594,annual crop,2817,0.6596399850470487
358316,36.20401,-120.7087,annual crop,4946,1.3090061237043027
113398,35.3823,-120.84557,annual crop,782,1.2799016758054296
240365,39.02547,-121.82614,annual crop,2133,0
408954,37.21566,-120.97882,annual crop,2036,0
329700,36.11213,-120.20247,annual crop,1789,0
366679,37.0013,-121.50201,annual crop,4679,1.0766570856973041
173113,38.39808,-122.87094,annual crop,4266,1.3199266355534018
446624,38.17623,-121.3828,annual crop,2005,0
114742,40.57116,-124.23981,annual crop,164,0
466862,39.08447,-121.62357,annual crop,3061,0
257008,37.9745,-121.41,annual crop,3771,1.4659830055441383
202740,41.52885,-122.8594,annual crop,1674,0.8949020354921513
152582,33.74613,-118.04901,annual crop,934,1.5534279975228198
115021,40.41532,-122.23149,annual crop,1261,0
540582,35.14969,-118.86827,annual crop,3303,0.6428186917869033
157244,36.30403,-119.56752,annual crop,4672,0
115474,36.53374,-121.54083,annual crop,5040,0
457068,34.88344,-120.34558,annual crop,655,1.5492923461753807
115619,38.35477,-121.32909,annual crop,2346,0
548804,38.19283,-121.64439,annual crop,993,0
487589,37.56943,-121.23915,annual crop,2777,0.5569555075751974
155128,35.16078,-119.11295,annual crop,4006,0.9964691102256624
187731,37.82539,-120.88925,annual crop,4487,0.6160222655966822
277461,34.96745,-118.89957,annual crop,3045,0
199855,36.75263,-119.5662,annual crop,4892,0.9559837638530266
486506,37.63011,-120.70621,annual crop,2345,0.8180949725484093
386026,34.78186,-120.4102,annual crop,525,0
227510,41.99873,-121.89724,annual crop,1259,0.8980603720987532
151111,36.86642,-120.77711,annual crop,4853,0
133319,36.28145,-119.24152,annual crop,2509,0
395015,40.61704,-124.25744,annual crop,2498,0
303749,41.93271,-121.36223,annual crop,353,0
117730,38.32046,-122.81716,annual crop,514,0.9277827442247244
399868,34.95715,-120.48894,annual crop,4759,0.7363226461155978
118038,40.01262,-122.12186,annual crop,5123,0
474440,36.57277,-120.11082,annual crop,4549,0
304864,36.56037,-120.28453,annual crop,5037,1.2136714379123257
535534,34.92289,-120.53491,annual crop,4290,0.7054889395255232
277610,32.74347,-115.50485,annual crop,1082,0
262333,34.57731,-120.41056,annual crop,730,0.8350585962388187
492692,33.17168,-115.50958,annual crop,323,1.3351153986510622
556621,32.68589,-115.37589,annual crop,718,0
311887,38.58029,-122.87532,annual crop,854,0
124753,34.26648,-119.19149,annual crop,985,0
341460,35.04195,-120.30026,annual crop,3052,0
121197,34.13441,-119.14206,annual crop,3995,0
403739,41.08692,-121.16737,annual crop,2476,0
464791,37.09339,-121.89947,annual crop,1126,0
437631,41.06141,-123.69145,annual crop,3288,0
339872,37.68625,-120.54789,annual crop,4270,1.1313970579721413
178534,35.47269,-119.30647,annual crop,4467,0
152263,38.63014,-119.51049,annual crop,370,1.1450120048604744
122515,40.00054,-122.07728,annual crop,4748,0
270785,39.39283,-121.96949,annual crop,803,0
531703,33.32521,-115.56633,annual crop,3934,0
431093,41.52675,-120.13743,annual crop,1349,0
122879,38.40588,-121.60119,annual crop,549,0
339509,36.61773,-120.24158,annual crop,1052,0
208446,32.77987,-114.5927,annual crop,3727,1.3145697678419779
181108,32.71731,-115.32167,annual crop,3413,1.1576357876968608
178578,39.5046,-123.76745,annual crop,1980,0
124156,37.90318,-121.489,annual crop,4435,0.9045134149355951
175490,36.31994,-119.93498,annual crop,3466,0
508153,40.53864,-120.64559,annual crop,175,0
422502,37.06819,-120.15181,annual crop,974,1.7981028760611937
219636,34.38017,-118.97959,annual crop,2265,0
400213,35.32703,-118.9432,annual crop,1144,0.8574816581752556
132307,35.17442,-118.89847,annual crop,2842,0
125942,37.95684,-121.39241,annual crop,5020,0
476716,36.79466,-120.64202,annual crop,2747,0
501866,38.8398,-121.6151,annual crop,958,0
461204,40.26809,-120.46169,annual crop,5063,0
341537,34.67082,-120.49924,annual crop,5167,0
452885,37.79387,-121.57792,annual crop,464,0
128815,38.66703,-121.59025,annual crop,4921,0
193369,41.47938,-120.79361,annual crop,830,0
351283,39.28516,-122.26245,annual crop,2414,0
248858,36.16104,-119.26428,annual crop,4583,0
369889,36.13516,-119.11584,annual crop,4368,0
172647,33.59191,-114.67245,annual crop,1508,0
337116,34.64418,-120.09917,annual crop,5065,0.9203014020756789
583643,36.60181,-120.14339,annual crop,1056,1.1034803243257854
391175,37.84325,-121.36962,annual crop,3172,0
393224,38.02379,-121.50476,annual crop,2184,1.8139760890898813
131885,39.11269,-121.96181,annual crop,694,0
476659,33.51284,-114.6891,annual crop,2857,0
132375,38.76137,-121.70281,annual crop,2333,0
237955,40.51096,-124.01932,annual crop,4332,2.0472745209928997
227453,37.94371,-121.43941,annual crop,159,1.3439790006457184
455257,38.86607,-122.21678,annual crop,1703,1.2902882423487154
133163,36.36029,-119.88953,annual crop,3532,0
461786,34.89701,-120.46144,annual crop,1940,0.85393376663259
254277,39.32105,-121.66128,annual crop,4817,0
133447,38.7959,-121.64783,annual crop,4631,0
557697,38.22403,-121.71933,annual crop,3422,1.236100487228192
211187,37.83397,-121.49906,annual crop,2845,0
558032,36.58261,-121.49023,annual crop,2660,1.3079195251223434
134248,36.55568,-120.32064,annual crop,4742,0
134580,36.45085,-119.70196,annual crop,1355,1.2872388835920552
134658,36.38801,-121.24933,annual crop,4890,1.2215360478531772
153791,33.57967,-116.06908,annual crop,2514,0
476404,39.96867,-122.13769,annual crop,3946,1.0900452223312227
471514,37.41697,-120.60466,annual crop,872,0
135801,37.14417,-121.6129,annual crop,2754,0
135821,38.13843,-121.35149,annual crop,4339,0
216522,39.63246,-120.38707,annual crop,3387,0
155050,41.40933,-122.8141,annual crop,1221,0
505987,36.58012,-119.79158,annual crop,5013,0
176826,37.95157,-121.12301,annual crop,1337,0
326606,37.73141,-121.02128,annual crop,432,1.107438764921381
251948,37.01787,-121.64346,annual crop,3977,1.745593620422318
137397,38.32427,-121.59273,annual crop,4617,0.9005461115622854
220497,39.14266,-122.14097,annual crop,3304,0
510132,33.36226,-116.7552,annual crop,1431,0.947490215925161
203784,39.32033,-121.53171,annual crop,3067,0
140258,36.98539,-121.79288,annual crop,1978,1.2902375868762572
187013,33.27762,-117.27314,annual crop,1684,1.2160669917746885
271286,40.36268,-120.37243,annual crop,2012,1.3585077090260798
184275,36.30688,-121.21972,annual crop,1580,0.8589236133758491
139419,32.80533,-114.55074,annual crop,960,0
429086,34.16458,-119.12177,annual crop,670,0
161212,38.06927,-121.58665,annual crop,1826,0
139907,33.44242,-114.73262,annual crop,1041,0
310666,38.35457,-121.60811,annual crop,849,1.1425173778811057
489564,36.18544,-120.36019,annual crop,1209,1.0882603887985969
140412,36.20816,-119.27488,annual crop,1326,1.1319912635917158
140550,32.74805,-115.3135,annual crop,2859,0
462007,35.10681,-118.60359,annual crop,2585,0.776177221252982
451188,39.64738,-120.38631,annual crop,1287,0
533885,37.01639,-121.52298,annual crop,3047,0
141808,37.14512,-120.66354,annual crop,1013,0
568188,41.26643,-120.52716,annual crop,1005,0
452858,36.5759,-119.44549,annual crop,515,0
299613,38.06203,-121.46995,annual crop,676,0
563064,38.76856,-122.17896,annual crop,2566,0
162071,35.22191,-118.80187,annual crop,2782,0
294040,36.60358,-119.50982,annual crop,3152,0
143921,32.78479,-115.44575,annual crop,4808,0
517821,41.44201,-122.86997,annual crop,5067,0
587162,33.76677,-118.05704,annual crop,3978,0
173923,38.12635,-122.47936,annual crop,4327,0.30540582660121385
146095,41.98883,-120.29362,annual crop,4920,0
204118,38.24287,-122.7814,annual crop,4787,0
146262,37.46849,-117.87193,annual crop,2093,0
146765,33.765,-118.07472,annual crop,2658,0
200510,36.6315,-119.65645,annual crop,853,0.6091492482224106
146978,35.11087,-118.59857,annual crop,1004,1.1021602109017288
147228,38.91106,-121.73415,annual crop,4875,1.0425213308302086
493859,33.12214,-115.81132,annual crop,2776,0
177464,36.53057,-121.85154,annual crop,110,0
147943,33.10041,-115.78477,annual crop,4838,1.2425893374955777
392237,34.63518,-120.07658,annual crop,5111,0.5206084016715387
399149,34.95232,-120.40579,annual crop,2425,0
463049,38.26474,-121.62977,annual crop,2902,0.638489436386288
499225,37.44625,-120.80672,annual crop,180,0
362075,32.85818,-115.73342,annual crop,2670,0
318783,38.44698,-121.538,annual crop,4547,0.8434892857551525
149685,36.6843,-119.87091,annual crop,376,1.487889335263551
249749,37.0155,-120.5871,annual crop,596,0
568601,33.21095,-115.49062,annual crop,3357,0
226443,32.78124,-114.60422,annual crop,3719,0
473136,35.1062,-118.57581,annual crop,910,0
434596,37.44471,-120.8117,annual crop,2895,0
338210,39.0107,-121.88302,annual crop,647,0
590695,37.89964,-121.35097,annual crop,3734,1.0854114431502566
151540,34.20236,-119.21598,annual crop,2819,1.0093659606009664
460037,37.14329,-121.01215,annual crop,3877,0.9366885262445832
195237,41.34349,-120.52744,annual crop,4040,0
437491,37.10674,-120.71027,annual crop,1430,0
321919,33.57823,-114.56351,annual crop,3308,0.8242521593030215
153914,32.81302,-115.34364,annual crop,4075,0
311274,36.24474,-119.31747,annual crop,3967,0.8076548901600297
510456,36.91733,-120.57621,annual crop,5101,0
494988,36.69009,-119.84705,annual crop,4138,0
154904,39.40617,-121.87688,annual crop,1120,1.3612384109150601
155097,38.1542,-121.61398,annual crop,2299,0
425186,34.04397,-116.9386,annual crop,3058,0
370179,34.15404,-119.14676,annual crop,4950,0.9610888291109754
156432,34.44999,-119.87628,annual crop,3211,0
333585,38.15355,-121.66345,annual crop,3168,0
421048,36.43661,-119.93389,annual crop,4345,0
156871,33.00454,-115.41909,annual crop,1966,0
573538,36.31713,-119.75922,annual crop,2995,0
156994,34.31481,-119.13551,annual crop,2423,0
192194,34.77388,-120.12618,annual crop,3915,0
157962,34.01466,-117.09558,annual crop,1278,0
158018,39.02683,-121.91113,annual crop,3180,1.145384030226819
384767,41.85876,-121.48148,annual crop,1993,0.7370434241367235
158342,38.68036,-121.82342,annual crop,4769,0
158624,41.9835,-121.57726,annual crop,1856,1.462079336481546
218035,36.68351,-120.45103,annual crop,1285,0
219229,39.77745,-122.05005,annual crop,5137,0
160506,33.45248,-116.06456,annual crop,4546,0
345830,36.69838,-119.88711,annual crop,508,0.8028865129997719
416813,38.04458,-121.65336,annual crop,1198,0
260831,35.6905,-120.56716,annual crop,441,0.9822709163773842
161156,33.64498,-114.56026,annual crop,3902,0
296567,41.03411,-121.31525,annual crop,1441,0
255927,37.81668,-120.66818,annual crop,3866,0
162177,40.94672,-121.65014,annual crop,3511,0
490153,38.65131,-120.53426,annual crop,3432,0
194921,36.7185,-119.63582,annual crop,4291,0.8971123103956763
560928,34.81026,-120.40948,annual crop,4568,0
165803,37.40867,-120.58212,annual crop,4851,1.4695048523976775
547812,39.05704,-121.7658,annual crop,1155,0
528792,38.49278,-121.87362,annual crop,3784,0
237543,37.64654,-121.16339,annual crop,3421,0
309387,35.35625,-119.45757,annual crop,3431,0
384928,39.50401,-121.81259,annual crop,3361,0
323700,37.84831,-121.43023,annual crop,4400,0
355226,39.01836,-121.89151,annual crop,4738,0
352912,38.20161,-122.42891,annual crop,4173,0.8082565536907622
167843,36.56533,-120.14062,annual crop,4064,1.1952033211200583
283680,38.2512,-122.80059,annual crop,4991,0.755800518888905
169230,33.47626,-114.73987,annual crop,3847,0
574164,35.90079,-119.38551,annual crop,4355,0.4174253253226006
408021,32.77131,-114.80331,annual crop,610,0
171220,41.94606,-122.33165,annual crop,1300,0
472454,38.74494,-121.70765,annual crop,650,0
438819,37.93102,-121.01057,annual crop,3903,0
257805,38.82798,-121.71927,annual crop,1679,0
172593,38.34771,-121.61238,annual crop,2964,0
241309,34.1473,-118.88031,annual crop,4307,0
478825,36.90786,-121.39729,annual crop,4560,0
358281,34.23306,-118.95872,annual crop,254,0
504414,37.4685,-117.8923,annual crop,4053,0.5564642625758083
174736,41.78587,-121.91661,annual crop,5009,0
355613,34.14655,-119.15109,annual crop,1279,1.0239894671321517
460548,35.90453,-119.30605,annual crop,2771,0
176020,36.23127,-119.64822,annual crop,2148,0
373615,37.2103,-120.33628,annual crop,2917,0
399439,34.2282,-119.12316,annual crop,4121,0.23540170447406528
426391,37.05109,-120.8878,annual crop,1128,1.0277195836864552
323721,38.36906,-121.2626,annual crop,4887,1.1559125223974371
529237,37.64817,-120.77515,annual crop,3444,0
335509,36.92446,-120.60638,annual crop,5010,0
178042,39.45626,-121.74687,annual crop,3156,0
285627,34.89307,-120.36715,annual crop,2863,0
198913,35.32578,-120.74074,annual crop,3439,0
179520,33.47295,-117.28044,annual crop,2589,0
180491,33.13111,-115.59272,annual crop,365,0
493748,34.39992,-118.73488,annual crop,2947,1.2142609765954067
181566,36.90594,-120.58784,annual crop,1822,0
181820,39.76133,-122.26288,annual crop,4561,0.8123842472300451
403898,38.27313,-121.57184,annual crop,2002,0.6987667085677944
201319,37.90867,-121.3839,annual crop,3496,1.233475282141913
266788,38.18481,-120.48638,annual crop,3702,0
241555,38.47961,-121.0995,annual crop,952,0
392845,33.71266,-117.09964,annual crop,3124,0
591605,41.85507,-121.38554,annual crop,3146,0
546568,34.9722,-120.48333,annual crop,903,0.41452621618826535
462971,34.88689,-120.29818,annual crop,2928,0
219847,40.60443,-124.21903,annual crop,2047,1.1981266209662007
305057,36.92685,-120.81338,annual crop,4668,0
371684,32.69979,-115.38933,annual crop,2004,0
304914,38.15965,-121.25123,annual crop,3014,1.1474876704659902
444780,38.38213,-121.62173,annual crop,265,0
194185,36.99726,-122.03521,annual crop,4683,0
313483,40.92143,-121.68923,annual crop,3171,0
331635,39.253660000000004,-121.10571,annual crop,337,0
196978,40.53719,-124.10913,annual crop,1336,0
510180,36.76681,-119.5817,annual crop,1858,0
197496,36.42035,-119.51401,annual crop,321,0
330898,35.78053,-119.52791,annual crop,1775,0
448641,37.9547,-121.58131,annual crop,2637,0.8007666733442741
453106,38.71798,-121.63938,annual crop,3446,0
198764,36.98742,-120.36619,annual crop,2418,0
199446,36.36257,-119.9278,annual crop,1737,0
277872,36.34202,-120.11747,annual crop,5168,1.8133135456120797
231041,38.85683,-121.61491,annual crop,1087,0
205999,36.5347,-119.37114,annual crop,573,0
201018,36.69417,-119.82572,annual crop,3375,0
413671,40.56219,-124.08509,annual crop,4213,1.0790581140856965
456301,35.69424,-118.24644,annual crop,4882,0
201832,40.00615,-122.11135,annual crop,4798,0
288411,32.81655,-115.3521,annual crop,3689,0
357428,41.90001,-124.13959,annual crop,1138,0
202766,36.06891,-119.69297,annual crop,1079,0
379151,36.80146,-119.95447,annual crop,2954,0
507016,38.32233,-121.54406,annual crop,4365,0
214506,34.88799,-120.47574,annual crop,3584,0
253687,36.73909,-120.62817,annual crop,2554,0
204233,34.2514,-119.24283,annual crop,2825,0
437994,32.9647,-115.6078,annual crop,4272,1.057972598890902
204773,35.98007,-119.45277,annual crop,56,0
411333,37.91228,-121.44732,annual crop,298,0
365319,41.96327,-121.34721,annual crop,4889,1.6156261645333636
259488,34.30482,-119.21116,annual crop,4941,0
207486,34.39809,-118.71848,annual crop,1532,0
536038,33.66184,-114.58795,annual crop,905,0
302920,33.83048,-117.01924,annual crop,4314,0
318146,36.70384,-119.85854,annual crop,4105,0
450402,38.86564,-121.35809,annual crop,3182,0
345608,33.46838,-116.08252,annual crop,3042,0
437223,37.43475,-120.75111,annual crop,2789,0
426620,38.26886,-122.84737,annual crop,4180,1.1916980509754955
213276,33.56945,-114.69411,annual crop,3203,0
497826,36.27695,-119.76733,annual crop,3298,0
445284,36.63726,-120.11791,annual crop,3944,0
215991,36.62323,-119.38305,annual crop,1623,0
405184,33.56834,-114.6181,annual crop,885,0
418646,36.9564,-120.60626,annual crop,3592,0
415465,37.05445,-121.5756,annual crop,3237,0
345055,36.35827,-119.8147,annual crop,2629,0
597863,38.53518,-119.46906,annual crop,3485,0
492822,34.89583,-120.40038,annual crop,4086,0
222700,40.27805,-120.46513,annual crop,4021,0
223054,37.74962,-120.74077,annual crop,3363,0
504844,37.98134,-121.54835,annual crop,1943,0
286518,34.86616,-120.35801,annual crop,1323,0
527403,36.25495,-119.11291,annual crop,3737,0
224501,36.25836,-119.20512,annual crop,2170,0
401626,41.61531,-122.37399,annual crop,2972,1.081083643178513
318856,35.62078,-119.3238,annual crop,3194,0.9096811661138798
275588,36.92369,-120.3705,annual crop,3369,0
227317,36.35331,-120.14615,annual crop,2108,0
433201,38.42381,-122.82335,annual crop,649,0
385788,36.90016,-120.48319,annual crop,4485,0
272425,34.88727,-120.39545,annual crop,3831,0
410069,38.54753,-119.47023,annual crop,785,0
387508,36.76185,-121.63389,annual crop,3474,0
451920,34.63861,-120.48609,annual crop,352,0
309355,33.31083,-115.5841,annual crop,3552,0
313703,41.91883,-124.16117,annual crop,3015,0.9892581076666945
235255,33.50927,-114.71774,annual crop,4711,0
237387,35.29795,-118.81691,annual crop,183,0
248829,36.85141,-121.31852,annual crop,1203,0
421182,38.13283,-120.5119,annual crop,236,1.0892634099966043
489097,36.71998,-119.93318,annual crop,3920,0
276509,38.86828,-121.47307,annual crop,2329,0
451790,38.87666,-121.7662,annual crop,593,0
267693,39.15241,-121.84619000000001,annual crop,2653,0
260283,41.17052,-120.9325,annual crop,206,1.2386501562586067
416440,37.49076,-120.77478,annual crop,4777,0
361907,33.04342,-115.67548,annual crop,4610,0
347310,38.27386,-122.10063,annual crop,4768,0
244672,36.95564,-121.81229,annual crop,3376,0
244716,34.39637,-119.48073,annual crop,1350,0
245800,35.41325,-119.19995,annual crop,1603,0
445690,34.37002,-119.00645,annual crop,2335,1.065920285615091
372363,36.58857,-121.53521,annual crop,1654,1.496767924199125
248251,34.893,-120.40239,annual crop,4414,0
582369,34.18728,-119.11006,annual crop,1525,0
478228,39.76993,-122.2449,annual crop,488,0
339836,35.48314,-119.43736,annual crop,4790,0
548580,38.84287,-122.21064,annual crop,4900,0
515320,32.77541,-115.32643,annual crop,3884,0
601730,34.26281,-119.13197,annual crop,4475,0
253519,36.86402,-120.59253,annual crop,946,0
255257,36.74164,-121.76832,annual crop,339,0
257245,37.47996,-120.89918,annual crop,3555,0.9751121355882005
429885,39.95717,-120.04804,annual crop,3330,0
257302,32.69071,-115.61532,annual crop,4088,0
354196,33.50676,-116.13356,annual crop,1995,0
541140,37.86967,-121.45997,annual crop,1211,0
582535,38.20042,-121.4621,annual crop,4843,0
262439,36.61145,-120.2241,annual crop,751,0.784677066981042
294743,41.63016,-122.98372,annual crop,276,1.2989903290201166
264922,38.08638,-120.53003,annual crop,612,0
416191,41.62668,-122.77549,annual crop,2507,0
266442,41.31891,-120.128,annual crop,3535,0
551987,39.16055,-122.16667,annual crop,375,0.9456540521462262
374268,35.48728,-119.30849,annual crop,1040,1.3301997144268851
346758,40.64098,-124.23133,annual crop,1883,0
271689,36.62307,-121.52304,annual crop,3630,0
272426,34.88812,-120.39483,annual crop,1810,0
274173,36.82365,-120.46298,annual crop,635,0
498230,39.77533,-122.17591,annual crop,267,0
353550,36.54873,-120.39342,annual crop,3812,0
276033,36.23507,-119.80303,annual crop,3367,0
276098,36.66514,-119.87397,annual crop,3227,0
564188,36.82945,-121.46117,annual crop,4767,0
320415,41.50191,-120.15364,annual crop,4344,0
288087,34.41819,-118.80243,annual crop,4015,0.6105900458839932
438912,40.44616,-123.13786,annual crop,755,0
578396,40.37816,-122.19172,annual crop,4139,0
293793,39.32027,-121.9284,annual crop,4293,0
294070,33.12093,-115.82925,annual crop,4574,0
507390,34.88834,-120.39996,annual crop,203,0
589101,35.20622,-118.99864,annual crop,4472,0
299330,33.26751,-117.27348,annual crop,4423,0
472877,33.10771,-115.4216,annual crop,1046,0
353826,33.756100000000004,-117.2828,annual crop,2446,0.8416565562309672
301653,39.28669,-122.18006,annual crop,1914,0
302089,35.34174,-119.42715,annual crop,1612,0.05814123322891258
582257,32.75493,-114.58088,annual crop,3437,1.6034422860654864
332642,34.41922,-119.52418,annual crop,4499,0
310264,36.98245,-120.61013,annual crop,2241,0
455219,39.57914,-122.25238,annual crop,4959,0
313021,36.61014,-120.05481,annual crop,3598,0
596211,36.08571,-118.83191,annual crop,15,0
317154,36.92981,-120.81234,annual crop,3426,0
569973,37.70849,-121.20363,annual crop,2774,0
320482,35.65844,-119.01781,annual crop,4519,1.580604991494775
503372,36.85181,-121.72408,annual crop,4047,0
560257,38.2963,-121.24206,annual crop,4937,0
323387,32.79166,-114.58971,annual crop,3309,0
551011,37.23751,-122.35335,annual crop,1948,0
479452,38.39588,-122.78452,annual crop,1962,0
408105,32.87429,-115.61771,annual crop,1820,0
326991,37.76283,-121.30631,annual crop,4850,0
329203,34.30637,-119.13163,annual crop,2280,0
536220,34.30493,-119.13533,annual crop,883,0
366042,33.80144,-117.03127,annual crop,2485,0
519587,39.01635,-121.58494,annual crop,1879,0
561733,40.24021,-120.45125,annual crop,2588,0
429026,33.53688,-116.14981,annual crop,3929,0
363893,36.96787,-120.40774,annual crop,3524,0
500533,38.91293,-121.69576,annual crop,4591,1.535168996281851
376571,35.30519,-120.7768,annual crop,2294,0
521899,33.53501,-116.15407,annual crop,1038,0
399214,38.70981,-122.12658,annual crop,2540,0
348575,36.823,-120.4549,annual crop,2937,1.346090008716996
349716,37.26565,-120.68656,annual crop,3472,0
352964,32.93152,-115.65592,annual crop,165,0
353246,39.40397,-121.6845,annual crop,2228,1.23351256738202
464302,33.46067,-117.32452,annual crop,4171,0
362884,39.25114,-121.70769,annual crop,4156,0
406615,33.01189,-115.57213,annual crop,3953,0
397180,40.18569,-120.3544,annual crop,693,0
377158,38.76239,-122.1462,annual crop,4544,0
415934,35.22606,-120.59316,annual crop,561,0
404199,36.32453,-119.20129,annual crop,3676,0
405988,39.00767,-123.01426,annual crop,2823,0
482398,39.24575,-121.64693,annual crop,870,0
417431,34.64269,-120.01665,annual crop,4557,0
578679,37.85937,-121.47359,annual crop,4323,1.1940046283429986
442307,38.04699,-121.39767,annual crop,5147,0
442523,38.14493,-121.57846,annual crop,600,0
520933,36.43173,-119.91205,annual crop,385,0
469607,34.77972,-120.40865,annual crop,3201,0.5291087429167364
470166,35.41509,-119.46367,annual crop,3605,0
470167,35.41509,-119.46127,annual crop,4077,0
477002,38.34605,-119.46746,annual crop,4666,0
548249,33.45043,-114.73201,annual crop,1988,0
496966,36.44418,-119.98519,annual crop,4391,0
498021,33.67761,-114.60019,annual crop,101,0
500367,38.44191,-121.69791,annual crop,4277,0
502506,32.73518,-115.68737,annual crop,3930,0
506836,39.16757,-121.88806,annual crop,4007,0
532654,36.87474,-120.6282,annual crop,4120,0
512924,37.10356,-120.32335,annual crop,1864,0
531301,40.89247,-124.02339,annual crop,4520,0
540301,36.63286,-119.76496,annual crop,4556,0
545232,33.14174,-115.81166,annual crop,2269,0
566076,34.90683,-120.48613,annual crop,715,0
569368,39.40057,-121.61306,annual crop,1254,0
572750,36.75757,-120.73694,annual crop,467,0
328163,38.09936,-121.50154,annual crop,3118,2.534293115006218
565118,38.10958,-121.53613,annual crop,3068,1.84290780396176
522375,32.81281,-115.44207,annual crop,2332,1.7062432427333392
205678,38.13153,-121.55174,annual crop,135,3.1732990224336066
592578,38.13799,-121.51401,annual crop,3671,1.9613436496001535
413887,38.12346,-121.54982,annual crop,5,2.915279762130704
440393,39.57712,-121.86221,annual crop,4788,0.3124445780364695
420343,37.69949,-121.1391,annual crop,3607,1.5935387703919777
132390,39.59614,-122.0226,annual crop,3562,0.9053074358890482
52519,38.17441,-121.51733,annual crop,3671,2.2825799915828253
248496,38.11573,-121.64507,annual crop,759,2.1327123203204077
296871,38.54294,-121.87237,annual crop,1847,1.7639776359860095
589918,36.62289,-121.54925,annual crop,134,2.641817518658244
535358,39.68222,-122.0026,annual crop,623,1.2575997834110775
589581,38.09222,-121.64036,annual crop,1381,2.0607304159342146
590073,38.10809,-121.65527,annual crop,5,1.1351449036479853
522364,36.48666,-119.41384,woody perennial crop,3574,0.3065368068540901
486036,37.71649,-121.0742,woody perennial crop,485,0.6216096176550333
438713,35.62695,-119.27896,woody perennial crop,535,0.3247863920186236
25384,39.18472,-121.59069,woody perennial crop,2505,0.6193112032392079
130579,34.84172,-120.17188,woody perennial crop,3038,0
553109,39.32789,-121.67185,woody perennial crop,3115,0.5065947672685511
211162,39.68729,-121.89207,woody perennial crop,4444,0.4842613992718062
221059,36.78352,-120.6524,woody perennial crop,3654,0.8958218433265509
568320,36.6916,-119.67052,woody perennial crop,1273,0.4494322552198073
158842,34.45677,-119.846,woody perennial crop,1858,0.7148226666919291
197003,37.06365,-120.14474,woody perennial crop,3483,0.24762399127446788
42017,35.95499,-119.25165,woody perennial crop,458,0.6855278173078584
275851,38.9352,-122.78712,woody perennial crop,3333,0.7594973092298635
272341,38.36984,-122.62764,woody perennial crop,1643,0.6246307275899083
62190,36.60333,-119.52278,woody perennial crop,4221,0.5376829093464108
136226,36.6728,-120.09949,woody perennial crop,3002,0.5923720065958687
419622,38.60033,-122.64303,woody perennial crop,1454,0.9173817839450374
503531,35.96033,-119.15581,woody perennial crop,629,0.45119003313428463
112114,38.35391,-121.52819,woody perennial crop,4475,0.87240810019906
550130,36.19776,-119.13244,woody perennial crop,749,0.6897938903732627
26303,37.64009,-121.37252,woody perennial crop,3708,0.6876198471763879
477619,36.53012,-119.31207,woody perennial crop,2867,0.9566507621587321
311577,36.70802,-119.64482,woody perennial crop,4387,0.4399913621925026
99466,39.88833,-122.24054,woody perennial crop,938,0.5770121581458592
208218,37.46253,-120.77279,woody perennial crop,1314,0.38504422034172525
63838,39.43749,-122.02035,woody perennial crop,1131,0.5613790714012751
568628,39.07101,-121.59358,woody perennial crop,1460,0.6374457721960191
544510,35.59397,-120.72213,woody perennial crop,3795,0.6122438811281892
56412,35.56974,-120.70376,woody perennial crop,1666,0.5494552336819982
499937,37.4803,-120.4914,woody perennial crop,3955,0.6846820097908547
545112,36.59816,-119.4924,woody perennial crop,2403,0.4569788550831768
238413,36.47489,-119.1816,woody perennial crop,1602,0.950040861066614
289674,36.49828,-119.18162,woody perennial crop,2061,0.32399239316326256
300518,39.83024,-122.18587,woody perennial crop,2586,0.878051186532816
90,36.72266,-121.25348,woody perennial crop,1726,0.8110644585425016
487285,37.79683,-120.96814,woody perennial crop,2755,0.4290387080174448
20598,38.25612,-121.59212,woody perennial crop,4060,1.312690793396325
403754,35.74248,-120.56612,woody perennial crop,711,0.5999110619011928
370038,36.48703,-119.42373,woody perennial crop,3308,0.5724803461934918
451008,37.48455,-120.95504,woody perennial crop,3043,0.5187600754753275
349120,38.12146,-121.13933,woody perennial crop,1961,0.6939562252024235
322982,35.60781,-119.1115,woody perennial crop,3701,0.5137168824093228
399612,38.96587,-122.89465,woody perennial crop,250,0.528489279529288
522848,35.06954,-120.46544,woody perennial crop,1719,0.8058931518301694
593770,39.01211,-121.61004,woody perennial crop,2392,0.6903413992674904
265532,38.54876,-121.90681,woody perennial crop,3699,0.6646650102976114
347682,38.09877,-121.29984,woody perennial crop,914,0.32213206776001385
468201,38.54671,-122.89761,woody perennial crop,4800,0.4529804762004973
564388,37.79794,-120.79693,woody perennial crop,3379,0.9883915369802547
528468,38.00231,-121.13712,woody perennial crop,3287,0.515046047369445
323885,34.39435,-118.87699,woody perennial crop,3352,0.8137262518779604
556307,38.33915,-122.34718,woody perennial crop,4751,0.4158909508744227
135297,39.38566,-121.61597,woody perennial crop,1889,0.5992564364523453
447663,38.06927,-121.32176,woody perennial crop,1270,0.7224021563500779
124328,36.0944,-119.12357,woody perennial crop,3222,0.4595236669167646
570454,34.31046,-119.15956,woody perennial crop,1466,0.8428923610137957
309915,36.505,-119.17532,woody perennial crop,1548,1.038729823968638
395921,34.48388,-119.99536,woody perennial crop,4568,0
545154,37.42451,-120.6751,woody perennial crop,3674,0.4921137726909402
432694,37.46625,-120.75897,woody perennial crop,847,0.7011694528447712
373865,36.84718,-120.07634,woody perennial crop,4270,0.37355483193433875
308915,35.21056,-118.77558,woody perennial crop,2316,1.1273412932356304
204992,39.82668,-122.04162,woody perennial crop,3544,0.5779868105247998
268557,38.56415,-122.53461,woody perennial crop,766,0.5067136858356923
32343,36.65595,-119.39128,woody perennial crop,3001,1.2500798238586053
461678,37.52301,-120.64173,woody perennial crop,628,0.7576278475091577
116141,38.3686,-122.83928,woody perennial crop,2839,0.9645637716033076
542908,35.68548,-119.16348,woody perennial crop,1823,0.4490652728359862
374181,35.9482,-119.11561,woody perennial crop,934,0.7379311694385405
41075,36.33747,-119.07759,woody perennial crop,1441,0.5261530372519181
400190,36.28882,-119.12579,woody perennial crop,2956,0
9782,35.58258,-120.60746,woody perennial crop,1219,0.5577446872961004
550610,38.47148,-122.88179,woody perennial crop,611,0.4349288463162886
95622,38.47371,-122.81723,woody perennial crop,2513,0.598710191753332
32153,38.62091,-122.58954,woody perennial crop,4046,0.5495318745321558
502468,37.1692,-120.18376,woody perennial crop,1721,0.69026561272032
319482,36.62441,-119.61291,woody perennial crop,3081,0.6181044419328022
65565,35.49657,-120.21909,woody perennial crop,372,0.7405516540789757
416782,38.29064,-122.39179,woody perennial crop,2674,0.4784332361998074
181739,36.52778,-119.62611,woody perennial crop,4211,0.19869135206076252
413084,39.68107,-121.99252,woody perennial crop,111,0.44213423173310595
559987,36.27714,-121.18713,woody perennial crop,4463,0.716124150434644
379075,36.04271,-118.93447,woody perennial crop,4023,1.0881171003946994
169626,37.68598,-120.7435,woody perennial crop,1629,0.5843461363752156
232205,38.32486,-121.526,woody perennial crop,3309,1.1080331066979114
185547,37.96589,-121.655,woody perennial crop,62,0.6879865608712806
496746,38.35967,-121.57683,woody perennial crop,444,1.0541376665260582
525908,36.57147,-119.29501,woody perennial crop,1554,0.8713090535933651
230639,38.50008,-120.83376,woody perennial crop,3861,0.5345075335996583
202608,36.47964,-119.42233,woody perennial crop,2264,0.3264899459488358
2184,38.97613,-122.85912,woody perennial crop,4521,0.5254171715727847
459509,36.22326,-121.18331,woody perennial crop,442,0.7896668728075802
464537,36.59443,-121.63015,woody perennial crop,4423,0.8275201069902417
309854,36.97867,-121.77863,woody perennial crop,4058,0.8850504194540791
460716,37.56675,-121.23703,woody perennial crop,2716,0.640775012500918
374943,37.46729,-120.81844,woody perennial crop,4383,0.6865212089624169
281933,35.23795,-119.30863,woody perennial crop,1210,1.1712757185676828
110113,39.219970000000004,-123.22843,woody perennial crop,2454,0.5974405380527973
199913,36.56832,-119.7173,woody perennial crop,4422,0.49036625434872505
177598,36.59912,-119.50767,woody perennial crop,3125,0.7012861640881985
358330,36.59664,-119.52839,woody perennial crop,185,0.20792439882580133
78991,37.6701,-121.37299,woody perennial crop,104,0.5406320854113409
308603,34.27587,-119.05491,woody perennial crop,1032,0.5065335188403527
469386,36.13696,-119.13201,woody perennial crop,1153,0.5944181438357968
375843,36.79653,-120.0178,woody perennial crop,4799,0.33725987071554103
236480,33.28069,-115.52318,woody perennial crop,2930,1.1213084821210713
357075,33.0804,-115.73276,woody perennial crop,433,0.7401064093399102
397890,38.17561,-121.36704,woody perennial crop,1423,0.6642261013610294
563921,38.22149,-121.51013,woody perennial crop,2939,1.1526489308419863
356878,34.38221,-119.01248,woody perennial crop,331,0.7887466030092344
479615,35.53074,-119.65879,woody perennial crop,3554,0.4501205859895401
596743,33.63294,-116.20187,woody perennial crop,861,0
551661,36.66548,-119.32811,woody perennial crop,2015,0.3400510394901101
393301,39.95456,-122.21759,woody perennial crop,3403,0.5242541433613517
563178,36.49033,-119.74846,woody perennial crop,2096,0.9756318433523921
204461,36.76519,-119.92888,woody perennial crop,4782,0.4627567934164179
491114,36.81276,-120.23435,woody perennial crop,1559,0.706660647039346
348066,40.13192,-122.20658,woody perennial crop,380,0.4023533058542356
542551,34.31703,-118.96154,woody perennial crop,1068,0.7342212622518162
270783,38.53244,-122.76403,woody perennial crop,944,0.5821837525340949
465355,36.17267,-119.11598,woody perennial crop,715,0.7550998141160716
18992,37.95867,-121.18686,woody perennial crop,3843,0.5404820414553505
534962,36.83843,-120.51387,woody perennial crop,3162,1.4656846210556416
331787,38.07196,-121.03029,woody perennial crop,3524,0.8438599603099473
139909,38.29114,-122.41713,woody perennial crop,3136,0.5875471337377476
210674,33.25526,-117.16364,woody perennial crop,1166,0.391719567723
279655,36.43026,-121.30399,woody perennial crop,1973,0.7615608255463995
425472,35.55285,-120.60658,woody perennial crop,3134,0.7670466880237508
436250,37.54484,-120.80005,woody perennial crop,270,0.7127238158875352
433614,37.77438,-121.07891,woody perennial crop,3549,0.4176332982415275
133638,34.20154,-119.09666,woody perennial crop,2319,0.8775397834233433
434186,36.74325,-120.04015,woody perennial crop,3622,0.42563108082372636
217758,36.58217,-119.88767,woody perennial crop,1682,0.5235793103455048
489415,33.29934,-117.05018,woody perennial crop,2783,1.308612423916534
182237,38.9895,-121.44082,woody perennial crop,1815,0.6842222350558542
160387,39.07287,-121.65029,woody perennial crop,426,0.9827567219336328
152064,38.69861,-122.83341,woody perennial crop,4168,0.6809325203496419
86153,35.57825,-120.73343,woody perennial crop,4528,0.4589309801230972
371044,35.95238,-119.07966,woody perennial crop,4601,1.2305510721444186
186976,33.60332,-114.68202,woody perennial crop,2242,1.0743798136498908
392883,34.29649,-119.1482,woody perennial crop,3020,0.6071638061160779
528610,37.59209,-120.88164,woody perennial crop,1778,0.22357716935383665
561842,33.50275,-117.27373,woody perennial crop,3168,0.8757741259673628
591487,38.44234,-122.39426,woody perennial crop,3722,0
231028,37.4119,-121.08255,woody perennial crop,2996,0.8248557130153154
148498,36.60098,-119.27689,woody perennial crop,4142,0.4391405801879294
291069,39.17593,-121.5936,woody perennial crop,4302,0.4102761723311266
217501,35.71386,-120.70693,woody perennial crop,2429,0.9410087633687977
295799,38.4343,-120.7548,woody perennial crop,3497,0.5065408372076365
370881,36.99995,-120.13115,woody perennial crop,2255,0.24260696067932352
387378,36.40475,-119.04677,woody perennial crop,2594,0.8685366877623294
79043,33.40246,-117.1451,woody perennial crop,2511,0.6583716278013393
99208,36.51989,-119.53382,woody perennial crop,1133,0.7063046130901929
35471,38.6261,-122.44359,woody perennial crop,3034,0.6662922305824385
408150,38.51971,-122.86586,woody perennial crop,460,0.49671099910858924
185839,38.48758,-122.76227,woody perennial crop,1938,0.3758340877287021
5222,36.13731,-119.09076,woody perennial crop,2849,0.7310781221503068
3730,38.02821,-121.07649,woody perennial crop,1837,0.5256403907844611
204644,38.49121,-122.77246,woody perennial crop,1030,0.5773341484603739
590694,37.95097,-121.18762,woody perennial crop,2207,0.5945488518224039
342617,36.43951,-119.12913,woody perennial crop,4094,0.9705118139914837
234374,35.62578,-120.61926,woody perennial crop,3380,1.0482419784173902
158036,36.54159,-119.68934,woody perennial crop,1041,0.27690876254659
392022,39.14073,-123.16257,woody perennial crop,4615,0.49062555822601384
122402,36.39344,-119.24132,woody perennial crop,2533,0.41764417291148953
347911,34.6261,-120.00283,woody perennial crop,4692,0.5601723067644169
455838,36.41083,-119.77242,woody perennial crop,3030,0.6260358694009209
304924,39.17511,-121.64611,woody perennial crop,4770,0.6254831137827368
529914,37.79981,-120.96524,woody perennial crop,2977,0.4096460339407838
449284,36.0167,-119.08689,woody perennial crop,198,0.6407957957303693
128662,35.61366,-119.32621,woody perennial crop,39,0.6344537491636075
284479,37.66892,-121.39408,woody perennial crop,1390,0.4407703243798972
561433,35.55585,-120.73424,woody perennial crop,3137,0.5174366741971425
97033,36.41249,-119.68347,woody perennial crop,2121,0.5352465111235694
192121,38.03301,-121.03761,woody perennial crop,3941,0.4506213016125563
336405,38.04134,-121.12142,woody perennial crop,786,0.4783979709470889
398142,37.53039,-121.14241,woody perennial crop,3127,0.3988571936041015
14579,37.63925,-120.87097,woody perennial crop,33,0.8457754401989558
48873,36.60375,-119.31937,woody perennial crop,4726,0.3956513595256449
595,39.07074,-122.95338,woody perennial crop,1874,1.7694967804498514
84862,36.99905,-121.76058,woody perennial crop,686,0.7721023987053217
584426,35.93709,-119.23934,woody perennial crop,1255,0.38424591541610503
83040,36.62608,-119.63503,woody perennial crop,2528,0.4107679400373195
73666,38.08714,-121.35623,woody perennial crop,3158,0.5510175986531917
466028,36.10645,-119.10924,woody perennial crop,2086,0.7400458465998019
79709,36.47242,-119.67539,woody perennial crop,4826,0.3292563897161416
587748,36.95157,-121.79713,woody perennial crop,2946,1.0504536581719908
589685,37.04226,-120.36721,woody perennial crop,2190,0.46122446587604093
160218,35.6112,-119.15547,woody perennial crop,2942,1.2538491749461405
409009,35.96286,-119.00795,woody perennial crop,3568,1.0511711434137914
14743,35.6301,-119.97016,woody perennial crop,3214,0.8579325684795557
67278,35.87913,-119.10323,woody perennial crop,1988,0.9039987262894162
291266,39.00116,-122.88788,woody perennial crop,3151,0.8777842818941407
422454,38.9759,-122.84902,woody perennial crop,387,0.7017357576618111
71056,33.89044,-117.35053,woody perennial crop,3786,1.2688114880534018
90216,34.32827,-119.15486,woody perennial crop,4627,0.4777490693599444
205235,36.621339999999996,-119.43643,woody perennial crop,2263,0.5069167486137072
246121,35.53277,-120.50175,woody perennial crop,2412,0.7198890524928617
460170,36.82326,-120.36934,woody perennial crop,1017,0.8324367974074188
379651,40.01673,-122.10327,woody perennial crop,3804,1.1571372202419739
548484,36.35726,-119.04576,woody perennial crop,3114,0.837856434852143
529703,36.99659,-121.77902,woody perennial crop,3084,0.9009605069716762
215917,35.50419,-119.53152,woody perennial crop,3788,0
529160,38.39987,-121.77364,woody perennial crop,1379,1.026965300118992
515475,35.67709,-120.7228,woody perennial crop,1604,0.9694401632939174
315942,37.76167,-121.1547,woody perennial crop,4720,0.7957693729611277
228158,36.27848,-119.16479,woody perennial crop,4728,0.5263457321922341
41387,39.11481,-121.66985,woody perennial crop,936,0.710621502125202
699,36.55088,-120.42022,woody perennial crop,1519,0.5183843169916021
374480,38.35945,-121.57321,woody perennial crop,4805,1.0047674198937568
124136,37.48043,-121.09599,woody perennial crop,1372,0.7578112919023955
195953,39.92133,-122.14711,woody perennial crop,1286,0.921259026327232
425025,33.37194,-117.18613,woody perennial crop,4430,0.5510304816182633
446751,38.66524,-122.81364,woody perennial crop,4537,0.8189069510028489
309103,36.50049,-119.28329,woody perennial crop,71,0.5673944204786748
280449,34.60209,-120.10226,woody perennial crop,4413,0.5355917936666531
718,35.61351,-120.69602,woody perennial crop,3600,0
379703,36.57744,-119.91479,woody perennial crop,3078,0.4252064279550431
387300,36.82489,-120.37842,woody perennial crop,193,0.16994037135126092
237588,36.48193,-119.33311,woody perennial crop,450,0.6892056059285638
380323,39.67261,-122.11203,woody perennial crop,1073,0.5174718105459004
210383,35.78622,-119.09627,woody perennial crop,4535,1.0065009481919844
260022,37.78641,-120.9565,woody perennial crop,2293,0.28930164709280126
499278,38.63263,-122.45942,woody perennial crop,3932,0.23394044779223191
306075,34.2607,-119.03775,woody perennial crop,2699,0.6669048990062976
144749,33.62078,-116.10831,woody perennial crop,3266,1.4033667346194332
252115,36.53948,-119.45526,woody perennial crop,1208,0.36334789748621166
284151,36.47688,-119.59681,woody perennial crop,3088,0.6074598473104704
143133,39.714,-122.28213,woody perennial crop,1859,0.8998746994372041
396645,39.52126,-122.34521,woody perennial crop,1505,0.6233309667511866
411955,38.95776,-122.06492,woody perennial crop,3706,0.7679191988661199
232849,38.34194,-122.09467,woody perennial crop,4105,0.6467721764115413
117731,37.58632,-121.03369000000001,woody perennial crop,1846,0.7566207591383853
760,35.44004,-119.32721,woody perennial crop,3006,0
494257,35.69054,-119.40627,woody perennial crop,2102,0.36475917530342844
222223,36.70341,-119.98171,woody perennial crop,3881,0.591334664176278
390120,33.52387,-116.11436,woody perennial crop,144,1.1979572357504293
345127,38.19287,-121.06088,woody perennial crop,3979,0.40097107229469703
192381,38.10941,-121.13202,woody perennial crop,2290,0.44833631359662013
584470,38.65848,-122.94316,woody perennial crop,4752,0.4336008605483297
211976,38.5699,-123.23146,woody perennial crop,889,0.5583770827380632
771,35.87073,-119.86607,woody perennial crop,3209,0.41960865468636804
124897,33.31347,-117.12638,woody perennial crop,2889,0.7543924874180883
775,36.54739,-119.4298,woody perennial crop,3348,0.697729220914865
217612,38.98789,-123.09292,woody perennial crop,2133,0.37174886419465974
79627,39.3011,-123.20179,woody perennial crop,3425,0.6149400369619896
347766,38.34954,-122.38913,woody perennial crop,4823,0.3347201534684767
780,34.24929,-118.93964,woody perennial crop,4231,0.5217109696563003
473423,34.46221,-119.22962,woody perennial crop,333,0.6527675929557197
205615,36.42446,-121.41198,woody perennial crop,1022,0.4201456303860412
73414,36.3397,-119.14853,woody perennial crop,3993,0.9418536516228035
148114,39.73514,-122.15191,woody perennial crop,3502,0.6269671093121473
441891,37.71161,-120.77356,woody perennial crop,2703,0.5084338662231849
308310,37.98534,-121.10256,woody perennial crop,3730,0.37108099418338303
573590,36.91571,-120.02636,woody perennial crop,961,0.3911744876879154
213623,38.94172,-122.0685,woody perennial crop,2736,0.7787895346447529
79747,38.68216,-122.84772,woody perennial crop,1587,0.6494460890579556
123166,35.23598,-119.04575,woody perennial crop,3346,0.4808342814196095
319320,37.43926,-120.71002,woody perennial crop,4122,0.4211669665603472
551823,37.417230000000004,-120.58344,woody perennial crop,3682,0.8014652344130063
301324,37.63141,-120.59377,woody perennial crop,3421,0.6003811888048319
45869,35.07529,-119.2454,woody perennial crop,1571,0.8080169658862482
292037,35.22458,-118.8625,woody perennial crop,863,1.5527996353703646
109537,36.61407,-119.75712,woody perennial crop,3498,0.4537281817645438
586651,38.58951,-122.89486,woody perennial crop,386,0.4166812684939977
57801,37.53671,-121.18921,woody perennial crop,3625,0.9797445167797616
289261,35.91915,-119.17727,woody perennial crop,3215,0.6647726276365798
374685,37.65764,-121.69895,woody perennial crop,3970,1.712426535839551
187613,36.67989,-120.15928,woody perennial crop,3731,0.794227969081056
210695,38.949,-122.04923,woody perennial crop,1850,0.4849018657282091
117309,36.93532,-121.7617,woody perennial crop,1062,1.0039422068891664
431634,39.79997,-122.01385,woody perennial crop,3231,0
469757,38.09873,-121.31313,woody perennial crop,3404,0.6285510648557041
195867,35.70834,-119.0916,woody perennial crop,511,1.0561479790937767
540392,36.64966,-119.42442,woody perennial crop,724,0.3330102935076145
246600,36.53996,-119.21853,woody perennial crop,1917,0.3803116899530877
842,36.03031,-120.02014,woody perennial crop,3985,0
373797,38.15783,-121.20496,woody perennial crop,2081,1.246223308260797
230027,36.41975,-119.94519,woody perennial crop,4339,0
260061,35.99891,-119.1423,woody perennial crop,586,0
220696,38.61739,-120.93079,woody perennial crop,550,0.8168521967689603
147741,36.54268,-119.81901,woody perennial crop,2163,0.15570782290630028
230060,35.59236,-119.42484,woody perennial crop,1130,0.19935460454660348
559215,36.52108,-119.27219,woody perennial crop,4405,0.24257101569110925
559523,38.3857,-122.92298,woody perennial crop,286,0.91897021778787
411336,36.16048,-119.05318,woody perennial crop,2181,0.7896560284476714
373978,36.81846,-119.53275,woody perennial crop,3094,0
64421,38.36978,-122.94004,woody perennial crop,1955,0.451666010402393
17079,36.52482,-119.239,woody perennial crop,2693,0.45178067047292625
266306,38.61748,-122.77309,woody perennial crop,1883,0.6617187994986939
518122,37.9078,-121.70385,woody perennial crop,4724,0
549813,38.12302,-121.74513,woody perennial crop,4056,1.3069763062370943
299510,38.46358,-122.30238,woody perennial crop,4396,0.3094836797251706
582711,33.28069,-117.05681,woody perennial crop,4045,0.6785659093960205
246293,37.92581,-121.60001,woody perennial crop,1176,1.0714131976018149
545329,36.50015,-119.79258,woody perennial crop,947,0
209757,37.43022,-120.57054,woody perennial crop,410,0.37754180184962216
51251,38.27398,-122.47295,woody perennial crop,4289,0.9226651225485718
562046,38.42605,-122.34795,woody perennial crop,1284,0.505406469880656
92544,33.28508,-116.99653,woody perennial crop,680,0
241459,36.74026,-120.08045,woody perennial crop,2732,0.6616135661135085
400367,38.27573,-122.42501,woody perennial crop,673,0.5420737180009748
249653,38.29536,-122.10224,woody perennial crop,3294,0.9237793103665605
328683,38.64657,-122.92055,woody perennial crop,2424,0.46469870927923307
452355,37.33548,-120.67464,woody perennial crop,2097,0.5280031674392749
270967,37.82174,-120.97279,woody perennial crop,3481,1.164825166701454
405208,39.91587,-122.15435,woody perennial crop,1540,0.8073373644304669
482122,37.35334,-121.04752,woody perennial crop,927,0.4827911200701721
346516,37.5705,-120.9712,woody perennial crop,2103,0.4447944302893048
387004,35.69725,-119.75672,woody perennial crop,1173,0.9234893450383957
103778,36.17183,-119.01988,woody perennial crop,2354,0.5037336610169911
92125,36.4984,-119.22229,woody perennial crop,2702,0.6808331829543903
991,36.33114,-119.41977,woody perennial crop,2401,0.47828595693349674
309920,38.76249,-122.96325,woody perennial crop,795,0.8542536341556257
559723,39.73877,-122.05533,woody perennial crop,4349,0.661892897857279
510286,33.17909,-117.17621,woody perennial crop,1566,0.693482217940345
329870,39.16792,-121.7558,woody perennial crop,1472,0.44809031042928904
535654,38.70824,-122.13078,woody perennial crop,2189,0.8862779182573438
469411,38.50363,-122.69945,woody perennial crop,3482,0.6327363637752721
246764,37.46416,-120.83673,woody perennial crop,2536,0.7554666723589069
274663,35.64978,-119.12697,woody perennial crop,484,1.0336228003251537
547581,38.17034,-121.23736,woody perennial crop,83,0.5619485729752852
156046,37.59575,-120.83763,woody perennial crop,3972,0.485311823566675
320675,34.79547,-120.33415,woody perennial crop,864,0.7271779070461667
95750,39.1236,-123.18559,woody perennial crop,281,1.5877038555084253
494358,36.56557,-119.48867,woody perennial crop,152,0.37798823316736313
547388,36.28168,-119.13904,woody perennial crop,3154,0.3793778613719688
145291,35.24188,-118.76949,woody perennial crop,1369,0.7925117870599652
56013,36.89754,-119.93732,woody perennial crop,3291,0.6454472908447613
352440,38.39927,-122.63021,woody perennial crop,4201,0.588906092416615
75420,38.21676,-122.34321,woody perennial crop,3493,0.7335250004385617
124732,35.94383,-118.9792,woody perennial crop,174,0.6946996944666837
55473,35.19806,-120.57433,woody perennial crop,2535,0.7497606324809087
554947,38.2537,-120.78462,woody perennial crop,112,1.1380293011799134
245590,38.14845,-121.32761,woody perennial crop,566,0.9003763520290595
444509,38.27146,-122.41978,woody perennial crop,218,0.42752382659804444
21645,38.21033,-122.23198,woody perennial crop,2050,0.6673165888146713
568867,37.64456,-120.84026,woody perennial crop,2998,0.2835435535693306
91986,38.41018,-121.58965,woody perennial crop,1021,0.7948654767730182
482357,34.44717,-118.92463,woody perennial crop,304,0.6468607951519233
25616,38.46469,-122.89677,woody perennial crop,1028,0.5932192198053654
238819,36.55155,-119.58237,woody perennial crop,1990,0.4226492257893007
538260,34.29004,-119.05769,woody perennial crop,2809,0.6560738166077876
102901,36.53906,-119.50128,woody perennial crop,1343,0.32198215210777575
396858,35.74406,-119.8007,woody perennial crop,882,0.9488760502236979
80697,36.4959,-119.27879,woody perennial crop,2686,0.6119942844697172
121755,37.2863,-120.33169,woody perennial crop,2415,0.5383340802194041
408805,38.55675,-122.51126,woody perennial crop,4355,1.1308281031575733
511233,35.57201,-120.59304,woody perennial crop,1617,0.3363458218136356
61370,35.81148,-119.14098,woody perennial crop,2844,1.6157279648675913
87550,35.48761,-119.68167,woody perennial crop,820,0.7280817989920718
311973,35.2824,-118.8979,woody perennial crop,1834,0.6966281202229541
557681,36.57323,-119.33322,woody perennial crop,2344,0.7500014000460915
265894,39.00757,-122.80686,woody perennial crop,1377,0.6748338963565866
297094,34.32692,-119.152,woody perennial crop,966,0.5946932857836339
185037,36.38604,-119.21001,woody perennial crop,3024,0.2756058095161106
24128,37.70869,-121.03075,woody perennial crop,1509,0.5000545484247249
594090,35.8082,-119.48692,woody perennial crop,1443,0
54036,35.95555,-118.98339,woody perennial crop,2179,1.1077567802371036
450900,39.65586,-122.06835,woody perennial crop,4494,0.48163533853398105
183240,36.54982,-119.344,woody perennial crop,1856,0.33978420439453705
114413,36.39994,-119.24461,woody perennial crop,2952,0.6664530189190386
519481,37.64483,-121.36627,woody perennial crop,3901,0.7924995022606423
405052,38.36749,-122.62395,woody perennial crop,1471,0.3415020320081665
300970,36.7231,-119.65157,woody perennial crop,1546,0.5906533037029641
39013,36.71812,-119.82954,woody perennial crop,3646,1.0342223286150198
102198,38.19162,-121.32061,woody perennial crop,1586,0.4649860214107743
1218,36.51971,-119.53057,woody perennial crop,2759,0.6978546164418086
154478,36.72439,-120.1123,woody perennial crop,4131,0.6048128702331408
458672,37.65752,-120.85207,woody perennial crop,24,0.4482401429635325
5528,35.37422,-119.42157,woody perennial crop,3807,0.6933704308355733
453462,40.14704,-122.19288,woody perennial crop,1851,0.6049186287525965
100213,38.02627,-121.17111,woody perennial crop,883,0.5814851506957183
81976,38.07398,-121.24839,woody perennial crop,2485,0
115726,36.47003,-119.43181,woody perennial crop,814,0.27275378138200684
509572,34.28605,-119.00312,woody perennial crop,2136,0.47158370744801525
599075,38.3852,-120.78399,woody perennial crop,3781,0.4256035383862617
231466,36.42924,-119.16616,woody perennial crop,1344,0.48285113324756423
324163,39.72699,-122.10296,woody perennial crop,3842,0.477708938761903
4346,36.56297,-119.69251,woody perennial crop,291,1.0571478542938813
444173,38.90591,-122.05917,woody perennial crop,1914,0.9145949579893761
295416,36.2551,-119.19565,woody perennial crop,1788,0.3914313551777048
283522,35.95061,-119.08297,woody perennial crop,868,0.6207625491808777
449232,35.05176,-118.92416,woody perennial crop,2164,0.921056890726829
386664,37.46087,-120.88776,woody perennial crop,1285,0.5582756405154029
276389,36.87209,-120.11264,woody perennial crop,1616,0.872925564254539
497148,33.45949,-117.19264,woody perennial crop,4138,0.5323592804837817
492492,38.6209,-122.88357,woody perennial crop,1899,0.4844786214720088
15574,35.68,-119.75026,woody perennial crop,260,0.5644813947822488
1378,37.41134,-120.62379,woody perennial crop,4548,0.7217078457882423
509002,38.27898,-122.32773,woody perennial crop,2709,0.5538609543847209
147047,38.4894,-121.36501,woody perennial crop,1877,1.279581208521257
546023,33.28039,-116.97674,woody perennial crop,2493,0.606305585556616
171135,38.63953,-122.92796,woody perennial crop,3280,0.8525384028128871
196473,37.86203,-120.97427,woody perennial crop,4509,0.6190452847537935
426108,37.69581,-120.80348,woody perennial crop,65,0.389089206936112
460003,36.38178,-119.91589,woody perennial crop,1081,0.856764240900477
350995,35.09882,-118.90051,woody perennial crop,810,0.7828531157498437
172554,39.12812,-123.15087,woody perennial crop,3075,0
526262,36.56188,-119.41164,woody perennial crop,1754,0.8565581642327778
351986,36.12747,-121.09881,woody perennial crop,2720,0.5510621262384032
350064,38.15864,-121.23527,woody perennial crop,1018,0.6906748225127611
98138,38.49395,-122.4345,woody perennial crop,4314,0.4963524659645902
291869,40.01458,-122.28816,woody perennial crop,2897,0.531979082950349
20822,37.59385,-120.91789,woody perennial crop,4402,0.6336548812048143
165959,35.60316,-119.55819,woody perennial crop,1024,0.6617509715981681
595509,37.76994,-120.80356,woody perennial crop,1217,0.5871495080238589
530486,36.1185,-119.1061,woody perennial crop,421,0.6190139217643742
311705,37.43894,-120.90811,woody perennial crop,4306,0.5473381483574157
140327,36.16345,-119.04759,woody perennial crop,488,0.2941375509105464
19108,37.81617,-120.86285,woody perennial crop,3816,0.5529292501075206
308759,37.64012,-120.81803,woody perennial crop,1633,0.37221122752070146
579327,38.35904,-122.39648,woody perennial crop,3986,0.8300251552163226
185967,35.53938,-119.26392,woody perennial crop,4092,0.7100294158991068
307800,36.57224,-119.46,woody perennial crop,794,0.3594512584321805
152019,35.01942,-120.54043,woody perennial crop,2534,1.2538161013954596
393278,36.55476,-119.49559000000001,woody perennial crop,1317,0
196088,35.34518,-118.84971,woody perennial crop,1250,0.7589136801631473
181315,37.65457,-121.11445,woody perennial crop,309,0.5138224658101237
549781,36.72256,-119.8836,woody perennial crop,580,0.5976357329423166
477255,38.92686,-122.0098,woody perennial crop,344,0.45586763550192344
260812,34.44467,-119.87278,woody perennial crop,170,0.8065204185665288
243315,38.31884,-122.20046,woody perennial crop,4669,0.8212904805812297
32091,36.73462,-120.01856,woody perennial crop,376,0.7719198121681597
264763,36.46627,-119.47629,woody perennial crop,4780,0.6208535658240039
64025,38.86056,-123.04344,woody perennial crop,4150,0.6764448576656602
5165,33.23073,-117.11162,woody perennial crop,579,0.588123029359918
249599,38.96388,-122.04282,woody perennial crop,1172,0.5794767974557051
377418,37.64023,-121.70359,woody perennial crop,1375,0.5493748774599434
252185,38.24187,-121.17696,woody perennial crop,921,1.5284518631460273
310239,38.35213,-122.46531,woody perennial crop,4140,0.6262308960065377
543096,38.51144,-122.96554,woody perennial crop,661,0.4794557320453829
377520,36.60232,-119.32617,woody perennial crop,1985,0.4018649303847053
39728,37.70461,-120.9752,woody perennial crop,713,1.107489464354185
61128,38.2293,-122.31239,woody perennial crop,3705,0
459204,38.04646,-121.21519,woody perennial crop,3793,0.5359089212668585
63724,36.58024,-119.51882,woody perennial crop,2217,0.3509881139736906
554930,35.1123,-118.97564,woody perennial crop,1006,0.4157537819545087
392782,35.64821,-119.27872,woody perennial crop,3206,0.5503624760250929
294148,37.67645,-120.62391,woody perennial crop,980,0.6169789741045889
581996,34.29452,-119.03597,woody perennial crop,238,0.5263325647351658
345907,38.0563,-121.17508,woody perennial crop,687,0.5606726792139796
15554,37.55663,-120.8815,woody perennial crop,2882,0.5269052112670374
294260,38.40388,-122.53964,woody perennial crop,4662,0.6847182929602359
115338,36.7978,-120.03123,woody perennial crop,3052,0.5226234643607749
560292,38.25706,-121.523,woody perennial crop,4506,0.9771558498093484
160002,35.36047,-119.39162,woody perennial crop,4676,0.5896380403201436
127591,36.63312,-119.62474,woody perennial crop,1249,0.678307436761681
390560,36.26413,-121.33401,woody perennial crop,2572,0.7245467954256057
473785,37.89518,-121.69512,woody perennial crop,1083,0.6858540353075663
279061,39.06256,-121.62351,woody perennial crop,1828,0.6841125892806228
470993,37.65117,-121.11167,woody perennial crop,1767,0.6323504115454961
530426,34.25889,-119.03505,woody perennial crop,3595,0.6216599681527429
230066,38.75729,-120.69273,woody perennial crop,4294,0.47545914405465967
47453,36.04649,-118.93306,woody perennial crop,2824,0.8110863059877237
11400,35.53079,-119.32931,woody perennial crop,4432,0.38903709912356266
443162,38.22699,-122.32193,woody perennial crop,2498,0.41857955202843306
330921,35.81568,-119.34187,woody perennial crop,2622,0
414966,35.56108,-119.17571,woody perennial crop,4061,0.6215727334741687
111068,38.9545,-122.04402,woody perennial crop,4668,0.4517099622117822
532434,37.9018,-120.98705,woody perennial crop,17,0.7902383926805241
168600,35.97514,-119.93494,woody perennial crop,2770,0.42283425019829557
454341,36.32078,-119.06943,woody perennial crop,1890,0.612345367558715
465582,36.12526,-119.04838,woody perennial crop,1790,0.30555959730270565
412510,39.18788,-121.65639,woody perennial crop,2145,0.7057080580678781
242766,37.59286,-120.78271,woody perennial crop,4167,0.4511025443757865
534603,37.32997,-120.84586,woody perennial crop,4409,1.0852691646622792
92807,37.96223,-121.13805,woody perennial crop,891,0.5162334028456188
361114,36.6289,-119.62614,woody perennial crop,830,0.4987924693135164
395067,37.65072,-121.32938,woody perennial crop,2680,0.5507320021517489
337468,37.79072,-120.97026,woody perennial crop,1962,0.8869981590041298
134060,38.03557,-121.0527,woody perennial crop,3796,0.6525184111135242
182689,38.53883,-121.79971,woody perennial crop,277,1.1414027779944806
254082,37.98387,-121.09577,woody perennial crop,2885,0.44161324845808597
444889,36.7874,-120.6545,woody perennial crop,1388,1.2838329056690994
64745,35.46548,-119.31647,woody perennial crop,990,0.47696700926096675
101084,34.4489,-119.22061,woody perennial crop,3954,0.7682325144599701
239040,33.69406,-116.13179,woody perennial crop,1304,0.8904404870671893
63534,36.61687,-119.62388,woody perennial crop,84,0.28698081430595435
447023,38.26905,-122.32847,woody perennial crop,2982,0.3385610829754313
362426,35.10238,-119.23605,woody perennial crop,4517,0.7991231196603862
303115,36.10645,-118.87359,woody perennial crop,854,1.362262527152242
101155,36.6601,-119.36879,woody perennial crop,3172,0.5080703369088008
142350,38.13472,-121.62383,woody perennial crop,1015,1.6236073466463967
431258,35.50604,-119.16467,woody perennial crop,4624,0.6279073845288918
1702,36.6296,-119.27458,woody perennial crop,1090,0.7967651573213191
535976,36.13916,-119.02342,woody perennial crop,572,0.8614539574298204
135592,36.49604,-119.27214,woody perennial crop,1958,0.8625830350642811
101488,38.35495,-120.8499,woody perennial crop,2989,0.8691279867447231
591550,38.45481,-122.37113,woody perennial crop,3300,0.2865178525681843
553652,36.37016,-119.42874,woody perennial crop,4273,0.8008790546247353
151987,37.90038,-121.69051,woody perennial crop,641,0.6448223914912138
410695,39.05315,-121.63655,woody perennial crop,2171,0.5276732369912014
313726,35.63707,-120.45044,woody perennial crop,2653,0.8374195866808442
589522,38.5463,-122.77536,woody perennial crop,1483,0.3903162002782916
54609,37.47339,-120.75008,woody perennial crop,760,0.33960506161880955
314055,38.30878,-122.72356,woody perennial crop,4493,0.35984175769024906
114577,37.14713,-120.39415,woody perennial crop,3868,0.22866631580873847
504177,36.59459,-119.60759,woody perennial crop,2098,0.8217555828817252
552781,36.52158,-119.74872,woody perennial crop,4637,0.31598155299881314
597503,38.92557,-121.56321,woody perennial crop,775,0.6427632821792423
303467,39.02359,-121.56472,woody perennial crop,3067,0.7593418091535716
140807,38.11367,-121.11034,woody perennial crop,1425,0.7183129324500949
171738,33.59625,-116.23912,woody perennial crop,345,1.5040145426110694
380593,35.51887,-120.49172,woody perennial crop,2747,0.9703604121336579
371650,35.0619,-118.83008,woody perennial crop,584,0.23709198723802521
220161,37.77223,-120.96291,woody perennial crop,960,0.500296467917196
240648,35.21487,-118.87148,woody perennial crop,3080,0.5737422971553474
70096,37.01645,-120.25224,woody perennial crop,4187,0.1783210771227725
363334,39.59075,-122.19964,woody perennial crop,4143,0.8077312764764308
520950,36.05166,-121.00479,woody perennial crop,570,0.8015262086139332
237502,34.32794,-119.16685,woody perennial crop,2855,0.9858894283581983
321702,35.65637,-120.5462,woody perennial crop,908,0.5646378385500166
352926,33.49151,-117.54756,woody perennial crop,314,0.559837132769461
597474,33.27746,-117.16264,woody perennial crop,2944,0.37576836308246
89514,38.38034,-122.35443,woody perennial crop,1399,0.45805273026434834
489933,35.6127,-119.34289,woody perennial crop,1261,0
413384,39.17457,-122.89343,woody perennial crop,413,1.0228200867076769
388657,38.63616,-121.84443,woody perennial crop,2422,0.5380256200016589
599713,36.66007,-119.47344,woody perennial crop,4512,0
225445,36.62515,-119.59842,woody perennial crop,4499,0.7023173404316142
237519,38.40196,-122.88765,woody perennial crop,1312,0.6350383038506804
415843,35.1106,-119.17856,woody perennial crop,4233,0.55770480807737155
265069,38.57512,-122.61524,woody perennial crop,3888,0.5081707368322359
598174,37.17178,-121.03486,woody perennial crop,2341,0.7262077849841284
280394,38.1681,-121.33717,woody perennial crop,3058,0.5943911323240044
68988,35.53449,-119.66038,woody perennial crop,3321,0.5091496881354904
263993,36.52031,-120.45684,woody perennial crop,1926,0
430158,36.43596,-119.63738,woody perennial crop,1459,1.2650946424249745
3677,37.77787,-121.00279,woody perennial crop,2040,0.3953930047448221
90626,36.40497,-120.38747,woody perennial crop,50,0.7480683439610916
554971,36.16937,-120.31377,woody perennial crop,1497,0.9676175418986729
367276,39.64144,-121.80957,woody perennial crop,3828,0.48354682878416483
30426,39.05334,-122.06094,woody perennial crop,292,0.9773546737723825
90267,39.21389,-123.19923,woody perennial crop,3880,0.5820837374882296
229911,39.07555,-123.15235,woody perennial crop,3307,0.25085601558952997
417872,36.46734,-119.59009,woody perennial crop,4459,0.9420257236811934
167538,35.05392,-119.00457,woody perennial crop,1827,0.3675727491304699
42166,39.59516,-122.25709,woody perennial crop,1100,0.9619497464936413
397404,38.54459,-122.34867,woody perennial crop,2758,0.38761475241637894
600592,36.73304,-119.56751,woody perennial crop,2131,0.5289030700959939
223509,36.66587,-119.33089,woody perennial crop,2636,0.7220298100640042
216502,36.34551,-119.1968,woody perennial crop,4180,0.5793884625092514
600573,36.44188,-121.30114,woody perennial crop,806,0.8219772561803933
116562,36.61055,-119.29479,woody perennial crop,3601,0.38470641921809456
70615,39.01561,-123.1255,woody perennial crop,4120,0.6574029187735398
392726,38.49377,-122.88667,woody perennial crop,4646,0
546660,38.51704,-122.97751,woody perennial crop,852,0.5083967289905374
597629,38.95839,-122.8467,woody perennial crop,161,0.9021944280321471
1944,33.14517,-117.26792,woody perennial crop,117,0.546295491033949
442812,36.23433,-119.45907,woody perennial crop,1977,0.5333861425666296
365974,37.68675,-120.80482,woody perennial crop,1951,0.5512254604184713
377972,35.63804,-120.70646,woody perennial crop,2677,1.0369886492476232
34446,36.67624,-119.66269,woody perennial crop,964,0.5563437763470698
129919,36.63906,-119.35016,woody perennial crop,3775,0.5781669897829498
260518,36.86432,-120.03914,woody perennial crop,3958,0.5209863058093261
232489,36.64502,-119.27989,woody perennial crop,2987,0.9464200060124337
101296,39.30972,-121.63586,woody perennial crop,1405,0.8002202798798307
49660,39.44205,-121.98136,woody perennial crop,1747,0
45406,36.4603,-119.5492,woody perennial crop,247,0.25150006437843386
423358,37.40121,-120.58264,woody perennial crop,2391,0.73612438582967
531207,35.50525,-119.30141,woody perennial crop,653,0.3826131386121988
276620,35.55611,-119.36514,woody perennial crop,4193,0.8672828841324277
7905,39.39425,-121.60904,woody perennial crop,467,0.4787256763526935
91503,36.55616,-119.58054,woody perennial crop,2510,0.5078094540793304
65560,38.39273,-122.57421,woody perennial crop,2710,0.3640361516703642
114755,39.6506,-122.16258,woody perennial crop,2574,0.6547637036043418
455904,38.87169,-123.02038,woody perennial crop,4667,0.6204483231449468
44862,36.19374,-119.1478,woody perennial crop,1501,0.32431911156443494
204963,33.42825,-117.33211,woody perennial crop,2610,0.8602825510187836
141212,33.39532,-117.19526,woody perennial crop,4638,0.7280718695216425
265146,39.62658,-122.12897,woody perennial crop,285,0.9555207037411123
588211,33.7165,-116.90058,woody perennial crop,3831,0.7065138934192913
146229,35.96321,-118.97651,woody perennial crop,3208,1.0010462093340433
18013,37.59764,-121.11829,woody perennial crop,813,0.6424079689383321
228674,38.64673,-122.43951,woody perennial crop,1114,0
560533,39.82304,-121.97332,woody perennial crop,3721,0.3559748203747378
122722,38.95585,-121.83102,woody perennial crop,894,1.0620362542236694
484047,36.16505,-120.04409,woody perennial crop,2914,1.0208534738597803
78750,37.36951,-120.80295,woody perennial crop,1601,0.6677954075314172
26091,38.2271,-122.32559,woody perennial crop,1704,0.44197931734048457
203705,36.59492,-119.40282,woody perennial crop,1477,0.4589609162572878
267901,36.59842,-119.59415,woody perennial crop,212,0.45961814987681204
124013,34.388420000000004,-119.01925,woody perennial crop,507,0.5332112492896142
84755,37.36228,-120.7805,woody perennial crop,765,1.4277235330028146
153282,38.16061,-121.12438,woody perennial crop,492,0.5827768523230377
370257,36.90785,-121.6911,woody perennial crop,3597,1.2423486243924164
144882,36.27422,-119.11512,woody perennial crop,2029,0.47887560473467594
291979,38.76275,-121.45668,woody perennial crop,3338,0.9511106479984954
522162,36.38953,-119.24837,woody perennial crop,627,0.6055604273417106
8775,39.95068,-122.18521,woody perennial crop,1157,0.6238922892781699
374370,37.05233,-120.01217,woody perennial crop,4104,0.7771621809147118
142579,36.86347,-119.83408,woody perennial crop,4552,0.5555078437647467
327119,37.06421,-120.26847,woody perennial crop,1243,0.2437237575445016
90919,36.5157,-119.5923,woody perennial crop,1393,0.4098266215004112
147973,37.13308,-120.54982,woody perennial crop,4586,0.5985404704029369
78361,38.14971,-121.38162,woody perennial crop,1864,0.8617079556357473
2144,35.34644,-118.85257,woody perennial crop,998,0.9059354941169097
218546,35.03326,-118.90198,woody perennial crop,1924,0.7513336333439686
278304,38.39092,-122.92283,woody perennial crop,4067,1.443278366222632
251683,39.13274,-123.17988,woody perennial crop,1025,0.5203634994409848
317528,38.73069,-122.456,woody perennial crop,4485,0.8544783849315359
279978,36.17865,-119.02001,woody perennial crop,4781,0.6667070206670115
375509,35.71072,-119.10436,woody perennial crop,599,0.8394804344615912
548208,36.57155,-119.65001,woody perennial crop,3729,1.4585096346732578
446496,39.16151,-121.68064,woody perennial crop,4068,0.5419371031050322
574893,39.18422,-121.64492,woody perennial crop,4768,0
231827,38.95906,-121.56464,woody perennial crop,2165,0.5552024000480995
172849,38.37281,-121.54599,woody perennial crop,3195,0.8607007574438954
381075,39.12515,-121.68773,woody perennial crop,3276,0.9636511328180188
393176,39.02651,-122.92251,woody perennial crop,4587,0.7737246118506425
148394,39.12614,-121.69512,woody perennial crop,4582,0
216099,36.55414,-119.46266,woody perennial crop,2417,0.31770662569921587
300764,38.3646,-122.9529,woody perennial crop,788,0.511103945926814
375119,39.53131,-122.30753,woody perennial crop,1318,0
408823,39.0887,-121.60265,woody perennial crop,518,1.3126335498136357
25323,36.42105,-120.15984,woody perennial crop,403,1.6059673206135454
512273,35.84624,-119.2826,woody perennial crop,4466,0.6477577723429879
493105,36.89081,-121.36246,woody perennial crop,1686,0.9064530320904798
19198,37.12113,-122.15607,woody perennial crop,4246,0.4045913266228983
127545,36.22277,-119.11677,woody perennial crop,2389,0.5190964971662192
15079,39.16394,-121.50079,woody perennial crop,779,0.7197161107129907
453847,38.51911,-122.84604,woody perennial crop,4703,0.79585970683316265
311277,38.11287,-121.35441,woody perennial crop,1282,0.6438110479767865
145177,33.47514,-116.11456,woody perennial crop,4115,0.6463660316925085
8397,38.59349,-122.93674,woody perennial crop,1127,0.7993464370961958
542617,39.96296,-122.18098,woody perennial crop,1227,0.7912918991379907
376433,36.27319,-119.16969,woody perennial crop,1053,0.6877810295791676
438183,38.19122,-121.31623,woody perennial crop,66,1.2181992488560038
250097,35.68372,-119.19035,woody perennial crop,2964,0.7091785300584831
235937,37.16908,-120.24834,woody perennial crop,759,0.33798257017219463
2252,36.62654,-119.73744,woody perennial crop,562,1.3448837104397073
151858,37.61788,-121.11256,woody perennial crop,3594,0.3168936196915681
236720,39.46761,-122.02862,woody perennial crop,4626,1.0402144901937787
407432,35.00834,-120.45829,woody perennial crop,4019,0.9112302418290309
63176,34.09654,-118.83112,woody perennial crop,3164,0.9922961066582304
110698,36.7463,-120.05791,woody perennial crop,2005,0.4827040411848438
378007,37.00512,-120.53529,woody perennial crop,1730,0.5273729958498516
15222,39.8522,-122.00322,woody perennial crop,1739,1.0423704546150672
2274,37.69823,-120.76164,woody perennial crop,3558,1.2136085743364327
516534,36.65254,-119.39352,woody perennial crop,2237,0.5495105503770336
74959,36.35018,-121.34251,woody perennial crop,3634,0.5046977127540979
491136,38.35242,-122.30076,woody perennial crop,157,0.7029386201648908
480286,36.63116,-119.33474,woody perennial crop,4281,0.45999867690189405
11759,37.43395,-121.04156,woody perennial crop,3177,0.5641881729393116
465267,36.61592,-119.42086,woody perennial crop,2744,1.0212934065968826
245581,36.25163,-120.13065,woody perennial crop,3353,0.7620690756436196
374391,33.75006,-117.75611,woody perennial crop,2976,0.8435047484102506
39615,39.54919,-122.26282,woody perennial crop,1700,0.7456293303972723
286588,37.31165,-120.41234,woody perennial crop,2506,0.6078533117361878
509349,39.9003,-122.20571,woody perennial crop,167,1.4272044356654405
546422,36.4257,-121.2987,woody perennial crop,180,0.5607325155189715
95244,36.6947,-119.6795,woody perennial crop,1758,0.4226188916003125
118578,37.42271,-120.56444,woody perennial crop,3219,0.44732618147538195
257423,39.6726,-122.30763,woody perennial crop,4640,1.6991983051007609
483736,33.32365,-117.17642,woody perennial crop,2726,0.5038817658807709
489427,36.66007,-119.4006,woody perennial crop,3607,0.6402014343004279
547628,36.0979,-119.1377,woody perennial crop,2619,0.4369902012770286
443731,36.69678,-120.0202,woody perennial crop,2322,0.4163946862690266
98736,36.84033,-120.22567,woody perennial crop,4549,0.7404175930149547
41846,39.88686,-122.28614,woody perennial crop,2398,0.7612540575576067
283699,37.31817,-120.62731,woody perennial crop,2740,0.46647153271241093
471647,36.38049,-119.45886,woody perennial crop,3057,0.45710837610908767
21801,36.59277,-119.59668,woody perennial crop,4577,0.3648806429720914
173318,36.53406,-120.35005,woody perennial crop,3472,0.5415442730954081
258852,36.66727,-119.38226,woody perennial crop,2021,0.9927856229931609
91202,33.25652,-117.22959,woody perennial crop,2147,0.7649782914631582
593472,36.3972,-119.18985,woody perennial crop,2799,0.25453780438248125
333777,36.62796,-119.61649,woody perennial crop,1855,0.5247173618067356
277137,39.29948,-123.19102,woody perennial crop,1891,0
108110,36.44227,-121.44068,woody perennial crop,2990,0.7626079003870896
408233,36.76812,-120.11702,woody perennial crop,2099,0.412820636502532
382690,36.01404,-119.01483,woody perennial crop,311,0.7760103077618549
513287,33.28314,-117.07282,woody perennial crop,4191,0.26292014300625643
288953,39.66133,-121.78149,woody perennial crop,4243,0.6429301517326298
213357,39.13242,-121.69229,woody perennial crop,2140,1.3652957488934534
488239,36.57069,-119.54023,woody perennial crop,733,0.5172507035696106
541111,34.87605,-120.25167,woody perennial crop,2890,0.8744660439317492
11747,38.41302,-122.38877,woody perennial crop,4793,0.39462463626399813
213545,36.54022,-119.49944,woody perennial crop,1370,0.4242614905633314
35341,36.55863,-119.45647,woody perennial crop,835,0.5797790901572097
2506,35.70492,-119.41713,woody perennial crop,3548,1.3856127159340428
134109,37.79027,-121.17671,woody perennial crop,2253,0.7110669933755152
26632,37.79222,-120.97476,woody perennial crop,4011,0.33515364737525344
111028,35.64327,-120.45744,woody perennial crop,636,1.0621105878490555
493466,37.69959,-120.81752,woody perennial crop,2476,0.9330220183424658
67463,33.27308,-117.13329,woody perennial crop,4709,1.4217148098182202
48244,37.05136,-121.65254,woody perennial crop,583,0.8226832504379943
375620,34.46536,-119.74531,woody perennial crop,1054,0.7143957720751005
6847,36.85292,-120.39336,woody perennial crop,4275,0.5313758546891656
95148,35.42122,-118.8128,woody perennial crop,183,0.7396647790074238
2534,34.06736,-117.09785,woody perennial crop,1365,0
172436,33.48289,-117.16162,woody perennial crop,3122,0.8432839015907667
558170,36.67192,-119.6258,woody perennial crop,3823,0.6631701859402296
481090,35.83651,-119.17558,woody perennial crop,2943,0.473195781633683
598809,38.11806,-121.34145,woody perennial crop,2753,0.5775175485647643
558393,35.8791,-119.11918,woody perennial crop,3143,0.3980536773836072
376882,37.65953,-121.07111,woody perennial crop,2570,0.5691461909031825
229976,39.18175,-121.93922,woody perennial crop,1658,0.8460085349193863
569467,35.73035,-119.04309,woody perennial crop,4429,0.9011382752855963
289694,36.16311,-119.09786,woody perennial crop,3727,0.43691281110706237
65055,36.51077,-119.29704,woody perennial crop,1589,0.2626411599734485
579898,35.6277,-119.30567,woody perennial crop,3305,0.3440724287941522
273281,35.78161,-119.12398,woody perennial crop,1309,0.6186848416651892
151830,36.55329,-119.3603,woody perennial crop,1044,0.6758464672511907
201736,38.37657,-121.90885,woody perennial crop,1518,0.6019701848301848
471301,37.8068,-120.96884,woody perennial crop,3301,0.681459348960718
184525,37.56316,-120.95354,woody perennial crop,1386,1.0501797676706293
301885,37.53272,-121.16441,woody perennial crop,4208,0.29263706093785563
68591,38.24573,-122.39627,woody perennial crop,324,0.7148875762517638
114642,36.69555,-119.31189,woody perennial crop,2857,0.7796941135564276
293624,34.13808,-117.48032,woody perennial crop,3650,1.4637673850440833
437856,38.17996,-121.20297,woody perennial crop,2704,0.3799159413301108
557715,37.7475,-121.20552,woody perennial crop,3715,0.4606484537288318
290016,36.54512,-119.96488,woody perennial crop,3499,0.9537678938600443
475395,36.46048,-120.04279,woody perennial crop,2559,0.7666174507450688
44679,33.56781,-116.0118,woody perennial crop,3220,0.8315136981047859
2615,41.96809,-121.6623,woody perennial crop,2734,1.6082417221931067
343400,39.28862,-121.60384,woody perennial crop,3040,1.0422664256624945
459821,39.91222,-122.07544,woody perennial crop,790,0.6230610862354851
563798,39.38806,-121.67231,woody perennial crop,3938,0
222539,38.39401,-122.46135,woody perennial crop,3495,0.5993551485492278
456754,38.43069,-122.41664,woody perennial crop,784,0.4160834079240485
545266,37.1213,-120.11349,woody perennial crop,4134,0.8453273580433016
311925,36.0998,-119.24926,woody perennial crop,3982,0.5521279638847176
2633,35.41801,-119.24631,woody perennial crop,1342,0.5124517920540224
405358,36.1685,-119.04878,woody perennial crop,2733,0.5083654476946158
41691,37.04923,-120.23184,woody perennial crop,1409,0.5162059303935308
512311,36.5089,-119.26307,woody perennial crop,1266,0.4582466157946233
85112,36.65728,-119.40659,woody perennial crop,4515,0.3263597999657492
383830,36.19208,-119.13699,woody perennial crop,3477,0.5478527550653003
340679,36.68061,-120.24494,woody perennial crop,3092,0.5597799527851457
422882,38.51085,-122.50911,woody perennial crop,4594,0.4525111288122893
236627,35.52858,-120.81657,woody perennial crop,902,0
540335,37.65138,-121.37521,woody perennial crop,132,0
485373,34.31276,-118.994,woody perennial crop,3342,0.7088143009196078
82565,34.81169,-120.41097,woody perennial crop,3623,1.0459981316096911
88707,39.34639,-121.71703,woody perennial crop,2312,0.84203690573134
595482,38.42627,-122.35929,woody perennial crop,881,0.47757537918931203
323385,39.29652,-121.6363,woody perennial crop,2068,0.3308533925865208
122977,37.44615,-120.57354,woody perennial crop,4149,1.1907700547013629
78800,39.40163,-121.67335,woody perennial crop,3695,0
217890,37.32581,-120.80801,woody perennial crop,3783,0.9245985163060249
48067,34.31088,-118.91643,woody perennial crop,4456,1.022742369821098
370964,39.04914,-122.14758,woody perennial crop,513,0.6726113829948386
78008,39.89018,-122.20469,woody perennial crop,2938,0.5578625699957241
197341,39.21374,-121.67651,woody perennial crop,4257,0.6183299143319827
238389,37.437,-120.7619,woody perennial crop,4252,0.5599650561279205
368694,39.07105,-123.15838,woody perennial crop,4617,1.0178825062061698
51062,38.69728,-122.86212,woody perennial crop,633,0.5769958849187483
136688,35.73413,-119.33137,woody perennial crop,2484,0.5125857861071617
401514,39.91305,-122.1153,woody perennial crop,2959,0.5587887554687171
14024,36.85677,-120.03972,woody perennial crop,1186,0.3699496834918954
459267,38.27687,-122.3298,woody perennial crop,1038,0.4653160416122921
599470,38.94915,-121.48923,woody perennial crop,1880,1.5159148432341596
354894,39.6319,-121.78926,woody perennial crop,1761,0.4098674374830569
49578,33.2829,-117.06324,woody perennial crop,93,0.4298018971248958
241474,35.46953,-119.12287,woody perennial crop,3087,1.3502086072160255
2716,36.62195,-119.52211,woody perennial crop,4126,0.31070081487559886
249380,36.45157,-119.64436,woody perennial crop,208,0.4488721105355649
153008,33.45114,-117.25337,woody perennial crop,2213,0
170901,34.77933,-120.41427,woody perennial crop,1813,0
229359,35.98985,-118.96,woody perennial crop,4623,0.9679876227620123
138163,35.477290000000004,-119.12111,woody perennial crop,3051,0
84489,36.87618,-121.67834,woody perennial crop,2797,1.3709576141991686
541160,35.55381,-120.79331,woody perennial crop,4778,1.1650928838456351
56138,36.60067,-119.39611,woody perennial crop,4010,0.5711138486185177
401192,37.12485,-120.11352,woody perennial crop,2655,0.8079151816409478
31512,38.59153,-122.83175,woody perennial crop,2800,0.625188822746304
87772,37.61933,-120.8192,woody perennial crop,1673,0.403852499677745
407073,33.4389,-116.08962,woody perennial crop,1707,0.8303469105413525
585379,39.03036,-123.11521,woody perennial crop,4560,0.87736025610855
58863,34.30968,-118.88478,woody perennial crop,874,0.7114532129121538
72844,36.5844,-119.31187,woody perennial crop,1067,0.3745786043409242
346161,37.57035,-120.78596,woody perennial crop,4033,0.7553094139359054
502139,36.36388,-119.86254,woody perennial crop,1169,1.0309713014754793
602733,36.31604,-119.15427,woody perennial crop,4128,0.6845976871275772
48552,36.54174,-119.84974,woody perennial crop,1123,0.42924759458405326
518795,33.3163,-115.55113,woody perennial crop,3369,0
208984,38.56568,-122.58545,woody perennial crop,654,0.879323282907534
195403,38.65375,-122.41139,woody perennial crop,2149,0.4196890577070826
330357,38.09943,-121.22938,woody perennial crop,4694,0.5347161750483445
128725,38.44326,-122.39638,woody perennial crop,556,1.4790799298060398
125634,38.39335,-122.31516,woody perennial crop,2328,0.654530226589017
466310,36.31919,-120.17404,woody perennial crop,2304,1.2409321187064883
64523,38.25435,-122.46991,woody perennial crop,2017,0.8555279870055587
456334,39.86623,-122.00963,woody perennial crop,1373,0.8504575256592835
305570,37.68165,-120.57863,woody perennial crop,108,0.5093981977220414
250086,41.79557,-122.03561,woody perennial crop,2062,0
146753,36.85606,-120.75642,woody perennial crop,2267,0.8443121022418061
174949,38.63394,-122.775,woody perennial crop,2794,0.5074652897848212
75414,35.32439,-118.89414,woody perennial crop,3966,0.35669818795468766
245360,34.30953,-119.14546,woody perennial crop,2737,0.5299589207995115
205055,33.28073,-117.20432,woody perennial crop,105,0
44074,38.6797,-122.02645,woody perennial crop,2193,1.3733103979792527
191077,38.37577,-120.87635,woody perennial crop,1163,1.2467522275606806
502762,38.59768,-122.88342,woody perennial crop,1451,0.5994928645877364
229405,35.61825,-119.96126,woody perennial crop,3616,1.1629639806071335
209070,37.6863,-121.10023,woody perennial crop,1948,0.48848132150635754
410163,33.4934,-116.16146,woody perennial crop,3050,0
451365,37.5459,-120.88733,woody perennial crop,2591,1.3319159627162456
275941,35.48251,-119.13201,woody perennial crop,4650,1.4550772202585058
556501,34.24926,-119.01447,woody perennial crop,2988,0.5746911113841776
466128,36.24563,-119.79501,woody perennial crop,2047,1.1886362510202093
237346,39.17474,-121.67529,woody perennial crop,1901,0.5933651574112585
42816,38.58824,-121.91359,woody perennial crop,932,1.07672309803413
433302,38.1025,-121.2166,woody perennial crop,940,0.5818709526959407
234206,36.03099,-118.99037,woody perennial crop,913,0.7374832093701232
263264,39.94352,-122.20277,woody perennial crop,4212,1.0370149657006906
542522,36.83039,-120.02302,woody perennial crop,1008,0.6582104371415667
197760,38.07165,-121.10712,woody perennial crop,2034,0.8015862345967243
258532,36.19562,-119.80132,woody perennial crop,3777,0
29246,36.68364,-120.37849,woody perennial crop,130,0.6180616994312147
446353,37.41166,-120.78916,woody perennial crop,1156,0.7761816604780772
215807,38.24853,-122.49008,woody perennial crop,414,0.435844609395128
22209,38.50393,-122.48282,woody perennial crop,2441,0.7052726012963157
149288,34.31842,-118.99272,woody perennial crop,135,0
2909,37.38824,-120.68897,woody perennial crop,2633,0
445445,35.748779999999996,-119.19074,woody perennial crop,4725,0.48866428742581475
564205,33.89008,-117.44077,woody perennial crop,1641,0.5867688964641626
128588,33.23091,-117.17707,woody perennial crop,2357,0.5618527357588704
578561,35.51902,-119.7035,woody perennial crop,236,0.3981940917685627
76385,39.82396,-122.08754,woody perennial crop,1723,0.5623682415383747
394187,37.46905,-120.87407,woody perennial crop,2552,0
294031,39.90498,-122.27109,woody perennial crop,2337,1.4072975501210463
536604,38.99666,-122.88692,woody perennial crop,1965,0
384117,36.87822,-120.58639,woody perennial crop,1968,1.2115445454615823
393126,38.0409,-121.16131,woody perennial crop,2640,0.5504087676314295
146049,37.80139,-121.13672,woody perennial crop,4309,0.5262569692143572
140974,37.61723,-121.04022,woody perennial crop,3844,0.6080990302915771
560373,36.7256,-120.1258,woody perennial crop,191,0.6744228539446707
534487,35.62703,-119.10437,woody perennial crop,2421,0.8242374466549676
64838,35.04373,-119.07597,woody perennial crop,280,0.956881633002819
596780,39.19763,-121.68746,woody perennial crop,4498,1.0341888216789015
586495,38.53339,-121.71002,woody perennial crop,1656,1.1030201098103742
466950,39.57039,-122.27123,woody perennial crop,694,0
39474,35.56175,-120.75013,woody perennial crop,2067,1.3374269587878405
255483,34.44343,-118.92112,woody perennial crop,3091,0.6082722075158161
413589,36.58491,-119.6791,woody perennial crop,3394,0.6526400689376768
231080,37.40432,-121.15403,woody perennial crop,4177,1.46722731293176
367756,36.71034,-120.44393,woody perennial crop,2011,0.738085704087317
464294,36.36861,-119.2461,woody perennial crop,930,0.3711732701036116
154676,36.97066,-121.73266,woody perennial crop,1478,0.9691697208633457
579938,36.64134,-119.38587,woody perennial crop,1444,1.0078904786161245
161623,36.52418,-119.6627,woody perennial crop,2746,0.569725271462329
318862,38.73236,-122.94776,woody perennial crop,3889,0.4012691089703667
596752,35.65202,-119.15021,woody perennial crop,3340,0.6926508695692473
78355,37.1335,-120.57023,woody perennial crop,1498,0.4378637068430718
565482,36.6242,-119.53095,woody perennial crop,1332,0.3590634560687909
317767,37.55926,-120.8345,woody perennial crop,3856,0.45749984995448295
355923,38.00845,-121.16279,woody perennial crop,982,1.0071246541131396
245368,37.90457,-121.05815,woody perennial crop,2898,0.3974426404766647
601919,38.74685,-120.68722,woody perennial crop,975,1.2600313626650694
71167,34.26648,-119.01763,woody perennial crop,2356,0.8366870995664976
568946,36.39855,-119.19422,woody perennial crop,3074,0.34139520854130956
396562,36.35506,-119.07816,woody perennial crop,1206,0.8134258833390762
255248,33.50445,-117.24184,woody perennial crop,3460,0.6124761342976586
338052,35.67157,-120.72298,woody perennial crop,2487,0.5753722939130721
582866,36.64092,-119.80634,woody perennial crop,2845,1.2715334876823121
548521,36.70111,-119.98597,woody perennial crop,2381,1.349313740927093
444483,38.73078,-122.46018,woody perennial crop,1408,1.6389285050856086
78789,35.95149,-118.97883,woody perennial crop,1894,0.5479772381224343
328685,39.14866,-123.16343,woody perennial crop,418,0.5168749017551588
288860,39.2603,-121.65258,woody perennial crop,3089,0.9289109319259717
31788,38.21625,-121.13315,woody perennial crop,607,0.43629121535441606
403178,39.23821,-123.20608,woody perennial crop,2877,0.5423638305325948
175699,33.28107,-117.16616,woody perennial crop,3935,0.5787213580682676
518218,36.53905,-119.68838,woody perennial crop,3486,0.5649909965385191
568177,36.38779,-119.15874,woody perennial crop,3642,0.9660491872589387
217810,37.00882,-120.17516,woody perennial crop,355,0.5525302947028962
291819,39.6878,-121.85716,woody perennial crop,3196,0.463230628051941
271325,36.44808,-119.091,woody perennial crop,3824,0.7890421423866771
371093,39.00228,-122.80705,woody perennial crop,2199,0
78281,33.47772,-117.24197,woody perennial crop,2803,0.8353098959881203
259835,39.20711,-121.63092,woody perennial crop,2840,0.5908369743203064
297870,36.48682,-119.6158,woody perennial crop,3273,0.5044332931462464
45896,35.73897,-120.64994,woody perennial crop,631,0.5299429779520208
85684,35.59893,-119.26179,woody perennial crop,3990,0.5993133176093984
467886,39.80992,-122.11237,woody perennial crop,2315,0.7289620547436508
314348,39.20538,-121.65514,woody perennial crop,4364,0.4223903318208105
512840,35.49047,-119.186,woody perennial crop,4554,0.6040320985805615
183947,33.22087,-117.08628,woody perennial crop,3943,0.9844822451684101
373915,37.33143,-120.82181,woody perennial crop,29,0.5596010469952665
105453,38.20084,-121.13417,woody perennial crop,2003,1.181018408084134
168218,38.52541,-120.81477,woody perennial crop,942,0.8034497298825428
32980,39.223,-122.2659,woody perennial crop,4255,0.6935276843777369
526900,34.18284,-119.03367,woody perennial crop,1092,0
166303,39.02461,-121.37627,woody perennial crop,2334,0.5964109693475323
304609,34.7723,-120.36629,woody perennial crop,2245,0.6835019527065482
32931,36.43208,-121.28762,woody perennial crop,823,0
478806,36.81331,-120.03956,woody perennial crop,3329,0
437393,37.85735,-121.23149,woody perennial crop,846,0.47162183088977994
445963,35.78427,-119.14419,woody perennial crop,568,0.7097572103068538
164638,34.38203,-118.96963,woody perennial crop,297,0.795927122908461
298589,36.85302,-120.52084,woody perennial crop,3371,1.185306900221469
545811,39.23916,-121.90829,woody perennial crop,645,0.984601244621044
28722,37.07534,-120.09686,woody perennial crop,640,0.45218700584440097
221014,37.49368,-120.80063,woody perennial crop,811,0.44428797450765944
32004,34.64567,-120.29871,woody perennial crop,2376,0.8136972361637584
511715,36.63798,-119.42522,woody perennial crop,2682,0.5369389367814673
226925,37.62906,-120.7156,woody perennial crop,872,0.8376957049630072
125012,37.09959,-120.47243,woody perennial crop,1078,1.0166313271601424
480258,33.91726,-117.40945,woody perennial crop,2340,0.8545401872759023
426099,36.39822,-119.31637,woody perennial crop,2331,1.2754646573442823
497857,40.24521,-122.21621,woody perennial crop,1698,1.0963647360104136
238378,38.512,-122.27251,woody perennial crop,77,0.5776155337013116
566364,36.91082,-119.94514,woody perennial crop,1514,1.4727882179490241
395671,35.72005,-119.88996,woody perennial crop,3201,0.3760827422327433
271662,36.50574,-119.27944,woody perennial crop,1619,0.3790725755804843
528616,35.59887,-120.34075,woody perennial crop,3288,0.9691215238080746
441120,36.74357,-119.52327,woody perennial crop,1528,0.38014352528501044
192086,37.60641,-120.82304,woody perennial crop,804,0.61182068386081645
528334,33.17355,-117.02277,woody perennial crop,1158,0.6426965732210466
476944,38.27934,-122.35951,woody perennial crop,136,0.46677325028463296
600361,37.59639,-121.02714,woody perennial crop,4753,0.8466523942451769
498633,34.19484,-119.02386,woody perennial crop,383,0.6109447190982945
239426,36.79045,-120.05406,woody perennial crop,3149,0.28607647926118546
443546,39.08948,-123.57216,woody perennial crop,1283,1.3878411690783699
394892,38.80795,-121.11169,woody perennial crop,1202,0.7206381847027069
273932,36.622,-119.52426,woody perennial crop,2380,0
268923,38.30068,-122.51201,woody perennial crop,1820,1.013578647073998
144903,38.64217,-122.47858,woody perennial crop,4653,0.5389907929485523
442339,37.78332,-120.82362,woody perennial crop,2036,0.5979508408089265
172713,38.21844,-122.3693,woody perennial crop,2064,0.8154558998167772
580083,36.78106,-120.30004,woody perennial crop,2457,0.39988860815929606
111891,38.69299,-122.97692,woody perennial crop,2714,0.2629776276334865
99231,36.49123,-119.72671,woody perennial crop,4320,0.9320542462527677
344082,37.54892,-120.83057,woody perennial crop,4760,1.2287306997505643
543193,39.59339,-122.24376,woody perennial crop,2335,1.2853599031485488
461079,39.09553,-121.63309,woody perennial crop,1996,0.7087939974295131
268910,35.82329,-119.15884,woody perennial crop,2031,0.7791979954634317
543384,38.50218,-122.28667,woody perennial crop,3241,1.2572641867571386
113485,33.53395,-117.05964,woody perennial crop,4571,1.0937763938671388
181698,37.57201,-120.90276,woody perennial crop,3126,0.741282809696571
175703,38.6365,-122.77282,woody perennial crop,2225,0.6194816735329046
386989,37.00928,-121.79323,woody perennial crop,1676,0
535204,35.87551,-119.3467,woody perennial crop,4351,0
555673,37.71232,-120.64782,woody perennial crop,3677,0.6451417803679813
247548,38.65294,-122.02505,woody perennial crop,2342,0.9203078783680279
18114,38.03785,-121.11155,woody perennial crop,8,0.5033921882455483
3491,39.63082,-121.80133,woody perennial crop,2808,1.1149044681498823
382246,36.92898,-121.72065,woody perennial crop,2186,0.8422374295398412
26850,36.85408,-120.08408,woody perennial crop,52,0.7431047013911876
577432,35.74506,-119.19964,woody perennial crop,1492,0.5101323771570845
352814,39.00834,-122.1099,woody perennial crop,1954,0.8192865858898919
411612,38.96837,-122.10126,woody perennial crop,3720,0.5234263137464404
130248,37.68916,-120.7915,woody perennial crop,2911,0.7470071001017602
160938,34.29006,-118.93686,woody perennial crop,1738,0.6340977079126112
425272,33.450920000000004,-117.24587,woody perennial crop,2308,0.9280205510852612
180392,39.35809,-121.65148,woody perennial crop,453,0.4126361098375129
452128,36.36653,-119.45973,woody perennial crop,2902,0.2886171129226724
439269,37.55546,-120.77634,woody perennial crop,4026,0.6603947106053512
125892,38.74644,-120.73324,woody perennial crop,1267,0.4983814205613768
432645,37.61743,-120.88172,woody perennial crop,1946,0.7884843706101132
498111,39.90559,-122.13636,woody perennial crop,2678,0.6323247657545817
547324,39.59672,-121.70365,woody perennial crop,3950,0.8624184098045545
210692,36.42428,-119.5275,woody perennial crop,1627,0.6455808588933183
389333,33.10591,-116.95756,woody perennial crop,3041,0.6038956382917248
441637,38.5939,-122.36197,woody perennial crop,3097,0.6820511183618269
277920,39.17325,-121.65999,woody perennial crop,4828,0.7807976214448995
87789,38.97179,-122.62376,woody perennial crop,47,1.1222942999514416
287770,39.33337,-121.23896,woody perennial crop,4151,0.767989638532854
126969,36.90028,-119.99017,woody perennial crop,1222,0.9443800742208202
593192,33.27081,-117.20429,woody perennial crop,962,0.4571978303148594
173326,36.50192,-119.24743,woody perennial crop,1106,0.8283518648874674
207582,35.61225,-120.87508,woody perennial crop,4101,0
560479,37.44965,-120.74134,woody perennial crop,3962,0.32946174739319295
561611,37.60285,-120.83522,woody perennial crop,423,0.41431350416943996
251861,35.52542,-119.38769,woody perennial crop,1550,0.42000016078975905
365133,33.4662,-117.25971,woody perennial crop,2727,0.6332680427181698
236696,33.45913,-117.26309,woody perennial crop,2707,0.49194593144661997
72862,39.33194,-121.24688,woody perennial crop,3913,1.3419050330785145
597303,37.7761,-121.48818,woody perennial crop,3063,1.4190452499774509
53376,36.74814,-119.87798,woody perennial crop,1664,0.5981377211423246
167858,38.99589,-121.60048,woody perennial crop,1645,0.7868377484353103
505108,37.29114,-121.06515,woody perennial crop,3435,0.8092048585205557
371689,39.75373,-122.07949,woody perennial crop,377,0.7974364331012204
411828,36.8189,-119.73373,woody perennial crop,2028,0
81138,34.61085,-120.01696,woody perennial crop,4032,2.427323371557113
479241,36.61628,-119.31016,woody perennial crop,4632,0
155816,35.30303,-118.89701,woody perennial crop,4684,1.1269495126844582
239460,38.23595,-122.34507,woody perennial crop,1394,0.775586837800637
351598,33.43168,-116.06145,woody perennial crop,3785,1.2433070093967362
180109,38.6544,-122.93154,woody perennial crop,3121,1.1987107329644662
601334,36.5915,-119.8465,woody perennial crop,1935,0.5534691940642213
68041,37.43091,-120.84162,woody perennial crop,3833,0.9895487939130665
433619,38.11351,-121.33774,woody perennial crop,1470,1.1055042065189353
415847,33.30529,-116.94895,woody perennial crop,4412,0.7263847517849621
56273,35.84292,-119.2848,woody perennial crop,4038,0.8612640144980983
3640,38.18318,-121.21095,woody perennial crop,1832,0.3516762458654026
565149,35.99334,-120.91662,woody perennial crop,2832,0.7981451063226543
572111,37.58989,-121.09296,woody perennial crop,4017,0.7365238787602862
85929,38.03582,-121.14616,woody perennial crop,2665,0.45845915416239147
69200,38.22681,-122.5091,woody perennial crop,1736,0.41477823597784896
312915,39.3144,-121.99708,woody perennial crop,3712,0.6792187634331378
496010,39.85464,-122.21491,woody perennial crop,1231,0.6611499189315176
380647,37.13977,-120.15394,woody perennial crop,1960,0.6504442429090487
461029,36.3382,-120.16257,woody perennial crop,184,0.5877498005610238
219200,40.02629,-122.25365,woody perennial crop,668,0.9151849084800734
11155,39.8906,-122.10989,woody perennial crop,1811,1.4176289095945367
442686,39.12519,-121.66369,woody perennial crop,348,0.500577375344234
307184,38.45227,-122.85983,woody perennial crop,4576,0.7702360647062028
146471,34.3735,-119.42587,woody perennial crop,2550,1.0384709325858867
373868,37.6582,-120.69571,woody perennial crop,3316,0.7985398294412805
31339,35.6703,-119.14324,woody perennial crop,1357,0.9328844421928274
274147,37.76686,-120.99905,woody perennial crop,1771,0.5717210707992963
565513,36.79493,-120.08514,woody perennial crop,764,0.5103299272285464
47217,36.7631,-120.09401,woody perennial crop,4064,0.49486785448371706
163238,37.09322,-120.18684,woody perennial crop,2114,0.9907673825526562
589154,35.72809,-119.13076,woody perennial crop,3252,0.7024774309754733
498215,36.05196,-119.13246,woody perennial crop,3647,0
480280,35.02,-118.90424,woody perennial crop,196,1.0527309927846626
416803,37.36136,-120.64236,woody perennial crop,2522,0.6677767931804508
146515,37.98822,-121.12494,woody perennial crop,4467,0.5534740502663015
497262,38.03572,-121.16166,woody perennial crop,2233,0.7829482317871549
86136,36.01189,-119.05901,woody perennial crop,1475,0.5426014085263122
3744,36.35939,-119.72038,woody perennial crop,745,1.2238099566586125
260919,39.93328,-122.1625,woody perennial crop,429,0
18924,36.39357,-119.19888,woody perennial crop,3967,0.3518800740628736
565440,38.09362,-121.08065,woody perennial crop,4557,0.6921264627292444
518464,33.21924,-116.99879,woody perennial crop,2261,0.9737459224261142
149947,36.53809,-119.6227,woody perennial crop,3895,0.648432461639743
142182,37.41491,-120.62086,woody perennial crop,4663,0.8361740718730739
202523,37.27634,-120.70184,woody perennial crop,4602,0.8090054342510934
390214,36.09791,-120.044,woody perennial crop,2896,0.8386461382021118
372373,38.23084,-122.37999,woody perennial crop,2918,0.5417399573721414
274454,39.7461,-122.23684,woody perennial crop,1620,1.2319173666400416
32712,35.59623,-120.72182,woody perennial crop,4173,0.6730495486512668
380298,35.70197,-120.72623,woody perennial crop,391,0.8795735891012585
3794,35.8027,-119.40375,woody perennial crop,350,0.5427686548085451
494427,35.50223,-119.29324,woody perennial crop,952,0.908573558298375
7716,35.08333,-120.58128,woody perennial crop,3503,0.9716046572845619
293672,37.38399,-120.77903,woody perennial crop,821,0.5308096754088708
240709,36.32087,-119.06462,woody perennial crop,3863,0.7489388670597955
63057,33.6288,-116.08021,woody perennial crop,909,1.2075406509966051
386016,35.56271,-120.60791,woody perennial crop,3303,0.5691016489231098
157468,38.99338,-122.0735,woody perennial crop,2551,0.2784660837302457
7337,35.52337,-120.47215,woody perennial crop,3065,0.9089628777247999
311879,38.58157,-122.4612,woody perennial crop,2187,1.2854621566833835
576672,35.61479,-119.19626,woody perennial crop,1192,0.6240902247800011
164816,36.57329,-119.31273,woody perennial crop,2371,0.4093032368507907
16608,39.6717,-122.26206,woody perennial crop,4448,0.9753199100826435
229144,34.377,-118.91847,woody perennial crop,2906,0.8379925126459903
447733,39.206,-121.49135,woody perennial crop,1442,0.6518177086820985
71150,35.61954,-119.27123,woody perennial crop,2210,0.7634965138721101
461582,38.99719,-122.9112,woody perennial crop,1573,1.4893159418000115
302154,38.4897,-122.79997,woody perennial crop,431,0.45954739123873317
514068,38.90014,-122.6941,woody perennial crop,2113,0.4491191131455619
405827,35.90905,-119.13384,woody perennial crop,3618,0.31870785553898645
502525,39.79992,-122.11593,woody perennial crop,4754,0.6271095540565356
521458,36.61075,-119.68556,woody perennial crop,2922,0.47285378868814965
86160,36.50616,-119.5746,woody perennial crop,2006,0.45374119881656094
201340,36.36806,-120.07178,woody perennial crop,3292,0.673845888728678
164938,36.78546,-120.09777,woody perennial crop,727,0.8475618562034095
388011,35.6154,-119.27564,woody perennial crop,3072,1.2986014350288537
549796,35.63823,-120.86022,woody perennial crop,4522,0.3747590415787624
200502,37.6857,-120.65345,woody perennial crop,4735,0.5559245457535997
132190,33.27409,-117.2129,woody perennial crop,1168,0.49824349566969883
491106,38.0934,-121.21979,woody perennial crop,3969,1.1312406019798746
375453,36.25779,-119.10825,woody perennial crop,1852,0.6699199763287945
144900,37.04924,-120.22397,woody perennial crop,3798,0.4274518202667837
330967,36.54932,-119.84269,woody perennial crop,4197,0.22772432656341482
498071,37.49988,-120.88431,woody perennial crop,1857,0.41676025787676363
30510,38.59036,-122.80802,woody perennial crop,677,0.6777327215126393
283449,38.56244,-122.51469,woody perennial crop,3996,0.5464806724938609
70049,38.96034,-122.05937,woody perennial crop,1076,0.94712777048882
433896,37.10142,-121.6089,woody perennial crop,808,0
555103,36.60467,-119.27485,woody perennial crop,2268,0.6381498930041651
323390,38.45668,-122.78032,woody perennial crop,1229,0.4313287430051271
296460,40.11911,-122.17771,woody perennial crop,494,0.35048238187304953
346415,35.60909,-120.75089,woody perennial crop,1722,0
336312,37.45803,-120.51061,woody perennial crop,1296,0.5201752023962415
123679,39.13755,-121.93427,woody perennial crop,4146,0.6029198701928387
24771,38.3987,-122.37215,woody perennial crop,276,0.9435023403332597
194056,34.42411,-119.56708,woody perennial crop,427,0.7674641717439782
137893,36.64108,-119.6005,woody perennial crop,1639,0.7847302969743131
13938,37.47247,-120.75077,woody perennial crop,1689,0.7163052911434951
401683,38.2581,-122.55424,woody perennial crop,581,0.9541352249033296
181580,34.94993,-120.34795,woody perennial crop,1036,0
203870,38.8665,-121.59787,woody perennial crop,162,0.5000644865418232
210014,35.44768,-120.81578,woody perennial crop,1970,0
426827,38.00833,-121.21264,woody perennial crop,651,0
63848,38.24826,-122.57789,woody perennial crop,2767,0.9046456869960238
14279,38.57287,-122.5706,woody perennial crop,1677,0.9152650876724671
327547,38.42243,-122.82278,woody perennial crop,1915,0.6149295785572488
578399,38.12163,-121.21235,woody perennial crop,2244,0.5288827670551082
592735,36.53185,-119.34846,woody perennial crop,1930,0.3900346938209661
29439,33.42851,-117.30856,woody perennial crop,3449,0.8308035232216073
231811,36.57685,-119.87055,woody perennial crop,1139,0.6207565842450783
492392,39.35782,-122.23423,woody perennial crop,316,0.5331813758202744
457334,37.70447,-121.1076,woody perennial crop,4483,0.6952627898163569
3992,36.84091,-120.03054,woody perennial crop,997,0.5822761331748056
284527,37.90626,-120.37136,woody perennial crop,2579,0.9646244493743822
543049,38.80834,-121.95859,woody perennial crop,1717,0.7334285867923459
383906,38.57068,-122.59474,woody perennial crop,35,0.6029651916986998
142698,38.64038,-122.47325,woody perennial crop,1359,0.6718698491114307
330183,38.17869,-121.45994,woody perennial crop,2279,0
230515,38.16636,-121.25414,woody perennial crop,3056,0.8728322260115161
341921,36.65353,-119.60276,woody perennial crop,3850,0.5769028103816244
203948,38.91199,-122.73282,woody perennial crop,1672,0.7817242848772052
383953,38.73103,-123.08068,woody perennial crop,2649,0.391301840267027
543852,36.35541,-119.056,woody perennial crop,2774,0.4526109420492705
108413,33.44979,-116.09091,woody perennial crop,692,0.8876876515486453
14875,35.60988,-119.26706,woody perennial crop,3764,0.8122945082332381
271279,36.5854,-119.65208,woody perennial crop,4397,0.3794943116361665
140397,39.91577,-122.13776,woody perennial crop,4700,0.9926307781509819
4074,39.70326,-122.07113,woody perennial crop,545,0.7014502137394297
436416,36.73286,-120.10039,woody perennial crop,855,0.8929338733762573
423405,36.69464,-119.35152,woody perennial crop,2478,0.5680874067663727
535773,34.29486,-119.07011,woody perennial crop,2303,0.6402183816107295
374396,35.5736,-120.59785,woody perennial crop,3834,0.3375466744237699
541739,38.68437,-122.94921,woody perennial crop,1142,0.5047885999540627
73644,36.78415,-120.00292,woody perennial crop,1242,0.6228820188896858
252182,38.47529,-122.44066,woody perennial crop,59,0.4802803729399845
288249,37.90249,-121.06719,woody perennial crop,717,0.625658302035974
7934,36.57847,-119.75301,woody perennial crop,3741,0.808868353324354
324623,34.38182,-119.10477,woody perennial crop,754,0.5903201194157934
594182,38.62318,-122.69006,woody perennial crop,4368,1.055246166696606
456626,39.28855,-121.64854,woody perennial crop,4219,0.5558818955652717
426005,38.5261,-120.82221,woody perennial crop,2666,1.2210216406003525
362931,35.55215,-121.00821,woody perennial crop,26,1.1280474361215511
478483,36.52963,-119.34098,woody perennial crop,307,0.4258784213599633
262752,38.66602,-122.8549,woody perennial crop,1687,0.626108314165674
586665,35.57754,-119.23691,woody perennial crop,3917,0.9173277622314733
559140,35.7336,-119.2175,woody perennial crop,4791,0.810390277955939
379318,37.08267,-120.53375,woody perennial crop,3444,0.6946894524909069
102875,36.94501,-120.26268,woody perennial crop,404,0
26672,37.32953,-120.31311,woody perennial crop,516,0.8883391624122974
516528,35.00378,-116.69218,woody perennial crop,924,1.3138877275891971
269727,35.59577,-120.73095000000001,woody perennial crop,3442,0.535364861117227
417696,38.14953,-121.38844,woody perennial crop,928,1.0528289801433777
407714,36.47288,-119.7894,woody perennial crop,4472,0.5429247428962383
165361,34.27509,-119.08317,woody perennial crop,4236,0
535664,34.13375,-119.08148,woody perennial crop,258,0.752370683482662
135147,38.94104,-122.77358,woody perennial crop,843,0.5506718601526994
109458,35.67347,-120.74813,woody perennial crop,4677,0.8871618220108397
302096,36.46453,-119.5585,woody perennial crop,4421,0.38950658193358234
497840,38.9118,-122.6552,woody perennial crop,310,0.5073228142074108
251726,39.31348,-121.71824,woody perennial crop,596,0.7367213157758048
282392,36.75791,-120.48629,woody perennial crop,4031,0.7391408198542786
575958,36.60357,-119.61342,woody perennial crop,4736,0.6701867182518612
258610,36.34938,-119.17492,woody perennial crop,4609,0.4225858314129976
152974,37.59238,-120.54582,woody perennial crop,4622,0.7833597802063992
397131,38.53117,-122.82254,woody perennial crop,3454,0.5450071298042977
202733,38.38444,-122.34319,woody perennial crop,2404,0.570504436551638
254787,36.17956,-120.04396,woody perennial crop,2414,0
356935,35.79261,-120.04492,woody perennial crop,1297,0.9667782457961145
185854,38.2573,-122.26333,woody perennial crop,323,0.4502901336924004
299580,36.9455,-120.82488,woody perennial crop,12,0.7055595232060332
193412,36.1287,-119.66007,woody perennial crop,4299,1.3782549087074354
513074,36.44709,-119.67465,woody perennial crop,3605,0.5832818748720299
438121,36.30811,-120.02619,woody perennial crop,2183,1.0345017646480983
514223,36.70389,-120.0322,woody perennial crop,3416,0.7700349399164416
396309,37.07739,-120.07924,woody perennial crop,2584,0.34892943841544966
260752,36.98632,-121.87338,woody perennial crop,1216,1.162626108956602
549992,36.4398,-119.21259,woody perennial crop,4063,0.9365624740792489
28863,37.74997,-121.15335,woody perennial crop,2197,0.638668105871009
307230,35.6868,-119.41519,woody perennial crop,1558,0.5889430096132665
88328,39.8141,-122.15399,woody perennial crop,3155,0.9335292157995755
501962,35.95494,-118.95041,woody perennial crop,610,0.629208572796435
399875,34.36876,-118.92525,woody perennial crop,2958,0
262136,39.62753,-121.8567,woody perennial crop,696,0.8119068144447789
171505,35.11357,-118.86976,woody perennial crop,1898,0.5734992913578338
543403,35.06641,-118.88642,woody perennial crop,2043,0.5701694813883218
204505,37.59061,-120.82317,woody perennial crop,4786,0.8364452646910864
4362,36.57645,-119.43396,woody perennial crop,3602,0.4803561127185028
183085,36.25451,-121.19764,woody perennial crop,2431,1.0006604098446144
8827,38.24103,-122.15788,woody perennial crop,2292,0.7006079120149346
405630,32.81426,-114.56363,woody perennial crop,2271,1.3762930546087433
509865,39.9106,-122.20475,woody perennial crop,2305,1.3501305894366271
262616,38.50026,-122.96479,woody perennial crop,31,1.0145890028570455
559961,38.44908,-121.89813,woody perennial crop,926,1.3916901818315726
325421,36.98722,-121.82935,woody perennial crop,2048,0
558286,38.99369,-122.6148,woody perennial crop,225,0.6178543213334038
290095,37.54662,-120.8752,woody perennial crop,2382,0.25534057310058744
38727,38.32875,-122.46866,woody perennial crop,555,0.9376504144526198
18753,39.58033,-122.24242,woody perennial crop,229,0.8282782418461079
148896,38.67429,-122.82375,woody perennial crop,2112,0.48666174144260993
39945,38.98351,-121.39476,woody perennial crop,1920,0.42348014551635255
447503,38.6197,-122.42802,woody perennial crop,1223,0.6038721566968169
416446,33.4809,-117.23098,woody perennial crop,2825,1.0161227491127063
420660,34.29013,-119.06319,woody perennial crop,4089,0.5193062621672034
504109,36.59341,-119.82926,woody perennial crop,1574,0.3558175892039922
417032,36.44153,-119.30226,woody perennial crop,2465,0
573453,38.10604,-121.21827,woody perennial crop,1887,0.8607826058793172
236450,35.70588,-120.63571,woody perennial crop,3310,0.33707801906181006
280559,37.17791,-120.97094,woody perennial crop,1735,1.5447588864069064
311662,36.42571,-119.1879,woody perennial crop,2111,1.09039570467607
132810,37.7573,-120.77904,woody perennial crop,1391,1.2848003603128746
320911,36.33052,-119.0897,woody perennial crop,2554,1.0592479169762359
529059,37.65051,-120.77641,woody perennial crop,3799,0.47736601724477223
109925,37.11687,-121.00638,woody perennial crop,1624,0
79721,38.80377,-122.03213,woody perennial crop,3811,0
107015,38.11944,-121.42619,woody perennial crop,1947,1.5905808201470117
254685,38.06182,-121.28476,woody perennial crop,825,0.4765283964129121
579002,36.47958,-119.67985,woody perennial crop,3693,0.9032303658125533
282164,36.62195,-119.65398,woody perennial crop,2063,0.713247628882653
373520,39.21151,-121.09156,woody perennial crop,3759,0.6702014272095882
438546,38.36256,-122.27857,woody perennial crop,3399,0.6595658286066132
442905,35.89662,-119.46284,woody perennial crop,974,0.9481552761094627
320204,37.47067,-120.75206,woody perennial crop,3238,0.25416747545796636
194655,37.74371,-121.2419,woody perennial crop,23,0.692875381177131
507582,34.44938,-119.20739,woody perennial crop,3045,0.46568569187706577
491232,35.76631,-119.19076,woody perennial crop,836,0.18237150247590797
503627,35.07932,-119.12572,woody perennial crop,3090,0.7294230736369164
180828,36.6071,-119.48503,woody perennial crop,1688,0
436919,38.19476,-121.26597,woody perennial crop,3374,0.4872441119015545
520300,33.46435,-116.08791,woody perennial crop,2345,0
243676,38.9601,-123.10768,woody perennial crop,182,1.266331212911088
556273,34.83382,-116.65567,woody perennial crop,3671,1.3513747804417058
582739,35.69948,-119.37059000000001,woody perennial crop,4761,0.6261695825849151
362856,37.83809,-121.53372,woody perennial crop,2979,0.5333017990239703
330363,37.86473,-121.36092,woody perennial crop,3771,0
232591,39.08012,-122.93183,woody perennial crop,797,0.8470467303841802
247086,38.34163,-122.27204,woody perennial crop,2842,0.8536658220768633
488929,35.63665,-120.73666,woody perennial crop,1806,0.7368245113134155
526854,38.74011,-122.95355,woody perennial crop,3459,0.31316158827712265
403981,36.36791,-121.36289,woody perennial crop,4381,0.6237000924290762
128344,36.64923,-119.50049,woody perennial crop,3249,0.46433760196643925
63611,35.96526,-119.06107,woody perennial crop,647,0.6820699176783589
187206,38.78231,-122.98838,woody perennial crop,4083,0.49730728098098675
296293,39.33081,-122.20492,woody perennial crop,3555,0.7000567233295637
539418,38.4301,-122.39565,woody perennial crop,3530,0.29757816489938055
517598,37.91707,-121.64594,woody perennial crop,2390,0.6181584038200904
179495,38.69666,-122.11212,woody perennial crop,3167,0.8946802807668708
126329,35.91531,-119.11575,woody perennial crop,4166,1.17103088473122
196251,36.78271,-119.96443,woody perennial crop,1969,0.57026977022161
41693,36.03164,-118.97264,woody perennial crop,143,1.197196523166667
326197,38.36023,-122.54061,woody perennial crop,2298,0.3369467771418345
258044,36.0972,-121.05303,woody perennial crop,1596,0
539595,38.09332,-121.08563,woody perennial crop,2162,0.8609882034704192
370911,37.76752,-120.67082,woody perennial crop,4357,0.6885281348390686
469760,35.61606,-119.26516,woody perennial crop,447,1.1045817160068838
81477,35.56205,-119.73881,woody perennial crop,1663,0.7259255796915703
112416,35.74158,-120.61168,woody perennial crop,4110,0.43160783619020493
521231,34.0815,-117.16224,woody perennial crop,4341,0
564501,39.02693,-121.62674,woody perennial crop,4107,0.5318297621006489
598826,35.85977,-119.84813,woody perennial crop,4503,0.599071580826305
517305,38.38352,-122.98608,woody perennial crop,1773,0.6916504008919431
307520,38.80827,-122.9962,woody perennial crop,242,0
147843,38.31328,-120.96588,woody perennial crop,3974,0
288217,33.29212,-116.95381,woody perennial crop,490,0.5287051759774226
399261,37.57822,-121.123,woody perennial crop,4827,0.9912799102958603
131608,35.67665,-120.66082,woody perennial crop,359,0.408608635471133
203945,35.90726,-119.09287,woody perennial crop,1033,0.9528484459107206
420910,36.33744,-121.29453,woody perennial crop,1299,0.8323349900918714
115366,35.5952,-119.66775,woody perennial crop,4081,0.8539385566093076
244489,39.00295,-122.12894,woody perennial crop,4636,1.0267889620427897
346674,34.30377,-118.93463,woody perennial crop,1906,0
437379,34.4414,-119.15779,woody perennial crop,3936,0
442707,36.45288,-121.45546,woody perennial crop,1551,0.5276352292212754
242750,35.26971,-118.93989,woody perennial crop,4245,0.40265531156541834
338057,33.37858,-117.05516,woody perennial crop,2645,0.7062418210491891
582144,33.24216,-117.01837,woody perennial crop,2543,0.7996942098322922
536808,36.36293,-119.69035,woody perennial crop,436,0.48561197051894667
73677,39.49189,-122.00969,woody perennial crop,1511,0.47695097040541007
205422,39.44091,-122.01884,woody perennial crop,1702,0.908815498709099
587742,39.33506,-121.65419,woody perennial crop,1792,0.8292813867553377
500487,33.52793,-117.02518,woody perennial crop,4072,0.6766241069636966
520757,36.60279,-119.57739,woody perennial crop,1121,0.7262267296282149
322225,36.34942,-121.32931,woody perennial crop,3866,0.9756737478110941
548596,36.49771,-119.16797,woody perennial crop,3354,0.7304710935588832
191311,36.65498,-119.68536,woody perennial crop,2206,0.6242123443919165
493396,36.64249,-119.35748,woody perennial crop,254,0.44384492125942815
4851,36.93914,-119.92846,woody perennial crop,4342,1.3319479255111395
233331,36.74751,-119.62567,woody perennial crop,793,0.6138549574575054
475494,35.06632,-118.91293,woody perennial crop,2127,0.4334560828831531
270640,37.61314,-120.91843,woody perennial crop,2862,0.5621498204462587
258035,39.06431,-121.64325,woody perennial crop,2329,0
462713,36.6932,-119.37929,woody perennial crop,3314,1.0731987391086655
4942,38.99558,-121.61773,woody perennial crop,2669,0.43265348637213863
90944,36.17837,-119.47302,woody perennial crop,4036,0.6278230807340587
13794,37.46778,-120.76421,woody perennial crop,2903,0.6003599358862886
138830,36.61582,-119.57344,woody perennial crop,1413,0.5169353407335994
516555,38.65724,-122.95182,woody perennial crop,2537,0.41158703531003227
299088,35.06862,-119.11214,woody perennial crop,3571,0.4183508783797822
422264,36.65176,-119.92332,woody perennial crop,1000,0.4233644290249322
485452,35.88643,-119.34664,woody perennial crop,2766,0.44662552815082757
311733,35.54483,-120.61438,woody perennial crop,1819,0.63539923184796
299756,36.58609,-120.22096,woody perennial crop,3455,0.9451123485975461
16231,37.74118,-121.22929,woody perennial crop,4639,0.899909798218348
474788,35.24027,-118.75932,woody perennial crop,3244,0.563319774616481
106514,37.61077,-120.8373,woody perennial crop,3629,0.3809747344034815
103957,38.46316,-122.38456,woody perennial crop,3234,0.29868974044348817
410342,34.91878,-120.2931,woody perennial crop,2701,0.9062685993052267
158823,39.7643,-122.17245,woody perennial crop,1005,0.6161154238065937
555368,38.19585,-122.53925,woody perennial crop,2432,0.49921437117163137
77953,36.59352,-119.54066,woody perennial crop,783,0.5551407734323609
156922,34.44529,-119.89641,woody perennial crop,287,0.7646307326250225
565051,35.96979,-119.0828,woody perennial crop,1065,0.890164660443067
318587,37.53879,-121.05539,woody perennial crop,503,0.8850097038200485
5017,38.98683,-122.08182,woody perennial crop,632,0.3389265333754357
295975,35.69253,-119.95896,woody perennial crop,3302,0.872671298629646
108969,37.58352,-121.03592,woody perennial crop,1517,0.9014018501862201
344160,38.39651,-121.7988,woody perennial crop,3033,0.795593177313191
209593,34.28173,-118.99812,woody perennial crop,3660,0.8002725613096824
162523,38.00775,-121.18092,woody perennial crop,203,0.4395000650504747
5045,35.55537,-120.75205,woody perennial crop,3624,0.484477133227168
5048,36.66999,-119.37545,woody perennial crop,2168,0
503670,36.5046,-120.1568,woody perennial crop,296,0.7667110387272426
370869,39.58465,-122.20737,woody perennial crop,4449,0.35997813612072527
80705,36.17099,-119.08564,woody perennial crop,971,0.6617325178424659
339662,36.0606,-119.14553,woody perennial crop,2841,0.7863317205974254
362122,38.69353,-122.9723,woody perennial crop,2032,0.4797251046161122
498628,36.18374,-118.99822,woody perennial crop,1244,0.6021700362849829
358593,36.81694,-120.05477,woody perennial crop,1884,0.4640455962109209
416988,36.34578,-119.19014,woody perennial crop,1252,1.2458795789777872
130971,37.00562,-120.208,woody perennial crop,2480,0.7397985764313957
188589,34.08113,-117.14999,woody perennial crop,1535,1.3362776175611164
231451,35.62,-120.61191,woody perennial crop,1991,1.1214660649282435
249646,38.45641,-123.06929,woody perennial crop,1975,0.5695630474130924
55405,38.41199,-122.56003,woody perennial crop,3359,0.7299963443534885
518266,34.38332,-118.9871,woody perennial crop,3109,0.592870842328285
421052,36.8262,-120.39186,woody perennial crop,4599,1.0024063492051882
35185,35.79545,-119.09676,woody perennial crop,552,1.1022691163779592
341306,36.53518,-119.46326,woody perennial crop,2754,0.42190872094525206
470752,36.56979,-119.65405,woody perennial crop,1109,0.7447929365597317
469217,34.40047,-118.97176,woody perennial crop,3608,0.8184193897981038
120407,34.28192,-119.00384,woody perennial crop,3,0.4940822389854055
307840,36.55311,-119.4692,woody perennial crop,1734,0.5135278404608841
303192,35.7317,-119.12637,woody perennial crop,252,0.7412823101240027
276277,34.37052,-118.93211,woody perennial crop,2174,0.736363968442838
482492,34.40108,-118.94068,woody perennial crop,3719,0
41669,34.49026,-120.08807,woody perennial crop,264,1.132652342380241
20950,36.6804,-119.58451,woody perennial crop,1474,0.39725825028171385
285897,37.30754,-120.59524,woody perennial crop,3709,0.7198600134602843
542269,34.28728,-119.0961,woody perennial crop,2471,0.7254371550515661
408177,34.34797,-119.09847,woody perennial crop,3921,0.36600699909210443
366811,36.74771,-119.9542,woody perennial crop,1401,0.6602554440805306
396802,39.12829,-122.07385,woody perennial crop,2671,0.8029738266756081
469484,39.24637,-121.67405,woody perennial crop,199,0.6667454132641262
220807,36.03082,-119.01575,woody perennial crop,1530,0.4374743722158276
436165,37.41303,-120.82927,woody perennial crop,2542,0.5364607859954793
5223,33.97142,-116.99728,woody perennial crop,3304,1.4325533079583657
555002,37.69486,-120.68204,woody perennial crop,2423,0.6450345324768303
308886,36.65174,-119.31248,woody perennial crop,2038,1.2199996947179739
567141,36.75124,-119.86516,woody perennial crop,4108,1.8935289879523138
5242,38.34278,-122.66112,woody perennial crop,1275,0.40585389942401634
347183,36.28273,-119.65391,woody perennial crop,57,1.3272407154662713
583156,36.59547,-119.55123,woody perennial crop,4643,0.40051021545197607
422896,33.16395,-117.05791,woody perennial crop,2204,0.5630492242348618
5271,38.78958,-121.46475,woody perennial crop,3929,0.7692544934687771
196365,39.73116,-122.21928,woody perennial crop,3169,1.0957153582277863
333472,38.33699,-122.6611,woody perennial crop,4132,1.163724649975206
418839,36.30936,-119.23003,woody perennial crop,1980,0.431643883568884
89715,39.13526,-123.14567,woody perennial crop,3633,0.5245263159115108
588213,38.35949,-122.2771,woody perennial crop,1921,0.637109328832824
405128,37.66935,-121.05703,woody perennial crop,1557,0.6769957059573373
356074,35.15434,-118.80723,woody perennial crop,4069,0.7770762639850486
158940,36.664,-119.49079,woody perennial crop,2657,0.4141846041406416
457479,36.01803,-119.3072,woody perennial crop,2324,0.5463952206621475
156175,36.40943,-119.06135,woody perennial crop,3318,0
476743,39.06423,-121.67656,woody perennial crop,671,0.8407503095538481
542899,36.27986,-119.14128,woody perennial crop,842,0.332580395655176
569763,37.07829,-120.24072,woody perennial crop,2451,1.1007344184476997
142852,39.90717,-122.17746,woody perennial crop,4656,0.7640204374166509
178588,35.66296,-119.0905,woody perennial crop,1356,0.7010403081638041
433058,34.40777,-118.962,woody perennial crop,1881,0.4209273552952388
358621,39.36131,-121.66527,woody perennial crop,4363,0.6840260406624089
382615,38.37623,-122.88562,woody perennial crop,4204,0.5556342067075594
24486,39.31129,-121.6959,woody perennial crop,4740,0.7984203293323573
495064,34.36604,-117.55177,woody perennial crop,3290,0.9361876863015595
174299,35.14364,-118.57711,woody perennial crop,360,0
460452,36.47855,-119.54651,woody perennial crop,2296,0.7904282359614488
471318,36.64988,-119.60736,woody perennial crop,3562,0.6630806686466231
230154,34.30494,-118.95804,woody perennial crop,343,0.45910964028070633
5381,35.66633,-120.89455,woody perennial crop,3289,0.8876699185977021
590590,35.09422,-120.53785,woody perennial crop,3905,0.6662163697911488
479107,38.97882,-122.82206,woody perennial crop,1302,0.7819544982119182
83352,38.28764,-120.95469,woody perennial crop,3978,0.9570163565607066
123060,34.46706,-119.80793,woody perennial crop,4112,0.6734179334644305
457305,36.59787,-119.70595,woody perennial crop,2157,0.4723963761616267
27008,36.49897,-119.35303,woody perennial crop,1034,0.46886558496447606
259803,36.77061,-119.93743,woody perennial crop,3694,0.5987983287654284
497678,38.25506,-122.36238,woody perennial crop,3014,0.7260228578774544
327174,36.27352,-119.13741,woody perennial crop,3173,0.6824447071815704
594079,37.66936,-121.06219,woody perennial crop,2470,0.6699138407539769
78805,38.41099,-121.54302,woody perennial crop,1428,0.7747499699752162
391463,34.30533,-119.17983,woody perennial crop,3221,0.6730653373222044
473979,35.71957,-119.03174,woody perennial crop,3757,1.0213250525326762
5471,36.93394,-121.75407,woody perennial crop,3225,0.7894912198476973
308815,34.05108,-117.11786,woody perennial crop,2801,0.8466331442597116
245182,38.64525,-122.90927,woody perennial crop,1843,0.8033553648951527
449652,35.39072,-120.18545,woody perennial crop,3073,1.1110934821541163
341579,34.3633,-119.1086,woody perennial crop,3632,0.2610663607087942
566532,38.36516,-122.27245,woody perennial crop,3509,0.5519720403951383
178975,35.56837,-120.59411,woody perennial crop,1770,0.6428343339797782
160878,37.41293,-120.5696,woody perennial crop,2139,0.4714117011116621
469033,39.62085,-122.11181,woody perennial crop,622,0.6065735370398482
191731,38.36632,-122.29519,woody perennial crop,4235,0
218508,36.56089,-119.35014,woody perennial crop,2654,0.4285549263762184
470187,36.77003,-119.97471,woody perennial crop,308,0.5000033911018538
257889,39.2672,-122.27109,woody perennial crop,2280,0.23292052890090914
499043,38.12356,-121.12634,woody perennial crop,2218,0.8189560845958216
405360,35.99105,-119.46676,woody perennial crop,121,0.9162731770604189
37859,39.27336,-121.58287,woody perennial crop,1338,0.7080247714642648
321648,37.71232,-121.01892,woody perennial crop,326,0.5611567504097726
404022,37.60291,-120.77329,woody perennial crop,1116,0.6830319675745885
140194,37.40757,-121.14795,woody perennial crop,3103,0.6784540832085485
399462,38.56692,-121.84812,woody perennial crop,873,0.5735850855559388
5562,36.59426,-119.39834,woody perennial crop,4099,0
399968,37.46174,-120.7326,woody perennial crop,1040,0.6655502249648328
423700,37.72812,-120.75168,woody perennial crop,422,0.868914253128315
223689,36.69811,-119.99291,woody perennial crop,730,0.934124704151766
252656,36.60539,-119.49045,woody perennial crop,235,0.6863011840750752
275279,33.41295,-117.26313,woody perennial crop,2833,0.9626653482683922
193792,36.51557,-119.47964,woody perennial crop,312,0.69404641669679
452974,38.95084,-122.88848,woody perennial crop,778,0.6794760883338975
285597,35.68171,-119.961,woody perennial crop,2306,1.166134477072341
474562,39.12503,-122.15877,woody perennial crop,1212,0.8534172129015191
143862,33.31836,-116.98367,woody perennial crop,228,0.7576197896438769
581991,36.51341,-119.33709,woody perennial crop,82,0.9029922500048708
353754,33.16601,-117.09669,woody perennial crop,1685,1.091132633167697
192976,34.42074,-119.52092,woody perennial crop,1115,0
482892,39.89882,-122.12994,woody perennial crop,1136,0.6596178165572776
214939,36.5536,-119.69403,woody perennial crop,3452,1.1185984440311636
241826,38.36647,-122.2982,woody perennial crop,4280,0.5352404562018865
200727,37.00334,-121.77166,woody perennial crop,3319,0
279216,38.3814,-122.31244,woody perennial crop,4481,0.618147426210246
167974,37.81907,-120.92591,woody perennial crop,4544,0.9369241783274099
172470,35.74495,-119.3063,woody perennial crop,2375,0
334690,38.23093,-122.52408,woody perennial crop,3341,0.9626362156369692
555075,35.29886,-118.77323,woody perennial crop,2014,1.1846686330866352
5734,35.59478,-119.75408,woody perennial crop,948,0.6550062603308885
504590,33.54422,-116.00261,woody perennial crop,3331,0.9631927873207317
9776,37.65696,-120.46082,woody perennial crop,768,0
210612,38.97737,-123.07948,woody perennial crop,3648,0.6462372815282753
526839,36.61143,-119.61409,woody perennial crop,2532,0.6650625667961078
83832,36.58197,-119.57292,woody perennial crop,2597,1.0205226882257465
341707,37.60855,-120.91673,woody perennial crop,890,0.9022354601471507
296549,38.49144,-122.43231,woody perennial crop,3111,0.6442797261109484
499272,39.28286,-123.22085,woody perennial crop,1648,0.45694153061545145
262321,36.13233,-120.15011,woody perennial crop,2458,1.3275368171153255
432688,36.60706,-119.57722,woody perennial crop,2236,0.5728552774469676
110303,36.38926,-119.02338,woody perennial crop,3683,0.8082905087609839
239836,38.62189,-122.88072,woody perennial crop,3653,0.895376031480143
290089,33.46347,-117.2675,woody perennial crop,3417,0.729581994153339
520917,36.34685,-119.20904,woody perennial crop,3420,0.9226974131581556
362034,39.88676,-122.29023,woody perennial crop,3839,0.9016988348952347
163295,39.91222,-122.17272,woody perennial crop,824,0.4361529923296282
474673,34.39499,-119.05071,woody perennial crop,4340,1.335596977496654
481564,40.07693,-122.2024,woody perennial crop,832,0.6069055026361716
559703,38.17394,-121.23214,woody perennial crop,1810,0.3957175017725182
196124,38.42671,-122.48716,woody perennial crop,917,0.3884727424293289
528207,38.25731,-121.51173,woody perennial crop,2507,0.9125197324612045
507813,39.10393,-121.66688,woody perennial crop,3582,0.5575487081222392
409396,35.78873,-119.15748,woody perennial crop,537,0
313973,37.61093,-120.8497,woody perennial crop,812,0.7176185724111489
14720,36.77674,-120.04596,woody perennial crop,3778,0.7095316821807635
130024,36.70193,-119.35255,woody perennial crop,4029,0.9650256228961073
171573,39.14839,-121.91327,woody perennial crop,1279,0.9323706681958445
5898,37.35864,-120.771,woody perennial crop,4401,0.44275720031704247
69810,36.95063,-120.37092,woody perennial crop,2618,0
392510,34.18092,-119.03612,woody perennial crop,2916,0.9043664189060742
233745,33.35858,-117.032,woody perennial crop,1415,0.70059612324591
533262,36.58305,-119.37573,woody perennial crop,2191,0.5194743722410308
55497,39.30063,-121.61349,woody perennial crop,4002,0.7033171260627765
434205,39.53327,-122.25101,woody perennial crop,37,0.6383400035323613
16602,36.77323,-119.5053,woody perennial crop,2185,0
348917,36.56957,-119.28125,woody perennial crop,3800,0.44097957312494374
270638,33.70507,-117.71471,woody perennial crop,547,1.0817768824420262
91553,35.3503,-118.8527,woody perennial crop,2600,0.6709402567387251
589667,36.61793,-119.65203,woody perennial crop,4699,0.4293922643165504
5964,38.43373,-122.55579,woody perennial crop,3415,0.5636493923355136
531893,39.26757,-123.22109,woody perennial crop,2738,0.5693843302419054
89173,39.80677,-122.15777,woody perennial crop,369,0.6939738400560691
285713,39.8105,-121.85882,woody perennial crop,512,0.7676840007119803
366257,39.89786,-121.9653,woody perennial crop,4238,0.7032302395713228
347749,36.60336,-119.79756,woody perennial crop,4119,0.27972051117763813
77133,36.24088,-119.07473,woody perennial crop,1694,0.6690517380862508
412026,35.70723,-120.63514,woody perennial crop,1434,0.4466172366848159
423389,35.43669,-119.40423,woody perennial crop,1879,0
182929,34.3094,-118.91065,woody perennial crop,271,0.6707593721170406
5999,35.59672,-120.56325,woody perennial crop,3948,0.5267032941329219
339767,36.96878,-120.43912,woody perennial crop,3658,0.29626282394611386
573217,38.5441,-122.34235,woody perennial crop,3312,0.8447897135000408
296543,36.59514,-119.88321,woody perennial crop,1668,0.42130576576818585
82139,37.44162,-121.09243,woody perennial crop,456,0.6538895421674141
229525,35.95723,-118.98111,woody perennial crop,3470,0.531334530725621
119784,38.02474,-120.48035,woody perennial crop,728,0.3095338702806669
495228,36.8959,-121.38509,woody perennial crop,906,2.6950569138145952
401506,36.91527,-120.07182,woody perennial crop,4390,0.7180743330719405
592952,38.67843,-120.72893,woody perennial crop,1956,0.8652633257526264
35872,37.98998,-121.16502,woody perennial crop,4001,0.2691907314631871
191040,40.16604,-122.1596,woody perennial crop,536,0.6888384552202325
274986,39.62673,-121.832,woody perennial crop,3478,0.9473497459330553
25268,38.75344,-120.84883,woody perennial crop,781,1.5291571373139845
6067,36.61303,-119.80095,woody perennial crop,3557,0
340944,36.57158,-119.24135,woody perennial crop,3424,0.643413728758655
399200,37.63939,-121.32923,woody perennial crop,2202,0.8885346748493287
453481,35.81237,-119.24356,woody perennial crop,2134,0.61469415676767
382550,39.91233,-122.04281,woody perennial crop,3347,0.9823302317147553
336695,39.77865,-122.19467,woody perennial crop,837,1.2288639474492244
77258,36.03467,-119.00298,woody perennial crop,3942,0.7654177444857346
286715,36.31491,-119.45931,woody perennial crop,3170,0.48267225341921466
355278,39.62968,-122.21109,woody perennial crop,2796,0.8768839982277367
489252,39.37071,-121.65759,woody perennial crop,2054,0.4480702037753862
490008,35.06568,-120.49707,woody perennial crop,2708,0.5322823635039375
6195,35.78115,-119.37662,woody perennial crop,4746,0.7015456163593349
218135,36.3194,-119.10149,woody perennial crop,3160,0.8471925843028856
345406,33.2777,-117.18586,woody perennial crop,1436,0.7118829399615445
561845,35.50958,-119.47918,woody perennial crop,3598,0.6600943118086805
258447,37.00181,-120.20351,woody perennial crop,2372,0.505374099865323
186967,37.5237,-120.94728,woody perennial crop,145,0.5101117375037361
180389,35.78901,-119.10021,woody perennial crop,2200,0
467115,36.02279,-119.04537,woody perennial crop,4438,0.5620307874565617
451507,38.48521,-122.45607,woody perennial crop,2598,0.5523058543339597
316139,37.03441,-120.37012,woody perennial crop,4575,0.4341605054620897
37521,35.58625,-120.71182,woody perennial crop,2309,0.6156898280243163
48472,37.60674,-120.79074,woody perennial crop,2019,0.5504472843211302
148225,36.09194,-119.12601,woody perennial crop,1367,0.37639934728190805
348463,36.88941,-120.02179,woody perennial crop,1146,1.2843089338961373
57122,35.77109,-119.19305,woody perennial crop,1349,0.7494251726782698
57249,38.59656,-122.89345,woody perennial crop,1591,1.0146410878719507
338608,38.43144,-122.88507,woody perennial crop,4603,0.5917154418536152
366798,36.00876,-119.17255,woody perennial crop,1797,0.4010011548796964
594239,34.30397,-118.92737,woody perennial crop,46,0.8415621818754575
555363,36.48909,-119.32445,woody perennial crop,2810,0.7816783247943451
362210,36.34369,-119.2077,woody perennial crop,401,0.4368891203460579
460680,36.7089,-119.6705,woody perennial crop,4742,0.9678953574306689
439378,38.56431,-122.54693,woody perennial crop,3296,0.6059846956792173
585663,39.60592,-121.60708,woody perennial crop,1502,0.7604416663367572
269744,38.54372,-120.79994,woody perennial crop,1779,0.7227217598124929
326689,36.38479,-119.92721,woody perennial crop,3188,0
249129,35.90721,-119.10184,woody perennial crop,3145,1.038452892485874
247254,35.53374,-119.23995,woody perennial crop,1610,0.7619483796913362
498615,38.73172,-122.95045,woody perennial crop,3639,0.6778409253967562
593646,39.0185,-122.89016,woody perennial crop,949,1.1345008813249204
450737,35.49897,-119.31164,woody perennial crop,1151,0.5679106607992256
521390,38.7631,-122.15712,woody perennial crop,2142,0.6194814346429278
71370,36.38347,-119.46059,woody perennial crop,548,0.6473020943211812
425565,37.47897,-121.1464,woody perennial crop,501,0.8484822365572503
192089,36.48834,-119.26732,woody perennial crop,682,0
438624,33.28232,-117.20818,woody perennial crop,1933,0.9037407284899149
294909,38.27834,-122.41756,woody perennial crop,2374,0.6074310971476226
468810,37.64365,-120.80809000000001,woody perennial crop,4510,0.6935822225648501
359101,39.8914,-122.09238,woody perennial crop,2223,1.1778108528189088
163155,36.9481,-121.72873,woody perennial crop,1237,0.7958123973494907
244878,38.05085,-121.48882,woody perennial crop,4242,1.5747911253239657
339236,36.3096,-119.44611,woody perennial crop,773,0.6335174117993086
171999,37.98844,-121.15048,woody perennial crop,3869,0.4409064610289011
154807,33.61497,-116.10213,woody perennial crop,1606,1.0530570844100051
357324,38.99555,-122.06752,woody perennial crop,4278,0.5108769589896682
375277,38.6041,-120.66129,woody perennial crop,1626,0.4787792278925609
192523,35.20345,-119.27921,woody perennial crop,834,1.1368193546854097
247260,38.32351,-121.62014,woody perennial crop,3644,0.2959303470288115
447554,37.05706,-121.66394,woody perennial crop,658,0.8315250041661777
6429,35.53114,-120.57307,woody perennial crop,487,0.6021944835771983
507727,38.23797,-121.35243,woody perennial crop,2076,0.6973343810303722
139425,39.25621,-121.61108,woody perennial crop,1047,0.815351254819923
305970,37.57244,-120.86644,woody perennial crop,3752,0.6011117152516994
542780,33.69551,-116.14352,woody perennial crop,2000,0
169874,38.04182,-121.22548,woody perennial crop,3810,0.8168392532085749
569849,37.06725,-120.27641,woody perennial crop,2624,0.2270520521032421
422692,36.57776,-119.56493,woody perennial crop,2022,1.4423587652780878
407019,36.59889,-120.55528,woody perennial crop,2793,0.5476099901524872
80180,38.70817,-122.10502,woody perennial crop,424,1.3939535711364832
375049,35.57245,-120.7608,woody perennial crop,3263,0.5442195845296244
89054,36.41809,-119.26093,woody perennial crop,2953,0.4738945648352088
524164,39.21153,-121.59624,woody perennial crop,1753,0.5168521870574192
407479,39.54512,-122.26552,woody perennial crop,3085,0.688604175824605
6508,37.11223,-121.61057,woody perennial crop,1322,2.062822140821111
481784,39.97264,-122.1588,woody perennial crop,3841,0.9405296212721118
257691,34.39558,-118.83792,woody perennial crop,956,0.5994080034664679
568234,35.54195,-119.25553,woody perennial crop,175,0.6383481495794782
255419,34.8773,-120.48896,woody perennial crop,3680,1.0696206398232702
121769,36.38221,-119.83076,woody perennial crop,588,0.9189261186505077
73782,38.45509,-122.86119,woody perennial crop,2546,0.6295130058220866
310302,36.49205,-119.28094,woody perennial crop,3643,1.0474303681794659
6529,36.30033,-119.23118,woody perennial crop,1814,0
520232,34.60465,-120.29141,woody perennial crop,3191,1.0264367985413645
185178,39.01429,-123.13689,woody perennial crop,2921,0.6865876070623573
588057,38.78274,-122.97964,woody perennial crop,3805,0
592851,39.38562,-121.97142,woody perennial crop,2060,0.7043653169363271
247270,39.10242,-121.67963,woody perennial crop,623,0.601896302947844
169108,36.48927,-119.41615,woody perennial crop,4527,0.5803904841056151
62819,34.28289,-118.95773,woody perennial crop,2965,0
269292,35.45753,-119.63928,woody perennial crop,4648,0.7680909386692516
428460,36.48801,-119.75741,woody perennial crop,2593,0.4312939521378193
358430,33.57579,-116.02859,woody perennial crop,3433,0.9761399849382132
147033,33.26533,-117.21284,woody perennial crop,4477,0.45386650984852134
110209,37.17607,-120.23401,woody perennial crop,1350,0.8660730051091294
562297,38.55327,-122.62492,woody perennial crop,1469,0.5215707606188212
70727,35.86271,-119.14243,woody perennial crop,10,0.229263525111899
447973,33.45916,-117.22011,woody perennial crop,4507,0.9058111650833742
368058,38.39034,-122.34317,woody perennial crop,1644,0
346617,38.25659,-121.59673,woody perennial crop,4583,1.292402371837982
533879,36.15599,-119.02951,woody perennial crop,126,1.1549302556701273
590146,34.3079,-118.94634,woody perennial crop,1825,0.7935341725431098
309783,38.79678,-121.14372,woody perennial crop,4234,0
80130,38.94417,-122.85611,woody perennial crop,3060,0.9460434626017259
534778,35.66005,-120.49297,woody perennial crop,4016,0.6881661103695801
239054,36.18967,-119.10082,woody perennial crop,1822,0.7334658124013735
520703,35.52325,-119.54792,woody perennial crop,3638,0
329510,34.78831,-120.309,woody perennial crop,2333,0
310735,35.56035,-120.59942,woody perennial crop,3434,1.009754174399836
569848,36.38228,-121.31861,woody perennial crop,3711,1.473064925764542
225882,34.6109,-120.39046,woody perennial crop,2615,1.0156706455909665
50160,36.39295,-119.82238,woody perennial crop,1351,0.7409172880258424
409602,35.57578,-119.2162,woody perennial crop,2539,1.2351484714349108
259111,36.88444,-119.93602,woody perennial crop,2719,0.4580304942259521
173281,38.54263,-123.21979,woody perennial crop,1944,0.4533333673580469
351348,39.19126,-121.67145,woody perennial crop,1380,0.6328836438125057
198650,38.62872,-122.46601,woody perennial crop,4111,0.46308345909327436
549825,38.45753,-122.37729,woody perennial crop,340,0
490151,38.63673,-122.45491,woody perennial crop,1976,0.4629645707105402
491529,33.72744,-116.87239,woody perennial crop,1319,0.8473936294114931
174231,35.86369,-119.86588,woody perennial crop,3916,0
537464,35.58672,-119.18117,woody perennial crop,4290,0.8961807212567745
357193,37.38769,-122.23019,woody perennial crop,3867,0.9361160568045771
522927,39.13671,-121.66534,woody perennial crop,2791,0.8744325002269774
270609,37.60064,-121.88846,woody perennial crop,878,0
386614,36.40059,-119.16449,woody perennial crop,2262,0.26522131193960125
486211,39.89442,-122.17261,woody perennial crop,1900,0.5126662560668539
6694,39.05626,-122.16304,woody perennial crop,695,0
83964,39.22077,-121.66797,woody perennial crop,4417,0.6227158368812583
439094,34.44412,-119.28187,woody perennial crop,3878,0.8556140102014483
561943,37.61136,-120.74239,woody perennial crop,2673,0.9870858578678502
329015,37.56708,-120.79752,woody perennial crop,6,0.9655109765205093
8273,36.90847,-119.69919,woody perennial crop,2599,0.771985141009016
247526,36.4226,-119.65344,woody perennial crop,90,0.8260030908941964
168073,38.46583,-121.80266,woody perennial crop,2419,1.2982105314140517
6958,37.47936,-120.98421,woody perennial crop,1495,0.846809175707503
422304,35.69441,-119.21602,woody perennial crop,2968,1.6437984601796247
363340,39.031,-122.6279,woody perennial crop,1218,0
564488,36.65211,-119.71995,woody perennial crop,3443,0
149764,36.66032,-119.73825,woody perennial crop,262,1.4754115508529395
512256,39.18186,-121.61568,woody perennial crop,3204,0.5665754588968713
351292,37.82907,-120.90988,woody perennial crop,4792,0.745659975552349
160799,35.51224,-119.43113,woody perennial crop,4427,0.42952633617402514
141516,37.48017,-120.73832,woody perennial crop,4055,0
531560,37.68038,-120.87292,woody perennial crop,2212,0.8049487270055729
32522,38.27995,-122.50112,woody perennial crop,3297,0.6141245438153982
236074,36.64805,-119.6129,woody perennial crop,3378,0.6039251719637818
163465,38.63684,-121.76414,woody perennial crop,616,0.7944979516304683
129673,36.36187,-119.3435,woody perennial crop,381,0.5354529980691288
71523,37.64811,-120.81846,woody perennial crop,802,0.6299928986070794
106650,39.29078,-122.01085,woody perennial crop,2122,0.7151980086652694
107266,35.08575,-118.96546,woody perennial crop,612,0.7084128799079655
259642,38.25182,-121.0751,woody perennial crop,4009,0
115480,35.86089,-119.14023,woody perennial crop,2323,0.5111393488918795
186527,35.21395,-118.75929,woody perennial crop,3567,0.5044342733207521
587659,35.37529,-119.44156,woody perennial crop,1565,0.8273216565432646
464123,38.73045,-122.94846,woody perennial crop,624,0.5747225299970374
224167,35.62847,-119.16339,woody perennial crop,3385,0
150954,35.48884,-119.63833,woody perennial crop,2463,0.7092303337110106
398755,34.19745,-119.02481,woody perennial crop,2563,0.9754264476210317
428551,38.18422,-121.34115,woody perennial crop,455,1.0603462064627116
71145,38.12142,-121.32225,woody perennial crop,2564,0.7380730846158403
425424,36.56848,-119.75267,woody perennial crop,3130,1.1144918525490268
6874,33.74751,-118.04432,woody perennial crop,2170,1.658072456850804
103870,37.00532,-120.47228,woody perennial crop,1293,0.5597035359109584
177624,37.81553,-120.73769,woody perennial crop,3546,0.915754880785479
321191,38.28713,-122.10674,woody perennial crop,3175,1.2523693789416424
601110,35.0645,-118.82128,woody perennial crop,146,0.4801474566862686
91616,35.1829,-120.55405,woody perennial crop,202,0.5116365699645685
197319,33.27624,-116.99452,woody perennial crop,4080,0
172432,33.48436,-117.15802,woody perennial crop,4479,0.4433633341533695
204530,38.7,-122.96635,woody perennial crop,2628,0.4976309123937364
30952,39.28121,-122.19897,woody perennial crop,2527,0.9527118367298713
202989,34.39292,-118.82971,woody perennial crop,4806,0.6951008163662783
348987,36.50781,-119.59703,woody perennial crop,4216,0.1586457821316261
10740,39.17892,-121.91257,woody perennial crop,2239,1.0025863066012306
436622,36.93644,-120.58453,woody perennial crop,2860,1.579218364261997
545182,36.17272,-119.02653,woody perennial crop,4172,0.4705511309441425
128228,34.38545,-119.44111,woody perennial crop,1174,0.7613483572533307
103985,34.30554,-119.17578,woody perennial crop,2209,1.1468358157208405
179456,38.60744,-120.66278,woody perennial crop,1345,0.79152261091384
390320,39.19799,-121.67646,woody perennial crop,4476,0.673328104730385
86908,36.85542,-120.57896,woody perennial crop,2079,1.064523362590336
153436,36.56311,-119.52292,woody perennial crop,1592,0.38026503194536426
129060,37.64844,-121.80313,woody perennial crop,1937,1.0827154772463912
327207,36.66413,-119.36536,woody perennial crop,3345,0.6106318350165378
324945,36.6151,-119.504,woody perennial crop,173,0.5156745728205553
247862,36.26499,-121.14047,woody perennial crop,4321,0.8033882112402541
345356,34.38149,-118.96705,woody perennial crop,1320,0.9339340424346712
362002,36.86389,-120.16946,woody perennial crop,3229,0.7644815264269575
143857,36.34807,-119.07507,woody perennial crop,498,0.6470118187693606
325773,38.52489,-120.82122,woody perennial crop,4121,0.4787491174417483
22864,39.81353,-122.3016,woody perennial crop,1919,0.7729623845946533
417704,39.44174,-121.96995,woody perennial crop,1640,0.5011468137276656
7142,36.71153,-119.36611,woody perennial crop,3852,0.6638833218441804
431912,34.47574,-120.06831,woody perennial crop,2771,0
57013,38.26535,-121.14885,woody perennial crop,2160,0.6650387021486539
369794,34.4662,-119.90867,woody perennial crop,4050,0.4852337298962905
215896,36.87962,-120.07639,woody perennial crop,4567,0.684606509248755
492505,37.27192,-121.08753,woody perennial crop,2656,0.6000768618383581
45494,35.89408,-119.14863,woody perennial crop,4156,0.723629171888162
204194,33.1621,-117.06212,woody perennial crop,1046,0.8109608565910589
443529,37.27535,-120.56589,woody perennial crop,1555,1.0067595165042205
472301,36.82744,-120.22016,woody perennial crop,110,0.5905649407490544
545788,36.9991,-120.06636,woody perennial crop,2450,0
69589,38.9574,-123.15598,woody perennial crop,594,0.7035800868881998
489770,34.23485,-118.95811,woody perennial crop,1480,1.4831094929276405
102646,33.53565,-117.30294,woody perennial crop,4474,0.6595290675377181
140666,33.37607,-117.12132,woody perennial crop,4531,0.5753924137990761
471761,38.51225,-121.96715,woody perennial crop,364,0.6334027988039836
75060,39.30073,-121.60913,woody perennial crop,491,0.5090826613498678
456309,36.48197,-119.27088,woody perennial crop,1180,0
297777,36.47582,-119.75529,woody perennial crop,1311,0.43152042197368345
70821,39.26762,-123.19311,woody perennial crop,743,0.7898214916332668
397780,36.76551,-120.10269,woody perennial crop,2126,0.430809236369357
144388,36.46637,-119.66565,woody perennial crop,2519,0.38071846685321
34772,34.885,-120.32734,woody perennial crop,4695,0.5909460469034081
307327,38.811279999999996,-122.01386,woody perennial crop,400,0.8210885786992596
296718,38.38079,-122.35175,woody perennial crop,1450,0.676320236530876
106888,36.70812,-119.82509,woody perennial crop,4237,0.34049294238252303
101649,36.47376,-119.8851,woody perennial crop,4562,0.5918191129938577
579567,36.3446,-119.59394,woody perennial crop,2614,1.1434824622725688
562754,39.72372,-123.49198,woody perennial crop,1404,0.9992199329108662
494373,36.6193,-119.62387,woody perennial crop,3887,0.7899948584328512
279274,37.67528,-121.10259,woody perennial crop,4286,0.6493146495257203
422121,36.5113,-121.51946,woody perennial crop,3758,0
210132,33.57845,-116.03158,woody perennial crop,2365,0.9302684182690297
167092,39.15456,-121.52755,woody perennial crop,4436,0.7218892523994354
246752,38.82605,-123.00198,woody perennial crop,1842,1.0576508750002769
7369,39.26599,-123.23886,woody perennial crop,3547,0
7370,36.46309,-120.34066,woody perennial crop,1113,0
219985,35.52468,-120.45328,woody perennial crop,1741,0
433149,39.75677,-122.21243,woody perennial crop,983,0
153687,38.42808,-121.55208,woody perennial crop,294,0.9270453840001202
392469,36.68312,-119.59009,woody perennial crop,4189,0.21765414297287172
149103,36.59198,-119.80999,woody perennial crop,4013,1.3715213289137116
270765,38.49118,-122.81323,woody perennial crop,650,0
105408,38.13922,-121.66365,woody perennial crop,1563,1.6247353375897993
398742,37.10695,-120.20377,woody perennial crop,3522,0.656447113173545
462763,39.50005,-122.28585,woody perennial crop,2972,0
87678,36.05314,-119.17681,woody perennial crop,2169,0.6410754434155221
461322,35.63484,-120.75915,woody perennial crop,899,0.45748706038031206
103212,38.59395,-122.61143,woody perennial crop,4814,0.5998574540761752
128504,39.25744,-121.65948,woody perennial crop,1868,1.000914494020186
406812,38.4771,-122.79966,woody perennial crop,4217,0.37257278679685335
20645,36.61978,-120.08649,woody perennial crop,2311,0.5987598096439088
557493,36.89897,-119.85526,woody perennial crop,1362,0
540480,36.59595,-121.62682,woody perennial crop,1,0.8327498509303914
139588,35.75611,-119.17074,woody perennial crop,3377,0.6183690463315469
107858,37.16061,-121.03764,woody perennial crop,2741,0.8693267967560241
187223,36.02607,-119.16658,woody perennial crop,3112,0.8515091227783036
136013,38.65896,-121.83363,woody perennial crop,1080,1.1291094485033617
425557,33.57729,-116.19219,woody perennial crop,4642,0.9851857663005181
294980,40.15652,-122.14704,woody perennial crop,4332,0.7723380626417349
110992,37.56954,-120.89818,woody perennial crop,3772,1.1268249826336356
145694,35.30094,-118.88313,woody perennial crop,3523,0.8664846404089813
274181,39.06381,-121.69783,woody perennial crop,1809,0.9224655554641422
164887,35.27506,-120.71493,woody perennial crop,3927,0
7510,36.00868,-119.00334,woody perennial crop,1733,0.7801932788618419
128441,35.4495,-119.52585,woody perennial crop,4470,0.8431421622770934
325589,35.66435,-119.23877,woody perennial crop,4369,1.2731260180439818
216871,36.52836,-119.37563,woody perennial crop,1667,0.6010630179201032
415517,32.79481,-114.54995,woody perennial crop,1922,0.6943869627015731
104057,36.54133,-119.96044,woody perennial crop,1126,0.7720883662595742
307849,39.41853,-121.68942,woody perennial crop,877,0.5441425974038219
501264,36.04482,-119.10344,woody perennial crop,1766,1.2742543079054318
93460,36.72317,-121.36295,woody perennial crop,3152,0.8160740260429405
504393,37.48061,-120.80095,woody perennial crop,408,0.4883465421016533
415049,36.81682,-120.48863,woody perennial crop,3853,0.7769359334497007
576518,40.13646,-122.17439,woody perennial crop,3387,1.4175950780188984
88388,35.51968,-119.26693,woody perennial crop,394,0
124343,36.6324,-119.59511,woody perennial crop,4229,0.3378928868209196
454467,35.11048,-118.97434,woody perennial crop,2724,0
400491,36.39004,-119.23034,woody perennial crop,2540,0.5040785720864105
64815,39.25184,-121.63868,woody perennial crop,3365,1.0114425441227146
77332,40.11218,-122.09975,woody perennial crop,3717,0.4135529536423372
521637,34.29718,-118.93505,woody perennial crop,3676,1.1942827858100071
291023,37.36745,-120.48356,woody perennial crop,318,0.7671150812668767
564813,33.28808,-117.26739,woody perennial crop,2836,1.0601295731595801
265365,36.48126,-119.29379,woody perennial crop,1875,0.6476990525554517
376916,39.2508,-123.20546,woody perennial crop,4541,0.5695403859273765
404053,36.7481,-121.64507,woody perennial crop,619,1.209903730762966
23847,36.49606,-119.28892,woody perennial crop,875,0.6768300930585104
143468,37.72434,-121.09371,woody perennial crop,393,0.40175642709604475
7751,33.31644,-117.10552,woody perennial crop,2760,0.7032493152781638
243335,37.9363,-121.17781,woody perennial crop,3438,1.3833236315833959
195828,38.50055,-122.50038,woody perennial crop,4561,0.6342198156718055
452132,36.54983,-119.66702,woody perennial crop,100,1.1261655090444158
225722,34.49157,-120.056,woody perennial crop,951,1.0283414405796063
563182,35.43426,-119.52758,woody perennial crop,753,0.8249894029208663
57087,38.50952,-122.4234,woody perennial crop,4633,0
211939,38.5475,-122.89661,woody perennial crop,3270,0.605007757827141
55016,35.57945,-120.60467,woody perennial crop,979,0.7979882202212519
543439,38.0133,-121.1731,woody perennial crop,3207,0.4252601478850706
173389,38.37198,-122.85691,woody perennial crop,2629,0.8845319704561407
238420,35.64848,-120.70343,woody perennial crop,4641,0.32248895970717434
275290,39.11219,-123.16942,woody perennial crop,2961,0
341112,36.02362,-119.1191,woody perennial crop,2992,0.5724694832763897
294498,36.27807,-119.13954,woody perennial crop,3821,0.5107291931424227
257314,36.02199,-120.90117,woody perennial crop,1612,0.8233604579286417
582835,34.41457,-118.95977,woody perennial crop,2173,0.9899420873227351
120203,36.25636,-119.10331,woody perennial crop,3256,1.1478715982634102
157231,40.15521,-122.14325,woody perennial crop,4450,0.5810826524174895
41240,38.66352,-120.61597,woody perennial crop,523,0
435358,38.45502,-122.78771,woody perennial crop,3469,1.2603020832885135
225829,35.91261,-119.10482,woody perennial crop,222,0.5453101011091986
55004,36.75316,-120.11184,woody perennial crop,4731,0.5887692297465936
260294,35.56209,-120.33709,woody perennial crop,2143,0.9814490112054133
35617,35.58859,-119.22554,woody perennial crop,2220,0.08678491059660283
383823,36.73953,-120.04609,woody perennial crop,2488,0.471513023321592
503988,38.71542,-122.94893,woody perennial crop,4487,0.4764651292237301
461695,37.83359,-120.71036,woody perennial crop,4529,0
171154,38.10302,-120.49996,woody perennial crop,4484,1.0500336106803698
497771,34.20511,-119.0894,woody perennial crop,4079,1.4379582238741253
141229,38.14689,-122.44534,woody perennial crop,4034,0.2699827062086864
309986,36.76014,-119.52095,woody perennial crop,710,0.9358427071298868
37818,39.69941,-122.26351,woody perennial crop,3572,1.275158277716835
18932,38.72678,-121.95195,woody perennial crop,1671,1.6915805137642206
148444,38.643,-121.88539,woody perennial crop,2439,1.136737006178015
531490,38.9134,-122.02901,woody perennial crop,848,0.3264827985792057
344660,38.9676,-121.95007,woody perennial crop,2087,0.6773252310374385
568026,36.84794,-120.76004,woody perennial crop,103,0.6609769441343409
204837,36.24565,-119.15753,woody perennial crop,3702,0.8936963191761258
321868,36.54856,-120.27537,woody perennial crop,1023,1.4256956282263598
417675,39.60324,-122.24659,woody perennial crop,1780,0
201926,39.48197,-122.01845,woody perennial crop,2180,0.549225138032687
205696,38.9642,-122.84032,woody perennial crop,1765,1.004231317363709
265395,35.39235,-119.33477,woody perennial crop,4566,0.7021272178799024
13579,37.54895,-120.51558,woody perennial crop,245,0.9122467364132579
451460,39.79275,-122.15398,woody perennial crop,3635,0.880513349421699
192663,33.29815,-117.01062,woody perennial crop,95,0.9549100702994598
58318,33.27058,-117.19794,woody perennial crop,3185,0.6822345838237783
124767,36.30928,-121.29952,woody perennial crop,4618,0
594074,35.96717,-119.01904,woody perennial crop,4714,0
452374,36.5022,-119.59737,woody perennial crop,4062,1.002225189652968
303105,36.58807,-119.8881,woody perennial crop,1709,0.5390581763905312
328478,35.82373,-119.21104,woody perennial crop,4324,0.5553381841603104
319184,35.88657,-119.23143,woody perennial crop,3023,0.3931485726043749
200750,38.47772,-122.86075,woody perennial crop,4511,0.817728826912721
401773,36.93746,-120.13874,woody perennial crop,3751,0.27187488915409636
515881,33.3157,-116.94697,woody perennial crop,3138,0.5812666541573178
506429,35.75084,-119.89711,woody perennial crop,1303,0.588108432708865
556492,36.92752,-121.6808,woody perennial crop,382,0.6646951884396897
373709,33.65107,-116.22282,woody perennial crop,336,0
488609,38.13181,-121.45592,woody perennial crop,2981,0.9375257727359941
10210,36.42632,-119.58048,woody perennial crop,4391,0.635287110945199
322568,33.38182,-117.17931,woody perennial crop,4756,0.7148560864984665
42069,38.25843,-122.4641,woody perennial crop,2420,0.671782875533021
458908,36.37322,-119.21444,woody perennial crop,1777,0.3726708393603869
283419,39.27931,-121.57879,woody perennial crop,416,0.9359910234605069
237004,38.69763,-121.63768,woody perennial crop,1507,0
384927,37.4371,-121.045,woody perennial crop,3713,0.9614359999716513
473956,33.62583,-116.21272,woody perennial crop,3069,1.2256282792098103
158861,36.60004,-119.69365,woody perennial crop,1105,1.1759533216288296
363721,39.23961,-121.64348,woody perennial crop,1352,0.8789699867074786
331350,38.48746,-121.86596,woody perennial crop,3182,0.6936576315729391
482610,37.7341,-121.02233,woody perennial crop,419,0.7061020628307433
459125,36.64156,-119.48099,woody perennial crop,4256,0.631945629969448
75275,35.56101,-120.76755,woody perennial crop,2071,0.6157244856335927
462623,35.04683,-119.00483,woody perennial crop,1155,0.6759678209965656
426090,36.34113,-119.15156,woody perennial crop,758,0.9382019388793952
204977,35.6248,-120.77009,woody perennial crop,2785,0.6334070662006063
38300,35.21118,-119.08887,woody perennial crop,3107,0.8477037237606012
596062,38.67399,-121.85908,woody perennial crop,1791,0.8765043713046097
332911,36.84202,-120.06563,woody perennial crop,2696,1.1928156531487344
533259,36.12175,-119.01742,woody perennial crop,353,0.7313415460830707
448653,37.18163,-120.56263,woody perennial crop,3418,0.51784540219923
410227,38.20946,-122.23671,woody perennial crop,4371,0.7578989254139581
598943,33.47519,-117.17434,woody perennial crop,1853,0
141601,33.2604,-117.09769,woody perennial crop,3012,0.7612015993301546
485566,33.32045,-117.03976,woody perennial crop,4556,0.3715188711630017
508749,39.1859,-121.6842,woody perennial crop,3526,0.795248875414114
212306,36.34986,-119.1266,woody perennial crop,154,0.6912156217759926
398713,34.23404,-119.13326,woody perennial crop,211,0.7556202391811644
530957,36.68603,-119.97266,woody perennial crop,1257,1.1494312307089383
529060,36.6634,-119.29625,woody perennial crop,188,0
316206,40.14028,-122.13391,woody perennial crop,2284,1.0165849024671092
520505,35.51837,-119.36991,woody perennial crop,2873,0.24696830536005573
27536,37.81135,-120.93852,woody perennial crop,1049,0.7110323392777296
8562,33.4174,-117.31443,woody perennial crop,1567,0
532351,38.26666,-122.40359,woody perennial crop,4722,0.33767303781336927
212554,36.23494,-119.29336,woody perennial crop,2569,0.7672434230128093
76428,38.5528,-122.51512,woody perennial crop,1276,0.41268305047298864
249795,35.60634,-119.26914,woody perennial crop,4316,0.9708204038700463
282826,38.50858,-122.00217,woody perennial crop,2547,0.7836699758792468
102008,39.57021,-122.15065,woody perennial crop,3891,0
374682,36.40546,-121.42624,woody perennial crop,1406,0
461627,35.86505,-119.20061,woody perennial crop,4139,0.46669535579750854
577036,36.75197,-121.64231,woody perennial crop,2605,1.4290311792147312
8632,38.50948,-122.46857,woody perennial crop,327,0.6499615172501494
591927,36.6716,-119.46699,woody perennial crop,789,0.43842894988635656
485045,37.28562,-121.06664,woody perennial crop,3439,0.5088948442934063
107833,37.62656,-121.33205,woody perennial crop,2773,0.8642472212847446
559174,33.52623,-116.17024,woody perennial crop,767,0.6625838943269352
542751,36.58838,-119.90021,woody perennial crop,2643,0.5157621192275954
113502,36.65411,-119.74393,woody perennial crop,4318,0.705639611519962
330066,37.62624,-120.86448,woody perennial crop,4539,1.076507530972329
94110,36.92088,-121.72814,woody perennial crop,2538,1.2775417365143278
104833,36.45373,-119.23153,woody perennial crop,643,0.6070707203553892
285748,35.9374,-118.98285,woody perennial crop,5,0.8204010258400386
228300,33.58171,-116.0318,woody perennial crop,116,0.9058519157966998
238776,34.63226,-120.26722,woody perennial crop,3619,0
420569,38.24257,-122.74858,woody perennial crop,2985,0.9064372954469125
454810,39.18738,-122.29218,woody perennial crop,4697,0.7627679449181208
337857,37.10012,-120.41535,woody perennial crop,992,0.5064280628051854
231643,39.80964,-121.9238,woody perennial crop,1198,0.4529447554512245
25257,36.59028,-119.32845,woody perennial crop,831,0.3974133317283593
521220,38.64883,-122.93136,woody perennial crop,476,0.5148486245022429
268822,32.78006,-114.62601,woody perennial crop,16,0
337943,38.16291,-121.29981,woody perennial crop,1354,1.2276961296004065
12477,35.02356,-120.53397,woody perennial crop,3505,0.766597263829006
230002,36.01052,-119.00094,woody perennial crop,2299,0.5694162288823491
389200,37.63695,-120.81966,woody perennial crop,4041,0.6342772472508607
392035,36.72168,-121.25564,woody perennial crop,601,0.483109323912325
460098,35.00558,-118.94351,woody perennial crop,20,0.6643626614874713
20742,37.18397,-120.23377,woody perennial crop,415,0.6036130606786199
37437,37.23057,-120.43038,woody perennial crop,4741,1.0779694698799904
19808,36.15469,-119.19171,woody perennial crop,529,1.233907445161439
54597,36.01239,-119.07055,woody perennial crop,177,0.4874906965997675
555721,37.00821,-120.19903,woody perennial crop,597,0.6517885783171578
276545,36.53221,-120.28343,woody perennial crop,2700,0.847061322995107
122211,34.12918,-119.09073,woody perennial crop,1043,0.5215246699162591
360310,34.23526,-118.96058,woody perennial crop,2526,0.8468629223328492
85287,36.53123,-119.4972,woody perennial crop,3864,0.6302019522930111
276323,38.37756,-122.6189,woody perennial crop,3240,0.8423843914788369
347143,38.70941,-122.85851,woody perennial crop,1934,1.1053716289967208
217853,39.75924,-122.03385,woody perennial crop,869,0.6279510994084171
123877,38.95357,-122.00968,woody perennial crop,385,0.4500350921066886
412032,36.34228,-119.20413,woody perennial crop,3725,0.5973949087619098
74674,37.37666,-121.07908,woody perennial crop,2387,1.1498404432756562
169243,36.68644,-119.71457,woody perennial crop,36,0.7394204478732114
211022,33.49614,-117.28006,woody perennial crop,965,0.9118154924401833
384644,37.59747,-120.83768,woody perennial crop,284,0.38587058426074505
205913,38.40365,-122.64243,woody perennial crop,2722,0.833882694669261
444099,35.53078,-119.32159,woody perennial crop,4305,0.3030707423962835
184959,34.15228,-119.03668,woody perennial crop,738,1.0422133255549164
447683,35.56577,-119.33804,woody perennial crop,2929,0.7167016360806058
494081,36.53652,-119.56378,woody perennial crop,2765,0.3430878438109652
382470,36.52318,-119.33383,woody perennial crop,527,0.7026859613383778
105740,37.61459,-120.83303,woody perennial crop,2377,0.9554733076153131
9106,37.69711,-120.79252,woody perennial crop,1510,0.6325060161830498
359082,38.27434,-121.49285,woody perennial crop,3989,0.7388356610679611
572186,35.12095,-119.28869,woody perennial crop,3733,0
193186,35.55961,-119.452,woody perennial crop,1248,0.6357259469340278
543601,38.65504,-122.8949,woody perennial crop,2452,0.9425831789737162
164543,34.18547,-119.00815,woody perennial crop,244,0.9815470663550793
594627,39.03695,-121.45699,woody perennial crop,4070,1.0012795287873495
380665,36.51214,-119.40496,woody perennial crop,2829,0.6058984658105383
388034,37.65589,-121.7355,woody perennial crop,1978,0.9266548582336708
468658,38.86968,-122.21827,woody perennial crop,3900,0
540329,35.95895,-119.1244,woody perennial crop,3765,0.6528975274230242
528608,36.6044,-119.27485,woody perennial crop,3184,0.3828969805462334
258015,36.53899,-119.63119,woody perennial crop,3386,1.1913155093874666
148850,39.14107,-123.18286,woody perennial crop,1553,0.8921514044061863
454880,35.72837,-119.45264,woody perennial crop,446,0.6543093644458327
77650,35.69723,-119.91662,woody perennial crop,1772,0.9245264699374303
215932,34.94543,-120.46187,woody perennial crop,2101,0.4945514647400161
116979,38.60719,-122.58942,woody perennial crop,2496,0.5393963326593103
601049,39.45291,-122.28165,woody perennial crop,1194,0
224107,36.59819,-119.30176,woody perennial crop,3512,0.47990205760132737
451831,35.90719,-119.09962,woody perennial crop,4020,1.1830359203127883
384977,37.52124,-121.87603,woody perennial crop,933,0.790728365416265
298124,36.48689,-119.93451,woody perennial crop,3123,0
561084,36.39989,-119.68843,woody perennial crop,2937,0.7705320048395748
380402,38.44358,-122.8952,woody perennial crop,3363,0.401891428761948
25598,37.94687,-121.0131,woody perennial crop,1878,1.0426868734218617
356043,38.37115,-121.81173,woody perennial crop,2851,0.9568792690257426
437274,37.58455,-121.11115,woody perennial crop,1669,0.9777161815312729
508847,35.05845,-119.11953,woody perennial crop,368,1.3871451413557028
163606,34.39457,-119.42198,woody perennial crop,2080,0.820433309763653
597209,37.60981,-120.75722,woody perennial crop,3855,0.6895707841165198
466897,38.56258,-122.8719,woody perennial crop,315,0.4132164936549304
47947,38.50377,-122.44722,woody perennial crop,4647,0.4939458735427566
73540,34.64686,-120.09665,woody perennial crop,4721,1.4035285487210754
184219,36.88839,-120.29695,woody perennial crop,3585,1.0348033384951443
549572,39.20222,-121.69397,woody perennial crop,4593,0.8692675012167299
429348,35.96354,-119.09184,woody perennial crop,339,0.7804005230076859
203250,39.43436,-121.68403,woody perennial crop,3825,0.9560800950918726
10681,39.8818,-122.13683,woody perennial crop,4076,1.5797421868762174
246417,36.3886,-119.244,woody perennial crop,187,0.3389732960434825
72663,38.12538,-121.19267,woody perennial crop,2997,0.6570687007637158
58585,33.53896,-115.9727,woody perennial crop,3159,0
180338,39.17945,-121.15874,woody perennial crop,4614,1.047794374155849
504498,33.27157,-117.14918,woody perennial crop,2383,0.4979255340445549
365431,33.26647,-117.13437,woody perennial crop,3999,0.6412227149423545
371502,33.37957,-117.15113,woody perennial crop,967,0.41252138943107647
546634,33.43002,-117.26536,woody perennial crop,2254,1.1829006970451033
472010,37.81171,-120.83931,woody perennial crop,3476,0.7229370046738682
283677,39.04488,-121.58665,woody perennial crop,357,0.6920672341434764
215362,35.35585,-119.43498,woody perennial crop,1278,0.6993073122218241
407830,39.18011,-121.60655,woody perennial crop,557,1.0035658571173025
451171,38.5358,-122.52333,woody perennial crop,164,0
14474,36.57918,-119.28528,woody perennial crop,4326,0.6165505030204456
320621,38.14808,-122.45223,woody perennial crop,4545,0.561100158859545
547322,35.60553,-119.77206,woody perennial crop,2321,0.3559604493672464
352779,36.25093,-121.2072,woody perennial crop,1831,1.0352403308530613
193234,34.87642,-120.27559,woody perennial crop,2589,0
415706,39.191160000000004,-121.66334,woody perennial crop,1360,0.8822099680023547
577601,36.00827,-119.01039,woody perennial crop,2363,0.4603447648632068
298615,34.45811,-119.80153,woody perennial crop,3328,0.8018349587387694
79198,35.54237,-120.8315,woody perennial crop,3854,0.7291741127821664
305303,38.38154,-122.92532,woody perennial crop,2378,0.40128728647212103
525317,39.41856,-121.69237,woody perennial crop,2566,0.8898277470977588
599819,35.56548,-120.78283,woody perennial crop,4802,0.7618167791291448
193891,35.23444,-120.6178,woody perennial crop,2565,1.008137512133373
243448,34.99075,-118.85103,woody perennial crop,3975,0.6695467361993827
550187,38.41307,-122.1161,woody perennial crop,2781,1.257466038347948
389606,39.79431,-122.11226,woody perennial crop,3630,0
299490,38.56875,-122.62451,woody perennial crop,3776,0.6128348350914667
548109,36.01225,-119.0479,woody perennial crop,1787,0.6278617069972343
182838,38.55644,-121.95768,woody perennial crop,2843,0.8521754730800908
313600,37.61332,-121.06801,woody perennial crop,4162,0.9319162036536526
581738,38.60077,-122.88444,woody perennial crop,4607,0
218876,33.48528,-116.14592,woody perennial crop,3514,0.3798852273732093
403192,38.79257,-123.00717,woody perennial crop,2971,0.40199691874890225
96953,38.67371,-122.93606,woody perennial crop,3865,0
225711,38.97113,-122.07691,woody perennial crop,4088,0.6091347427350677
446834,37.65564,-121.08027,woody perennial crop,3323,0.8733274296796786
179102,35.58289,-119.21639,woody perennial crop,3062,0.7489673130039824
368952,38.38359,-122.30004,woody perennial crop,3591,0.7739021693093433
313101,33.27275,-117.00251,woody perennial crop,420,0.5348341397803874
219100,33.33924,-117.18165,woody perennial crop,3007,0.31655982488258455
233260,36.59782,-119.72884,woody perennial crop,2884,0.3523167932997524
526164,39.63274,-121.90057,woody perennial crop,205,0.7639555734502744
537310,39.47269,-121.4872,woody perennial crop,402,0.809145904675289
495155,36.94872,-121.71408,woody perennial crop,689,0.9278709932308946
212091,37.32015,-120.39374,woody perennial crop,361,0.33159469902200117
373161,36.25995,-119.24118,woody perennial crop,3396,0.7628530190293636
542230,38.33902,-122.20989,woody perennial crop,3048,0
559442,35.55877,-120.61581,woody perennial crop,4415,0.3984206248041622
462058,37.38014,-120.79379,woody perennial crop,589,0.7694669526143386
165956,39.05258,-123.37868,woody perennial crop,4733,0.8097314090989888
204911,35.48429,-120.85459,woody perennial crop,1750,0
110126,35.08872,-118.9043,woody perennial crop,3203,0.5718809737770604
547629,37.78756,-120.91669,woody perennial crop,131,0.7835779173318959
35884,35.48848,-119.62973,woody perennial crop,1979,0.8394680888043176
123394,36.7024,-119.44306,woody perennial crop,1102,0
409467,36.76942,-119.99965,woody perennial crop,1027,1.484570714000663
421966,35.94192,-119.01933,woody perennial crop,2037,0.9188117054441692
203896,36.7302,-119.53163,woody perennial crop,2823,0
495238,38.2256,-121.82771,woody perennial crop,1489,0
413803,38.13255,-121.16786,woody perennial crop,735,1.391263209332745
350908,36.20261,-119.07192,woody perennial crop,4655,0.3585238960587787
528463,36.31661,-119.13847,woody perennial crop,4178,0.484192951634736
9893,39.7943,-121.94653,woody perennial crop,2495,1.147755486309594
47075,36.65651,-119.32196,woody perennial crop,2407,0.4531798833898162
540135,36.59387,-120.2105,woody perennial crop,3133,0
138666,36.49474,-119.77091,woody perennial crop,2033,0.7198264828787566
544438,33.43625,-116.0717,woody perennial crop,702,0.5513197598088816
55717,37.08102,-120.15175,woody perennial crop,3003,0.26432536752287306
29188,36.37977,-119.66902,woody perennial crop,1307,1.2130106220392038
291414,36.39563,-119.63128,woody perennial crop,4135,0.9243504199727921
427236,38.31932,-122.23266,woody perennial crop,3780,0.5334676807039095
38203,38.75508,-122.94488,woody perennial crop,1539,0.7097880242977669
589304,33.03191,-115.70357,woody perennial crop,2983,0.9541578592788068
549789,36.00081,-119.03021,woody perennial crop,4534,0
550969,36.6344,-119.4641,woody perennial crop,2807,0.7921192786216266
177665,36.90775,-120.02716,woody perennial crop,2051,0.27129884261303017
152695,39.20233,-121.66852,woody perennial crop,1718,0.8333828129493179
190690,38.98811,-122.8244,woody perennial crop,434,0.8449671744377154
163476,36.20809,-119.06536,woody perennial crop,283,0.4052910028233873
480564,36.47262,-121.48663,woody perennial crop,3029,0.4764611877820997
328512,33.68864,-114.64271,woody perennial crop,3357,1.0112593342993423
439587,39.12694,-122.22946,woody perennial crop,1972,0.4723299793823435
485584,36.16776,-119.00845,woody perennial crop,3749,0.8493461024073641
60287,37.54213,-120.90457,woody perennial crop,295,0.7376439633693586
516070,35.9915,-119.10387,woody perennial crop,263,0.8585018961751547
415718,38.33734,-122.5309,woody perennial crop,1337,0.5427491088819725
121712,34.32283,-119.13241,woody perennial crop,1246,0.5389083158590604
378829,36.21703,-119.02361,woody perennial crop,895,1.0566658576212098
386837,33.62382,-116.22792,woody perennial crop,2531,0
295997,35.10948,-118.9449,woody perennial crop,346,0.43542892016633494
448770,36.83501,-120.069,woody perennial crop,3431,0.8378717630930138
289668,37.723,-121.01027,woody perennial crop,3096,1.0184115331141177
307692,34.12357,-118.78392,woody perennial crop,603,0.6389281250714782
450146,39.01482,-122.90172,woody perennial crop,2865,0
436960,34.18785,-119.14755,woody perennial crop,3108,1.129328931738604
491156,34.45469,-119.88845,woody perennial crop,1795,1.1402106744541185
390806,35.22948,-120.60983,woody perennial crop,3822,2.5603597917697503
402983,36.45572,-120.31438,woody perennial crop,51,1.111588430617214
562776,35.77489,-119.10016,woody perennial crop,4113,0
414424,36.48037,-119.24982,woody perennial crop,3018,1.3536440596253996
276425,36.15599,-120.00842,woody perennial crop,2894,0.5006230795854226
192528,38.32843,-121.29384,woody perennial crop,3540,0.978297377085084
339576,36.4793,-119.75977,woody perennial crop,4686,0.479892436620458
153622,38.47691,-122.16231,woody perennial crop,241,0.8769235730615962
347094,38.33876,-122.50144,woody perennial crop,4469,0.7793669665359967
551061,37.58838,-120.78666,woody perennial crop,510,0.5658245607003167
593919,36.0159,-119.01552,woody perennial crop,897,0.7832647700689813
519121,36.60447,-119.66563,woody perennial crop,1453,1.0092469789900016
346377,35.74981,-120.56554,woody perennial crop,3946,0.5472243717057048
125853,36.92861,-119.82349,woody perennial crop,2107,0
14327,37.82477,-121.49414,woody perennial crop,595,1.5927195034742978
492667,35.64031,-120.55317,woody perennial crop,221,0.6232931113306269
151514,38.45613,-122.36831,woody perennial crop,4103,0.45876802724341975
417930,38.06205,-121.46386,woody perennial crop,3637,0
10279,36.04126,-120.01718,woody perennial crop,3049,0
114111,34.30279,-118.94703,woody perennial crop,140,0.753914401331047
345889,34.31607,-118.95766,woody perennial crop,4540,0.5977618571679578
17951,37.07765,-120.47697,woody perennial crop,4715,0.8808997643236909
274791,36.277589999999996,-119.13524,woody perennial crop,1798,0.5726857401532937
81273,38.29396,-122.24414,woody perennial crop,1941,0.6769615834301564
596806,37.44403,-120.62858,woody perennial crop,2548,1.2827597019110988
245076,37.8631,-121.29613,woody perennial crop,1893,0
198231,39.07809,-123.16054,woody perennial crop,201,0.8613980443301142
602533,38.77013,-120.86643,woody perennial crop,1191,0
29161,39.41894,-122.01885,woody perennial crop,3934,1.271367014009318
108822,35.51133,-119.44151,woody perennial crop,2285,0.9791834451852726
258125,39.72683,-122.01929,woody perennial crop,4373,0.980903347903761
66789,38.0582,-121.49818,woody perennial crop,2479,1.5063457052597937
600680,34.41163,-118.95658,woody perennial crop,469,0
143454,37.81946,-121.13764,woody perennial crop,1277,0.6483326467400482
34943,36.38406,-119.19392,woody perennial crop,684,0.47786016690535793
249805,35.54112,-119.74584,woody perennial crop,1526,0
585019,36.56256,-119.80207,woody perennial crop,2494,0.6690921620020658
150179,37.05673,-120.16319,woody perennial crop,1066,0
119708,36.67482,-119.43538,woody perennial crop,3952,0.9581556583054951
200598,37.66348,-120.78483,woody perennial crop,675,0.8091299869345673
174007,36.79872,-119.94999,woody perennial crop,1818,1.1650497041037495
281349,37.72991,-121.76428,woody perennial crop,389,1.234414039568878
512473,34.39802,-119.49563,woody perennial crop,3226,0
484204,34.38759,-119.01111,woody perennial crop,849,0.5576425379333014
399684,35.60065,-120.80534,woody perennial crop,439,0.6289891860677288
571712,38.32922,-122.23198,woody perennial crop,4386,0.7656452028237083
367261,39.07729,-121.67429,woody perennial crop,4822,0.5101574137394158
182186,36.37411,-119.44562,woody perennial crop,1854,0.5048960370138563
203367,37.35441,-120.78491,woody perennial crop,2395,0.537572194911382
276534,39.15347,-121.71348,woody perennial crop,691,1.1802432571856303
95892,34.65015,-119.99739,woody perennial crop,28,0.711951585670454
382683,36.55562,-119.24422,woody perennial crop,2252,1.0795632852137886
95863,37.24531,-121.04008,woody perennial crop,4161,0.7135995523652269
448990,37.85016,-121.25147,woody perennial crop,3774,0
224758,36.7347,-119.92884,woody perennial crop,3335,0
489618,38.47126,-121.23311,woody perennial crop,1148,0.7951534634396767
326931,36.28617,-119.26736,woody perennial crop,2307,0.345759191456137
339821,36.96436,-121.73939,woody perennial crop,1547,0
565150,36.19936,-120.15534,woody perennial crop,3262,0.6788975773647162
372153,38.38753,-121.16996,woody perennial crop,2172,0.8284383368334582
493309,37.72119,-120.62129,woody perennial crop,1331,0.8864303322872846
138645,36.64156,-119.48018,woody perennial crop,4336,1.1615594658364792
32132,40.32773,-122.20512,woody perennial crop,4737,0.8889383153782714
555701,36.53781,-119.36372,woody perennial crop,2623,0.4967672631510248
364518,34.23071,-119.14307,woody perennial crop,98,0.902579096580695
362871,39.68576,-121.86842,woody perennial crop,1549,0.4987768982645928
526630,34.82385,-118.24195,woody perennial crop,1233,0
212098,35.97331,-119.02365,woody perennial crop,4240,0.6225232849195543
446997,37.0671,-120.32654,woody perennial crop,1236,0.5501103120127043
415600,36.31074,-121.31413,woody perennial crop,306,0.48868498252486336
567854,36.29486,-120.1893,woody perennial crop,4071,0.7725750040482695
92360,36.25178,-120.00812,woody perennial crop,2731,0.6842561031838809
378742,34.90916,-119.53718,woody perennial crop,2445,1.3329115930542417
320667,36.37512,-119.2191,woody perennial crop,1462,0.4327597218715512
126090,34.38127,-119.43599,woody perennial crop,3818,0.6237896681763857
106498,37.85151,-121.15755,woody perennial crop,3382,0.7513092032010169
126671,37.66528,-121.07347,woody perennial crop,1861,0.8378626379868416
486739,36.57846,-119.75418,woody perennial crop,2065,0.7336369147653515
128470,36.72479,-120.04035,woody perennial crop,411,0.4026868958787682
298200,38.7319,-122.51773,woody perennial crop,625,0.6369614054582278
36420,35.74123,-119.02959,woody perennial crop,3464,0.7342916628276821
437800,36.36738,-119.45973,woody perennial crop,2386,0.5614300256993856
497701,35.10398,-119.27139,woody perennial crop,4519,0.6361163518919037
591256,33.256100000000004,-117.1022,woody perennial crop,2993,0.6419464910802454
73490,35.41393,-119.41989,woody perennial crop,3884,0.5960570968608473
60543,39.38588,-121.67729,woody perennial crop,1484,1.1779583324226883
327397,37.94704,-121.06861,woody perennial crop,2580,0.4988093854250376
225145,37.14794,-120.4044,woody perennial crop,2868,0.5501149933753259
229807,36.28826,-119.46371,woody perennial crop,2577,0.6102174791998259
353534,35.91912,-119.25549,woody perennial crop,3773,0.93495292855713
402555,35.85029,-119.22021,woody perennial crop,3792,0.44639913516956464
10803,38.27304,-121.12757,woody perennial crop,1939,0
228215,34.39712,-118.76377,woody perennial crop,2974,1.540507268683358
200660,36.68843,-119.66051,woody perennial crop,89,0.4422149554886674
375527,35.97547,-118.96247,woody perennial crop,3245,1.452855339436696
197686,38.51808,-122.52796,woody perennial crop,1655,0.5245093732777206
506459,36.88486,-121.67827,woody perennial crop,3893,0.81362604224269
508004,36.55339,-119.67035,woody perennial crop,4501,0.7954522853785287
519090,38.41867,-122.5266,woody perennial crop,2007,0.8962041894185634
405918,36.9183,-120.30278,woody perennial crop,473,0.9198934931266358
106323,36.33999,-121.31678,woody perennial crop,4287,0.5747540186724456
350921,38.20991,-121.61463,woody perennial crop,3678,0
12491,38.32779,-121.5823,woody perennial crop,1152,0
252953,39.03405,-123.34845,woody perennial crop,3462,0.5499898963726827
251234,35.85222,-119.17787,woody perennial crop,4114,1.217010869654422
352938,36.11699,-119.03181,woody perennial crop,4025,0.4625128951757821
242020,34.24027,-118.9473,woody perennial crop,2814,0.6273778482268854
499881,38.41261,-122.52876,woody perennial crop,2,0.4681686577410043
142424,36.84599,-119.93381,woody perennial crop,637,0.4776029042909975
338913,38.48365,-122.42191,woody perennial crop,4335,1.1302895283329373
104951,36.60626,-120.55539,woody perennial crop,1324,0.6368176488942144
598685,36.28178,-119.27637,woody perennial crop,3704,0.43619944612582756
223400,36.26853,-119.2948,woody perennial crop,96,0.7069490532107181
11084,38.68383,-122.85991,woody perennial crop,149,0.9047143864257925
215994,36.41145,-120.39187,woody perennial crop,3504,1.0661491025132532
11089,34.40316,-118.86,woody perennial crop,1313,0
363861,39.04461,-122.94795,woody perennial crop,1230,0
272847,35.15488,-118.81353,woody perennial crop,699,0.46295197046721176
71804,36.11893,-121.09944,woody perennial crop,2631,0.7722650851478315
225251,34.2587,-119.02688,woody perennial crop,665,0.8830460513154649
279813,35.99885,-119.1658,woody perennial crop,2046,0.8469935764147442
99186,36.33287,-119.14975,woody perennial crop,3857,0
301411,36.32533,-119.12717,woody perennial crop,335,0.41331970451639743
218146,39.24526,-122.03368,woody perennial crop,4573,0.5077398382040605
273387,39.80336,-121.90075,woody perennial crop,2729,0
572288,39.34801,-121.57537,woody perennial crop,1674,0.9573863231032752
358470,38.60323,-122.37638,woody perennial crop,4433,0.47236678250530517
311356,36.0268,-119.03838,woody perennial crop,4186,0.6482316170505342
581858,35.82358,-119.23123,woody perennial crop,1493,0.444406371117711
27690,36.81974,-120.08881,woody perennial crop,1108,0.3406790343119086
296944,37.70934,-120.68728,woody perennial crop,74,0.6149271948255484
227997,36.95193,-120.17715,woody perennial crop,600,0.6467413839928174
229545,36.41488,-119.06315,woody perennial crop,2351,0.58615800614904
571442,34.76646,-118.59363,woody perennial crop,740,0
475407,36.26025,-119.0972,woody perennial crop,4174,0.3800766181875994
426174,36.36318,-121.35022,woody perennial crop,796,0.7536008726626484
493875,35.61061,-119.35147,woody perennial crop,3662,0
311024,37.7922,-121.08798,woody perennial crop,2195,0.7912051540879077
276739,38.80081,-121.41775,woody perennial crop,3944,0
321886,36.36113,-119.23636,woody perennial crop,1144,0.385210972747306
510696,39.29718,-121.58169,woody perennial crop,2831,1.0393111980886423
201851,39.17335,-123.19206,woody perennial crop,2957,1.0645173954786473
284891,37.10093,-120.04185,woody perennial crop,2728,0.6810888743578599
553808,39.27796,-121.52662,woody perennial crop,3407,1.2859632800488707
231330,39.57029,-122.24597,woody perennial crop,2905,0.896213339375117
571971,38.27869,-122.51291,woody perennial crop,1150,0.4626635690839187
319133,37.90524,-121.76589,woody perennial crop,3951,0.8994765148922343
171415,35.76413,-119.19745,woody perennial crop,1306,0
206224,38.38853,-122.93674,woody perennial crop,4745,0.4772219231459105
348475,36.37607,-119.26642,woody perennial crop,1154,0.31364867974635813
159061,36.84751,-120.104,woody perennial crop,4797,0.9114364360340296
234184,36.98061,-121.81015,woody perennial crop,521,1.2645158269601315
50691,39.28973,-121.66156,woody perennial crop,1729,0.5194076929550945
356490,33.54249,-117.01677,woody perennial crop,2039,0.7358806028721608
46654,37.38768,-120.58917,woody perennial crop,3819,1.14636986715488
167946,35.72818,-120.5659,woody perennial crop,1974,0.9086169317784665
41167,35.63348,-119.10942,woody perennial crop,4317,0.7620573492936535
182949,37.42024,-120.65503,woody perennial crop,4198,1.1897267087058332
575831,38.21483,-122.46541,woody perennial crop,4439,0
248658,33.2412,-116.98848,woody perennial crop,3556,0.6483588446785966
157607,37.51948,-121.16905,woody perennial crop,4279,1.3783507084045046
214432,34.41518,-118.85405,woody perennial crop,660,1.188390821543473
573153,37.92079,-121.00707,woody perennial crop,2384,0
354877,35.45145,-119.47711,woody perennial crop,2745,0.4999160352639637
55419,36.54931,-119.86658,woody perennial crop,2813,0.40422347126310393
125228,35.98791,-119.1153,woody perennial crop,1427,0
301519,36.48794,-119.54503,woody perennial crop,3621,0.47687446795279353
324310,36.9712,-120.33716,woody perennial crop,3686,0.6754970887631977
206667,38.7773,-121.49345,woody perennial crop,2152,0
235802,35.48443,-119.14267,woody perennial crop,2924,0.47879715820302043
59844,37.53885,-120.88209,woody perennial crop,1873,0.4295901921716084
243741,37.98335,-121.22531,woody perennial crop,3044,0.699614205115791
32453,35.81608,-119.14105,woody perennial crop,2848,1.1862018491844044
492303,38.32512,-122.50632,woody perennial crop,833,1.280922310576669
127036,37.61172,-121.06075,woody perennial crop,1134,0.9519361421466692
437143,38.47271,-122.84715,woody perennial crop,3672,0.8289663858331369
487819,40.05888,-122.09747,woody perennial crop,1913,1.1406071432823304
395725,36.4157,-120.40369,woody perennial crop,3183,1.373570318094281
17046,37.26036,-122.37929,woody perennial crop,533,1.5605427416209736
12026,36.63632,-119.59067,woody perennial crop,2030,0.7958557974739199
47092,36.21626,-119.1386,woody perennial crop,142,0.7057747042250886
494270,36.53035,-119.35557,woody perennial crop,867,1.2013611041472398
532937,36.81276,-120.59126,woody perennial crop,4680,1.310660987199532
180319,36.56468,-119.2793,woody perennial crop,1621,0.45272191915912374
371139,34.47955,-119.29727,woody perennial crop,2248,1.3772377579239636
267910,35.56565,-120.51948,woody perennial crop,4152,0.7758492114041284
224615,38.4362,-122.3966,woody perennial crop,4005,0.4950470166477637
69614,36.97785,-119.7379,woody perennial crop,2705,0.5599746614138829
553889,38.03992,-120.97442,woody perennial crop,1347,0.54246549638357
424540,39.00829,-122.85446,woody perennial crop,2909,1.4002920819773141
11665,35.13695,-118.84025,woody perennial crop,2651,1.238957055480553
309543,34.89172,-120.41536,woody perennial crop,97,0
224712,36.01329,-119.20285,woody perennial crop,669,0.5811541915907331
147640,36.9369,-121.74966,woody perennial crop,2274,0.596406110462238
172644,37.76413,-121.22541,woody perennial crop,4526,1.2944274564443183
61489,38.42326,-122.33358,woody perennial crop,4267,0.7368740299025738
61430,33.33541,-116.99255,woody perennial crop,746,1.1918745979452914
61218,39.67777,-121.87956,woody perennial crop,2224,1.0788572146128086
289473,34.37503,-118.99577,woody perennial crop,3228,0.445869825179121
423205,36.18433,-119.42971,woody perennial crop,3689,0.8236546956779996
122025,38.54389,-122.50689,woody perennial crop,1849,0
567452,38.05531,-121.19632,woody perennial crop,1048,0.904348661770174
485636,35.21547,-120.60508,woody perennial crop,2215,0.8270612600229628
503369,38.49865,-122.45002,woody perennial crop,1911,0
282355,38.59207,-122.86632,woody perennial crop,2743,0.9247111564496131
56534,38.26528,-122.08634,woody perennial crop,2448,0.6416017663392533
363634,35.2541,-119.00654,woody perennial crop,2208,0
154265,36.95806,-120.44167,woody perennial crop,2788,0.9373506629973054
534092,36.51022,-119.36673,woody perennial crop,2790,0.9467697196480814
561460,36.854,-120.04411,woody perennial crop,1527,0.8474298834735078
469960,36.75966,-119.58094,woody perennial crop,2257,0
544394,37.57005,-120.76438,woody perennial crop,1998,0.6149499389059119
478200,36.02407,-119.01842,woody perennial crop,2757,0.5697858874958548
27709,36.55829,-119.47152,woody perennial crop,4747,0.3861682826212635
55365,33.2925,-116.96153,woody perennial crop,1897,0.7353903968806238
335692,37.35007,-120.8153,woody perennial crop,3528,1.467288886655859
478523,36.96187,-120.12269,woody perennial crop,2045,0
11909,33.14598,-117.26277,woody perennial crop,3908,0
36423,36.3696,-121.32644,woody perennial crop,4590,0.6386680171602351
278840,33.44452,-116.85792,woody perennial crop,3405,0.5615669802766164
557774,39.19562,-121.64428,woody perennial crop,4580,0
94994,37.0638,-120.26022,woody perennial crop,2456,0.4550944855516344
465215,37.04528,-120.41253,woody perennial crop,1014,0.9116138932531721
148811,35.52024,-120.46869,woody perennial crop,3176,0.7859839798303573
454747,36.3263,-119.73922,woody perennial crop,2026,0.8290357189712019
597319,37.30906,-120.41049,woody perennial crop,1161,0.900879006737318
444322,36.06642,-119.34193,woody perennial crop,2611,1.2361594979280552
145907,36.53632,-119.26622,woody perennial crop,1402,0.2867731305512629
574452,39.03966,-123.16937,woody perennial crop,2288,0.5723909520169662
276423,36.77704,-120.11209,woody perennial crop,3896,0.39234172934964007
209736,36.68723,-120.40119,woody perennial crop,4702,1.435526995245387
207768,36.00111,-120.89415,woody perennial crop,1999,0.9085012359278886
493809,39.18665,-121.51192,woody perennial crop,2763,0.8995128827836548
229728,38.46608,-122.42437,woody perennial crop,1011,0.3852037330299532
555586,36.59251,-119.58951,woody perennial crop,1488,0.5504034782184877
556911,39.0957,-122.18052,woody perennial crop,425,0.4357484138441289
576567,37.83946,-121.34032,woody perennial crop,2920,1.428023239861669
12128,39.58784,-122.25688,woody perennial crop,2787,0.9685910870310791
502574,37.92268,-120.86528,woody perennial crop,3223,0.7455223618003678
12144,36.4092,-119.13719,woody perennial crop,4744,0.9065872431442485
549372,38.2933,-121.55499,woody perennial crop,2110,0.9110633488434774
497404,35.74573,-120.59624,woody perennial crop,3926,0.8877914816353177
72763,35.61462,-120.82507,woody perennial crop,4225,0.39940482894427165
273597,35.6223,-120.80798,woody perennial crop,409,0.5616756696089141
328785,37.0431,-121.61364,woody perennial crop,4755,0.5632798625647886
163533,38.10378,-121.46026,woody perennial crop,3659,1.638913743098117
422696,36.73385,-119.54856,woody perennial crop,2482,0.47753691558538347
80289,36.49043,-119.26744,woody perennial crop,4015,1.3902435658380656
352570,35.82311,-119.25654,woody perennial crop,3508,1.2041839977097883
571969,35.28625,-118.89548,woody perennial crop,2358,0.89411933603522
501877,39.8853,-122.2034,woody perennial crop,1971,0.3303097764651449
569855,39.70889,-122.14198,woody perennial crop,1690,0.9187523001280314
553838,37.00742,-120.21253,woody perennial crop,1214,0.18978287247026576
508776,36.46487,-119.86704,woody perennial crop,1392,0.4329561035571851
66748,36.83294,-120.26587,woody perennial crop,1341,0.5916339498741157
390249,35.16369,-118.81035,woody perennial crop,752,0.8273810474743154
433327,37.97836,-121.43097,woody perennial crop,1654,1.5498096394746332
580717,35.79222,-119.28047,woody perennial crop,4798,0.48789712400603713
496164,35.83591,-119.21124,woody perennial crop,2581,0.589302648531208
56624,36.23164,-119.52686,woody perennial crop,2338,0.40588431952843834
271035,36.57441,-119.80553,woody perennial crop,3914,0.42207484504551257
351718,35.65995,-119.95209,woody perennial crop,4441,1.118402744966059
561612,35.60072,-119.66777,woody perennial crop,865,1.1909607702769809
209714,35.58173,-120.70723,woody perennial crop,2556,1.2672640199686185
18152,34.16944,-119.04268,woody perennial crop,2123,0.9270218343145926
402924,34.91924,-120.29172,woody perennial crop,3577,0.9116136065888002
583817,35.7073,-120.73167,woody perennial crop,1435,0
271306,36.2508,-119.1315,woody perennial crop,2400,0.910119544060027
501477,38.31401,-122.69753,woody perennial crop,1625,0.8087404570527968
601385,36.45056,-119.45457,woody perennial crop,4077,1.2049820344747693
546323,36.85007,-120.0662,woody perennial crop,267,0.5053876224675374
410418,38.71303,-122.98133,woody perennial crop,4153,0.4418179445628813
46623,35.5645,-120.77817,woody perennial crop,4244,0.9386889588269051
551058,35.96691,-119.00689,woody perennial crop,1572,0.8403056240673694
321429,38.49263,-120.82025,woody perennial crop,122,1.321487420693284
563156,39.04726,-122.10254,woody perennial crop,1841,0.2798687762118169
405410,33.11951,-117.02443,woody perennial crop,544,0.6770024467476768
241182,38.05088,-121.49316,woody perennial crop,92,0
288232,36.45817,-119.56953,woody perennial crop,4711,0.5172097507522577
112211,38.49052,-122.78074,woody perennial crop,4584,0.64115399227238
395587,38.5348,-122.78032,woody perennial crop,3655,0.42823006468216074
473668,33.66559,-116.21272,woody perennial crop,163,0
453772,36.9982,-120.2435,woody perennial crop,259,0.9988857024116788
481242,36.55634,-119.48211,woody perennial crop,4297,0
128706,37.64011,-121.78871,woody perennial crop,3925,0
538621,36.82561,-121.35738,woody perennial crop,1075,0.7882245540366212
35090,38.23018,-121.3295,woody perennial crop,4311,0.9356913580316781
137631,34.43146,-118.92887,woody perennial crop,2886,0.872674497886357
29587,35.55376,-119.17016,woody perennial crop,1289,0.9877715888688393
505765,35.79222,-119.27154,woody perennial crop,939,0.8894078250947025
454236,36.00812,-119.18933,woody perennial crop,3299,0.3507528563063032
127250,36.66402,-119.84221,woody perennial crop,266,0
285472,33.4472,-117.22155,woody perennial crop,2393,0.7269246557310073
106310,34.1527,-119.07384,woody perennial crop,4333,1.3179725224011167
492443,38.44446,-122.80022,woody perennial crop,1703,0.4771142343721991
248094,38.10792,-121.11722,woody perennial crop,4040,0.7472434176616125
550270,36.57084,-119.45176,woody perennial crop,3684,0.37080023589157285
325669,35.84667,-119.11888,woody perennial crop,3947,0
198515,35.66285,-120.76748,woody perennial crop,2405,0.8887083106615655
599937,35.25113,-118.78627,woody perennial crop,3949,0.8849830662251379
294926,37.83371,-120.82978,woody perennial crop,4559,0.697963358667201
340946,38.33907,-121.14768,woody perennial crop,1104,0.635851252290942
376386,36.3847,-119.05221,woody perennial crop,3484,0.5968238726915442
194442,39.61004,-122.25416,woody perennial crop,2265,0
393471,36.94728,-120.17794,woody perennial crop,2269,0.9049523476303379
385864,34.42965,-119.1862,woody perennial crop,1865,0
13157,35.03032,-118.95682,woody perennial crop,4581,0.9976530818129218
431592,33.20924,-117.16498,woody perennial crop,390,0.7816996096003941
14956,36.60424,-119.24576,woody perennial crop,827,0
306567,33.32768,-116.96972,woody perennial crop,2613,0.39713356377494147
182920,34.6696,-120.39991,woody perennial crop,1613,0.630024660825224
228688,35.75791,-119.14849,woody perennial crop,943,0.4399370818030482
520619,35.46505,-119.12196,woody perennial crop,4825,0.8099474851982605
591147,35.65451,-119.23101,woody perennial crop,763,0.784039306035493
588675,38.03001,-121.02961,woody perennial crop,3536,0.5465034934761053
13023,36.88222,-120.0082,woody perennial crop,957,0.6779763209509653
387433,36.08836,-118.99417,woody perennial crop,13,0.34761366524269754
423196,39.89313,-122.2078,woody perennial crop,1447,1.3681588625856345
498274,37.24116,-120.21292,woody perennial crop,1867,0.5193506419099382
446213,37.55026,-121.02241,woody perennial crop,719,0.5968373199410962
220795,35.61728,-120.35314,woody perennial crop,1691,1.5885111713073043
46699,37.85986,-121.49145,woody perennial crop,945,1.1087225646789487
34094,37.8785,-120.8732,woody perennial crop,179,0.8412211493537519
13112,38.42864,-122.3615,woody perennial crop,3070,0.5431898534543869
428755,38.47586,-122.44208,woody perennial crop,3485,0.7920820879617197
568844,36.07543,-119.16665,woody perennial crop,2635,0.9694660315666725
389285,35.75958,-119.1952,woody perennial crop,1650,0.4114371677970752
149993,36.39772,-119.80201,woody perennial crop,546,0.6284304792971095
378158,38.04239,-121.08011,woody perennial crop,3840,0.8469531109495848
125574,36.52474,-119.36647,woody perennial crop,4810,0.7850000434950576
520668,35.85735,-119.14238,woody perennial crop,4266,0.8206011480273959
487852,35.96621,-119.26944,woody perennial crop,2289,0.9193972195344461
535284,36.55125,-119.31054,woody perennial crop,2887,1.2600024397761878
516583,39.13748,-123.1716,woody perennial crop,885,0.6339670933829749
156639,36.63985,-119.58748,woody perennial crop,3392,0.841944846831863
176522,38.26766,-121.53846,woody perennial crop,772,0.5843639917258817
138728,36.31883,-119.82234,woody perennial crop,1077,0.5283323316532562
164113,37.24552,-120.33166,woody perennial crop,3011,0.952437576328522
271522,38.66435,-122.93602,woody perennial crop,109,0.6717096631026483
438140,36.7328,-120.47135,woody perennial crop,655,0
470487,39.32399,-121.66534,woody perennial crop,3768,0.826282956389869
149806,37.6728,-121.12576,woody perennial crop,220,0.6239027172851337
13379,41.97776,-120.29649,woody perennial crop,3194,0
186543,36.36581,-121.30646,woody perennial crop,1661,0.6884612989749491
304593,34.50227,-115.51929,woody perennial crop,3174,1.4677962670581208
90097,34.38647,-119.45079,woody perennial crop,3794,0
30243,39.70915,-121.90315,woody perennial crop,4066,0.551628661841226
408799,35.59105,-120.7818,woody perennial crop,1181,0.9383222281607361
86563,38.57899,-122.62366,woody perennial crop,3690,0.5890731315592871
509847,35.99011,-119.27242,woody perennial crop,791,0.9077625408738876
262522,33.4605,-116.10942,woody perennial crop,4488,1.0680173539772615
312552,34.50459,-115.51621,woody perennial crop,1786,1.4980478302667104
524075,39.68853,-122.33712,woody perennial crop,412,0
58224,39.15493,-122.28416,woody perennial crop,1636,0.7294546478026503
541815,35.88231,-119.33769,woody perennial crop,2044,0.6189678600848204
59723,35.89753,-119.02952,woody perennial crop,946,0.5233729428670593
398683,33.21383,-117.00753,woody perennial crop,3886,0.5866326222213899
383941,37.63612,-120.83451,woody perennial crop,88,0.8261666959388182
186196,35.08265,-118.91972,woody perennial crop,4053,0.7436975933031273
217876,36.41068,-119.06911,woody perennial crop,587,0.8570287948552427
529924,36.47659,-119.951,woody perennial crop,2228,0
406305,36.54602,-119.31701,woody perennial crop,4394,0.4812694068234135
384060,33.56988,-116.99855,woody perennial crop,2437,0
497765,36.85036,-120.39406,woody perennial crop,3882,0.7243894912222958
277744,39.79437,-122.21358,woody perennial crop,2949,0
492618,39.81613,-122.17386,woody perennial crop,1678,0.6915899422743128
233038,37.57832,-121.01141,woody perennial crop,1426,0.9607637329997475
501769,36.47637,-119.16855,woody perennial crop,1175,0.5671070978476174
257680,35.26288,-118.77299,woody perennial crop,1744,0.46017739116689077
517760,35.99722,-119.22168,woody perennial crop,726,1.01786921234015
336126,39.06511,-123.19865,woody perennial crop,1647,0.912003760192541
393329,36.81609,-121.29009,woody perennial crop,217,0
98341,38.51358,-121.91125,woody perennial crop,1264,0.7375554808040498
485603,38.54004,-121.93539,woody perennial crop,2670,0.8796620696287001
62696,39.48866,-121.45836,woody perennial crop,3904,0.8843137059281433
375486,34.39865,-118.98735,woody perennial crop,4635,0
68244,38.17613,-121.2891,woody perennial crop,499,0
366963,37.39221,-120.69733,woody perennial crop,2735,0.45240836435724047
568418,34.86126,-120.37149,woody perennial crop,3744,0.9370559422406644
330765,36.18023,-120.07181,woody perennial crop,2715,0
480568,36.6898,-119.38683,woody perennial crop,3480,0
260201,36.50286,-119.49577,woody perennial crop,1670,0.34087659272699533
56071,37.71186,-120.98751,woody perennial crop,3402,0.7590518084793245
128829,34.39665,-118.86377,woody perennial crop,1959,0.409088787852998
192957,37.85442,-121.33175,woody perennial crop,4404,1.1770542637020838
33705,39.17065,-121.90972,woody perennial crop,898,1.2124500556329056
171131,36.86134,-119.59959,woody perennial crop,4247,1.1119518020241705
273629,36.58822,-119.87526,woody perennial crop,4137,0.4257298913724904
229060,34.79221,-120.42374,woody perennial crop,4462,1.1014049363942708
25878,37.8175,-120.75094,woody perennial crop,1079,0.4587657373833859
551015,38.51455,-120.82212,woody perennial crop,2232,1.0721462088567135
118295,36.08167,-119.58524,woody perennial crop,48,0.8675028299505101
443312,38.59249,-122.83526,woody perennial crop,2561,0.40245938338274206
589683,37.92907,-121.17063,woody perennial crop,1398,0.8277425579392323
296824,35.54263,-120.56697,woody perennial crop,672,0.41700075911522966
13993,36.6014,-119.36384,woody perennial crop,565,0.49504106001262826
198311,38.21927,-122.33481,woody perennial crop,4543,0.5860172891999924
101017,33.50008,-117.29691,woody perennial crop,508,0.5399397891226315
131511,35.07152,-119.12459,woody perennial crop,1167,0.7229664449849
435740,35.66227,-119.08487,woody perennial crop,4611,0.784836814707321
504300,36.28157,-119.16915,woody perennial crop,237,0
564373,36.91532,-120.48867,woody perennial crop,2302,0.7420896279297493
366517,40.13161,-122.13138,woody perennial crop,4353,0.4990986744669989
365443,32.79374,-114.55739,woody perennial crop,912,1.0920808127811765
38865,33.09157,-115.75058,woody perennial crop,709,0
265569,39.02103,-121.66613,woody perennial crop,4158,0.5466273715030774
17917,37.14531,-121.04011,woody perennial crop,2222,1.2312872578983778
64139,39.22225,-122.03548,woody perennial crop,3037,0.5773521623309645
106609,38.09556,-121.32119,woody perennial crop,2520,1.168749098551555
303538,36.90499,-119.99867,woody perennial crop,4588,1.2839915447894703
213240,38.9993,-122.61586,woody perennial crop,4271,0.7120780721902761
212344,36.39503,-119.27098,woody perennial crop,4431,0.5009104865566638
340943,36.5712,-119.24024,woody perennial crop,1122,0
41516,36.90323,-119.94536,woody perennial crop,679,0.8613237538754044
433862,37.43436,-120.54537,woody perennial crop,3376,0.8153216962315724
284726,38.65801,-123.06944,woody perennial crop,4024,0.44530799707824553
533825,36.65228,-119.33358,woody perennial crop,1037,0.7045219001038477
102550,38.45202,-121.51847,woody perennial crop,1652,0
498542,35.59918,-120.63335,woody perennial crop,4084,0.3462387181896522
14305,38.77573,-122.9981,woody perennial crop,1869,1.0535550553724713
357817,36.20899,-119.73716,woody perennial crop,3956,0.9476812402771562
247756,33.47228,-117.27849,woody perennial crop,1458,0.8546025365351002
211006,38.2416,-121.50158,woody perennial crop,876,0
351213,38.70064,-122.96865,woody perennial crop,1618,0.4057567642107193
385629,34.79166,-120.31415,woody perennial crop,2777,0.48777664434594015
192346,36.1146,-119.41673,woody perennial crop,3475,1.2064813083361225
212075,36.13745,-119.04317,woody perennial crop,904,0
56749,37.81221,-121.03144,woody perennial crop,1724,1.5964332741399674
481999,38.32419,-121.19016,woody perennial crop,3500,0.7428798088019928
168815,36.00322,-119.00691,woody perennial crop,3242,0.6779661148402665
219839,38.9938,-122.90945,woody perennial crop,332,0.913970179738025
72596,38.30528,-121.47371,woody perennial crop,2483,0.8641263288758293
155049,38.15315,-121.67821000000001,woody perennial crop,1064,1.610043375322429
191791,36.63468,-119.38982,woody perennial crop,351,1.0956554363722477
357944,35.40934,-119.33855,woody perennial crop,1093,0.6555510180222799
142327,36.51622,-119.60096,woody perennial crop,3339,0.7308101860847357
284135,35.55621,-120.75313,woody perennial crop,3026,0.621170154858052
393482,36.94262,-121.71041,woody perennial crop,2630,0.8906355900157036
540889,35.35006,-118.89896,woody perennial crop,3714,0.44082205333329944
107990,39.0998,-123.19719,woody perennial crop,593,0.5269924803494362
476775,36.01549,-118.9787,woody perennial crop,2159,0.6835139883396053
329122,34.05451,-117.12747,woody perennial crop,56,0.558323143471182
449285,38.25957,-121.24418,woody perennial crop,1384,0.8058823212983371
218702,38.1154,-121.21866,woody perennial crop,3179,1.240836397215514
20722,35.89918,-121.00633,woody perennial crop,468,0.9678005978635841
358487,36.50281,-119.2601,woody perennial crop,4210,0.2573271054741028
88437,37.53388,-120.57943,woody perennial crop,4789,1.3596987536532863
267849,38.60792,-121.98292,woody perennial crop,3412,0.9908488334719888
212580,39.68443,-121.87574,woody perennial crop,2625,0
228740,38.14412,-121.3605,woody perennial crop,4763,0.8308737576657773
14546,38.3668,-122.31371,woody perennial crop,1238,1.2389219490443155
120761,38.33366,-122.38348,woody perennial crop,4713,0
91108,34.31454,-118.89033,woody perennial crop,4206,0.8877913196597502
170303,36.76008,-120.62587,woody perennial crop,888,0.8528489001466122
14565,33.39773,-117.20049,woody perennial crop,319,0.9802465248371561
464731,33.51943,-116.14641,woody perennial crop,69,0
149834,36.97206,-121.73735,woody perennial crop,697,0.8248059165409438
97484,34.29412,-119.03321,woody perennial crop,3224,0.6782178790396921
137512,38.34857,-122.33438,woody perennial crop,4308,0.6040289893958667
335802,34.87938,-120.40272,woody perennial crop,3754,0.8530961703145628
475927,38.60964,-122.89541,woody perennial crop,4127,0.947356383526464
391945,38.74655,-120.72219,woody perennial crop,1653,1.3643988433332226
230190,36.37301,-119.20098,woody perennial crop,4649,0.638533792068391
479147,38.18994,-121.59924,woody perennial crop,1552,0
453923,39.78742,-122.21798,woody perennial crop,1931,0.9696779897423381
285583,35.57445,-119.14008,woody perennial crop,1325,0.34286448382964085
431549,39.42711,-121.52747,woody perennial crop,2201,0.4778054365144679
422790,33.64844,-116.11053,woody perennial crop,3553,1.247825924415148
218692,36.2383,-121.10628,woody perennial crop,2436,1.1805136673844667
445275,35.98264,-119.18574,woody perennial crop,741,1.0598067438279624
238886,37.55731,-120.94408,woody perennial crop,3663,0.6971646883297632
335490,34.42813,-118.93719,woody perennial crop,880,0.7649356029189317
379150,36.8032,-119.95453,woody perennial crop,405,0.7147757407095039
489556,36.82871,-121.39462,woody perennial crop,2287,0.4472438799638811
57358,35.66153,-119.30767,woody perennial crop,4224,0.6033523847136641
487961,36.591,-119.39384,woody perennial crop,2355,0.6046598505315883
425648,39.24159,-123.17081,woody perennial crop,626,0.943561923264594
485860,35.42569,-119.42684,woody perennial crop,1595,0.9452406493834553
247907,36.27387,-119.27082,woody perennial crop,4416,0.2468672757709027
112466,38.37445,-121.5425,woody perennial crop,1087,0.9606948081893331
61192,35.74498,-119.27065,woody perennial crop,4595,0.42906328826792617
129327,38.34038,-122.3389,woody perennial crop,4443,0.9592758842424027
460771,38.37458,-122.33206,woody perennial crop,3817,0.5413008210012893
261297,36.94711,-119.90251,woody perennial crop,920,1.480401011940641
320674,37.61803,-120.80968,woody perennial crop,2827,0.5510646052620397
327564,37.55631,-120.52877,woody perennial crop,3516,0.1787107042628028
90793,34.48665,-119.99459,woody perennial crop,4612,0.6910173585388424
421394,39.65535,-121.96452,woody perennial crop,4657,0.49987367052903414
386764,38.92305,-121.85748,woody perennial crop,826,0.887434637469058
464828,36.43861,-119.09963,woody perennial crop,60,0.8542484325084315
370536,39.01523,-121.79568,woody perennial crop,2876,0.7401645505265939
34262,38.38701,-121.83432,woody perennial crop,3157,0.8225360169865069
385223,38.33554,-121.61471,woody perennial crop,4563,0
324560,35.62464,-119.24578,woody perennial crop,478,1.1063595998431064
586430,39.96967,-122.24912,woody perennial crop,1752,0.9111670703283953
523078,38.27876,-121.48782,woody perennial crop,2402,0.43544120208447024
68199,34.24062,-118.80925,woody perennial crop,3517,0.6240758145970172
482480,35.18573,-120.51696,woody perennial crop,4812,0.8506951633210474
114437,35.62895,-119.23019,woody perennial crop,1635,1.205868806152308
558238,35.97537,-119.16664,woody perennial crop,4671,0.5123388206122499
75397,36.59158,-119.66665,woody perennial crop,4675,0
483138,38.30721,-122.49939,woody perennial crop,3144,1.0178058552254035
535883,35.55205,-120.61586,woody perennial crop,4117,1.080174456513962
496813,37.34057,-120.5549,woody perennial crop,2281,1.3087274147053571
204297,39.08242,-121.90486,woody perennial crop,397,1.1385418976505974
447731,35.96363,-119.08792,woody perennial crop,4783,0.5202821694172064
436241,37.77587,-120.71624,woody perennial crop,1171,1.2062575261293507
15057,36.55106,-119.68382,woody perennial crop,4118,0.9839322943353351
15073,34.33596,-119.10381,woody perennial crop,1743,0
571355,35.93969,-119.01619,woody perennial crop,4249,0.5109552193567523
159033,35.80651,-119.10143,woody perennial crop,4550,0.6208258708555708
240131,33.34115,-117.16812,woody perennial crop,2962,0
120327,34.39421,-119.4595,woody perennial crop,4202,1.1282228732412802
379855,38.26367,-122.35624,woody perennial crop,2690,0.959640740242014
414487,38.53648,-121.91356,woody perennial crop,4743,0.803028731297285
32059,37.01641,-120.28954,woody perennial crop,22,1.4695400025264689
524519,37.67485,-121.11959,woody perennial crop,991,0
15226,36.99322,-121.77735,woody perennial crop,3685,0.9030491688039222
51922,36.68123,-119.6383,woody perennial crop,2194,1.0768199804010228
436771,35.67252,-119.3818,woody perennial crop,1496,0
449950,39.90662,-122.04565,woody perennial crop,4739,0.6243396555916827
284257,36.15529,-120.3323,woody perennial crop,3541,0.9875051286249537
552703,38.87342,-123.11275,woody perennial crop,2694,0
90062,35.87442,-119.23491,woody perennial crop,1452,0
47916,36.30683,-119.23608,woody perennial crop,1074,0.5717731358119342
144461,36.89782,-120.42527,woody perennial crop,1333,0
546926,38.21508,-122.33914,woody perennial crop,2516,0.8483680129060681
15445,33.46769,-117.27893,woody perennial crop,4565,0
530904,36.18355,-119.17788,woody perennial crop,2373,0
504304,36.3307,-119.10902,woody perennial crop,3351,0.97356443772105306
89138,36.54842,-119.99196,woody perennial crop,289,0.5352941598725327
219843,36.40724,-119.05089,woody perennial crop,1543,0.8397907433188546
15462,39.2188,-123.1241,woody perennial crop,1366,0
331173,36.95465,-121.38847,woody perennial crop,1720,1.2591885035875268
92809,36.56855,-119.76916,woody perennial crop,3156,0.9291968904605397
362989,36.36631,-119.21141,woody perennial crop,2221,1.0616451327418785
470243,35.54224,-119.70667,woody perennial crop,4634,0.8153307147213641
318814,33.30398,-116.94634,woody perennial crop,3269,0.6915706162235855
565187,33.2803,-117.1608,woody perennial crop,486,1.3485288135197484
595328,36.39112,-119.2394,woody perennial crop,714,0.2872124667059015
15535,36.3622,-119.18889,woody perennial crop,124,0
38603,38.19214,-121.3503,woody perennial crop,2090,0.44536650522600413
226614,36.65811,-120.12669,woody perennial crop,3981,0
192737,38.48247,-122.62272,woody perennial crop,4097,0.9635433709003143
42940,38.93597,-120.89803,woody perennial crop,2913,0.8127863573744365
589921,38.16071,-122.67767,woody perennial crop,1755,0
260384,37.61003,-120.85921,woody perennial crop,3520,0
460072,37.97207,-121.02848,woody perennial crop,1630,1.1527388695119352
312100,37.7681,-121.0902,woody perennial crop,4764,1.1701065062237899
348965,36.96815,-120.4116,woody perennial crop,1431,0.6067751866973402
52108,38.36959,-121.59612,woody perennial crop,1512,0
264454,36.12151,-120.14544,woody perennial crop,2466,0.9099719839150565
323519,36.07986,-119.09869,woody perennial crop,4771,0.7660225146269684
403505,36.17637,-119.82926,woody perennial crop,464,0
448507,36.69762,-120.00943,woody perennial crop,4164,0.4657968152846663
252146,39.19998,-121.69326,woody perennial crop,1952,1.2236877659004988
71927,39.1977,-123.21693,woody perennial crop,3836,0.5071355629784359
488480,34.39542,-119.0623,woody perennial crop,133,0.6847779081131992
49037,38.50059,-122.85432,woody perennial crop,2430,0.7644752988186495
587442,36.62508,-119.80092,woody perennial crop,4392,0.7397952394902997
135113,34.87504,-120.4,woody perennial crop,240,0.9911653728419814
472172,34.3412,-119.30257,woody perennial crop,1830,1.4608200510411462
362511,33.3148,-116.97838,woody perennial crop,4169,0.7403476354238657
15878,34.27681,-118.93089,woody perennial crop,1288,0.7632950517031626
385828,36.41636,-120.24316,woody perennial crop,3254,1.2170005740253422
15890,36.49907,-119.29581,woody perennial crop,3193,0
479102,36.6108,-119.36357,woody perennial crop,2411,0
93476,37.77271,-120.88439,woody perennial crop,646,0.7362627512135945
491612,36.77674,-120.07043,woody perennial crop,1272,0.7631519658732259
74105,38.58171,-120.70437,woody perennial crop,4440,0.9879277714473715
474289,37.01882,-120.01745,woody perennial crop,3118,0.39015399789832883
449229,37.4059,-120.60924,woody perennial crop,919,0
374529,35.59718,-120.79836,woody perennial crop,3930,0.49490889443985886
313458,36.44175,-119.50829,woody perennial crop,4343,0.5095945384542115
427357,35.9633,-119.00942,woody perennial crop,4141,1.2851484801609252
26630,36.59355,-119.88669,woody perennial crop,2182,0.4132465389834692
28908,39.04696,-121.39972,woody perennial crop,4380,0.8179922198588351
26307,38.43116,-122.85115,woody perennial crop,2901,1.0054681355030328
508288,37.87238,-121.13238,woody perennial crop,1582,0.41108955778228906
113647,37.54665,-120.87113,woody perennial crop,2970,1.53570869475099
382954,38.41839,-122.34614,woody perennial crop,4199,1.0038235293249949
118713,37.07711,-120.87339,woody perennial crop,3735,0.3094557774523792
360252,35.62396,-119.10634,woody perennial crop,4218,0.6999451218275038
103401,38.49664,-121.942,woody perennial crop,1200,1.2494459462031955
499027,38.48496,-122.4313,woody perennial crop,176,0.7098200807169927
509105,36.9446,-120.10513,woody perennial crop,9,0.8055589937790012
93933,36.30973,-119.72829,woody perennial crop,3527,0
274685,33.2708,-117.12945,woody perennial crop,4265,0.30036502575349044
340523,33.30685,-117.24973,woody perennial crop,560,0.6408004072538833
554302,35.79535,-119.06011,woody perennial crop,1992,0
405622,37.49916,-121.18886,woody perennial crop,4360,0.8391399042494855
70692,34.03308,-116.93707,woody perennial crop,1711,1.4038436425678174
165855,38.73062,-121.96821,woody perennial crop,4801,0.926435307030306
16209,37.07208,-120.43948,woody perennial crop,1848,1.3715578395031844
575874,39.32884,-122.04166,woody perennial crop,219,0.7134442957658973
311564,37.88636,-121.35616,woody perennial crop,2348,1.236221199266195
16234,38.75895,-122.63807,woody perennial crop,670,0
264666,35.81332,-119.58003,woody perennial crop,542,0
250445,39.00937,-122.88886,woody perennial crop,1420,0.47921191430726356
527561,35.61648,-119.33653,woody perennial crop,1578,0.6770695019638652
92554,35.29228,-119.26149,woody perennial crop,53,1.1760690234013886
500019,37.39643,-120.53118,woody perennial crop,3356,0.6679920189913311
329416,35.55676,-119.64954,woody perennial crop,1057,0.7954567554756669
16314,35.96262,-119.16546,woody perennial crop,4418,0.5419767891149562
34807,36.64667,-119.69329,woody perennial crop,2926,1.1500360348749283
89192,33.62626,-116.10007,woody perennial crop,475,0
103603,36.7982,-120.46119,woody perennial crop,1374,1.2926722501149372
491203,36.58699,-119.51374,woody perennial crop,2070,0.31687923005349067
506396,36.29098,-121.28637,woody perennial crop,3803,0.7548137735971083
28871,36.41931,-119.83197,woody perennial crop,3770,0.7024153125149947
56399,36.84877,-119.95438,woody perennial crop,2725,0.9497265633799326
599908,36.83622,-119.6194,woody perennial crop,2243,0
156372,34.4002,-119.07368,woody perennial crop,3326,0.8302355823219445
29956,36.43789,-119.23401,woody perennial crop,3812,0.4501541362593537
551568,37.64401,-121.7748,woody perennial crop,4813,0.9265139122206
89137,36.2816,-119.12609,woody perennial crop,4491,0.8800761599069815
126903,36.58226,-119.85225,woody perennial crop,1140,0.6174481225596294
26626,36.54857,-119.2568,woody perennial crop,4829,1.3716989902394974
219616,36.52446,-119.34192,woody perennial crop,1701,0.5078944086701029
78745,34.27406,-118.9646,woody perennial crop,1824,0.5440411848582698
232542,34.47288,-119.8436,woody perennial crop,1400,1.087441917310158
446561,36.99153,-120.27155,woody perennial crop,3343,0.29374587661310936
468323,39.01767,-121.58922,woody perennial crop,1693,0.3530654682298327
276371,34.44708,-119.88115,woody perennial crop,127,0.913514793087818
235852,33.10288,-116.95422,woody perennial crop,2184,0.9571469183006839
113680,36.8313,-119.99234,woody perennial crop,698,0.7092809924103549
284107,36.59616,-119.47336,woody perennial crop,2425,0.5599671881746935
418565,35.69995,-119.94325,woody perennial crop,2632,0.7811792377103585
217518,33.28763,-117.00404,woody perennial crop,43,0.46341006620101066
160924,36.6342,-119.29449,woody perennial crop,4769,0.5711445758408322
577991,36.47308,-119.75739,woody perennial crop,1696,0.7216487483528036
347851,37.69105,-120.68103,woody perennial crop,4523,0
389022,37.16434,-119.72396,woody perennial crop,522,0
115036,36.23984,-119.07264,woody perennial crop,2782,0.715765103107717
98761,36.64189,-119.29211,woody perennial crop,2892,0.3742437584296837
68813,39.11838,-123.16071,woody perennial crop,3336,0.3768824733571333
254500,36.34697,-119.11383,woody perennial crop,1531,0.672761953055116
83150,34.86689,-120.23422,woody perennial crop,2652,0
362501,36.91233,-121.66357000000001,woody perennial crop,1094,1.1564574913854377
293719,38.42114,-122.32848,woody perennial crop,986,0.7328042701182952
447960,38.0846,-121.42166,woody perennial crop,3071,0
240150,34.38143,-118.98019,woody perennial crop,1071,0.5573217881263767
563515,37.54409,-120.6189,woody perennial crop,4319,0.868129550365895
42466,35.51698,-119.61953,woody perennial crop,801,0
509126,38.19579,-121.13208,woody perennial crop,3079,0
580734,36.36043,-120.20734,woody perennial crop,2246,0.6162729524192206
525587,36.11821,-119.01637,woody perennial crop,551,0.6033275359836832
16887,39.8386,-122.30736,woody perennial crop,4482,0
50470,36.36637,-121.35612,woody perennial crop,3261,0.6768939203043901
180059,39.45689,-121.49785,woody perennial crop,4095,0
364949,34.66286,-119.99091,woody perennial crop,32,1.3814329255696751
292428,36.35338,-119.46211,woody perennial crop,2509,1.3622592521609096
335518,38.53233,-120.7629,woody perennial crop,1597,0.31967272108087114
335188,36.77756,-121.68463,woody perennial crop,1012,1.2861108254138665
111690,38.42743,-121.54732,woody perennial crop,4619,0.5558862817170401
495274,39.27862,-121.59809,woody perennial crop,27,0.7566681931982184
341946,34.39656,-119.49251,woody perennial crop,3440,0.9186225722544431
537699,38.5115,-120.75718,woody perennial crop,3984,1.3574935839400966
180907,36.45364,-119.43208,woody perennial crop,3039,0.5367873127185429
119659,39.74256,-122.28529,woody perennial crop,2697,0.946289131984573
183367,33.49128,-117.21026,woody perennial crop,4395,0.753150533215725
107828,38.79267,-121.44962,woody perennial crop,822,0
253231,36.34491,-119.12,woody perennial crop,4051,0.8477887246895642
371829,34.76496,-120.44749,woody perennial crop,1607,0.9979133353456341
273663,37.62322,-121.29914,woody perennial crop,2447,0.6725513520378039
17958,38.14656,-121.45404,woody perennial crop,41,0
90888,39.11396,-121.9161,woody perennial crop,459,0
441100,35.91305,-119.30609,woody perennial crop,2935,0.9494256527544364
485643,36.78287,-121.32773,woody perennial crop,4213,0.8841968549941436
117867,37.37617,-120.89693,woody perennial crop,1784,0.6224214877819716
216480,36.62242,-119.98686,woody perennial crop,4815,0
472621,34.38246,-119.40909,woody perennial crop,4804,0.7197827988476756
92920,37.34367,-120.65422,woody perennial crop,1812,0.5009269855639766
435268,38.95628,-123.11428,woody perennial crop,279,0.607054335834484
70994,35.80886,-119.14991,woody perennial crop,871,0.6769716130322609
18077,35.62217,-119.13994,woody perennial crop,3015,0.6564273206300459
499535,35.98789,-119.10389,woody perennial crop,984,1.258205338355602
78344,36.38184,-119.77504,woody perennial crop,81,0.6741576262809729
74466,36.40742,-119.24355,woody perennial crop,585,0.6092485212245996
561292,37.62136,-121.04935,woody perennial crop,3408,1.0353158684341375
333470,35.62523,-120.40321,woody perennial crop,2433,0
460199,33.50958,-117.21465,woody perennial crop,4765,0.41089683472566413
64866,36.13891,-119.10535,woody perennial crop,2960,0.45056128521979316
567234,34.39878,-118.85057,woody perennial crop,3360,0.7367017436333916
21868,35.65443,-120.89825,woody perennial crop,590,0
542380,37.84679,-121.22628,woody perennial crop,2530,0
399218,39.0362,-121.67108,woody perennial crop,2205,0.8990597141605928
430667,38.07123,-121.24741,woody perennial crop,792,0
444946,37.73299,-121.76122,woody perennial crop,4375,0
357923,38.12449,-121.33644,woody perennial crop,4597,0
269694,38.38532,-120.75661,woody perennial crop,841,1.363376546753879
370579,36.66045,-119.43156,woody perennial crop,159,1.2603129861128173
424985,38.21449,-121.20669,woody perennial crop,2835,0
572615,38.55666,-123.22059,woody perennial crop,2995,0.524529025675515
168021,34.77744,-120.29209,woody perennial crop,4179,0.9663283808419119
387452,38.49477,-121.95914,woody perennial crop,1007,1.3499665934788676
66000,39.00252,-121.49253,woody perennial crop,451,0
413242,38.17055,-121.26013,woody perennial crop,1984,0.9945965540580433
35670,37.69104,-121.32016,woody perennial crop,1468,0.4183378276441576
395990,33.52585,-117.56696,woody perennial crop,4398,0.8777713700542066
552184,38.54647,-121.92651,woody perennial crop,2350,1.15989647760702
422197,39.76434,-122.18602,woody perennial crop,4795,0.5790588981113494
353081,38.35822,-121.11103,woody perennial crop,577,0.7050159189712033
546931,36.31258,-121.29414,woody perennial crop,1294,0.6226141086988264
308472,36.47034,-119.54904,woody perennial crop,64,0.6916539388253394
448743,37.37686,-120.52701,woody perennial crop,3761,0.737761264214932
539183,36.41859,-119.80729,woody perennial crop,4382,1.1639664816308017
18374,35.65607,-120.76095,woody perennial crop,1763,0.5034390870913741
287210,38.24031,-122.33915,woody perennial crop,2266,0.7649147852602403
116335,35.63426,-121.09457,woody perennial crop,3872,0.7787451135820902
509168,36.29484,-121.30139,woody perennial crop,4468,0.4784252767768376
382234,36.89087,-120.03032,woody perennial crop,1224,0.17173459507277664
401412,38.16412,-121.20312,woody perennial crop,2742,1.0281061959447528
92234,35.1749,-120.63151,woody perennial crop,720,1.004852841335001
467543,33.0683,-116.98976,woody perennial crop,2789,1.058269847044771
221657,38.92201,-122.74775,woody perennial crop,25,0.925639064350728
64423,36.8673,-120.67685,woody perennial crop,3419,1.317729653372942
194895,33.46621,-117.17596,woody perennial crop,729,0.8365472025604596
102995,38.68119,-122.94856,woody perennial crop,4272,0.4688869733619303
480403,34.77013,-120.36308,woody perennial crop,1160,1.504404764839766
384380,39.13969,-123.1576,woody perennial crop,4048,0.33618889602388535
243370,34.20894,-118.97747,woody perennial crop,1870,0.9485204122448027
343832,37.25523,-121.01926,woody perennial crop,2238,0.9818071745415986
254039,38.05601,-121.47493,woody perennial crop,2830,0
599134,35.75601,-119.17293,woody perennial crop,4514,0.8445429042528788
73594,39.18776,-122.89165,woody perennial crop,3860,0
18586,38.30007,-121.51504,woody perennial crop,2501,0
44417,32.81116,-114.55736,woody perennial crop,2706,0
510852,36.17545,-119.8115,woody perennial crop,160,0
499344,36.59145,-119.55352,woody perennial crop,1240,0.8144870209344897
173358,36.32069,-119.1924,woody perennial crop,3384,1.095873322109782
160579,36.58398,-119.87312,woody perennial crop,2486,0.9570499477182561
489921,36.58531,-120.15644,woody perennial crop,3961,0.8361063526665424
56757,39.80328,-122.08806,woody perennial crop,2057,0.5148468602823661
282815,35.51265,-119.34112,woody perennial crop,4253,0.7625286671788263
441824,34.47318,-119.82869,woody perennial crop,1082,1.547238058219553
299263,36.94376,-120.126,woody perennial crop,4500,0.9059787751439278
562338,38.51164,-120.75795,woody perennial crop,4282,1.7999025372060207
553358,36.8328,-120.25674,woody perennial crop,4209,1.0240479554840525
41523,39.01825,-121.68095,woody perennial crop,396,1.0343904752502298
288073,35.24711,-119.17021,woody perennial crop,3388,0
278764,36.51963,-119.35991,woody perennial crop,1430,0.9710285435624705
480245,36.5713,-119.32608,woody perennial crop,3461,0.47890914060223955
47945,38.50319,-122.4465,woody perennial crop,1580,1.3321951966010577
111075,37.04019,-120.58648,woody perennial crop,3082,0
18922,36.95798,-121.7926,woody perennial crop,1097,1.2048868658385794
297585,38.5994,-120.82374,woody perennial crop,2276,0.5078063623417285
424426,38.91915,-121.16599,woody perennial crop,2151,0.810991879769993
334930,36.64619,-120.58862,woody perennial crop,3667,0.8077971875369789
600762,38.05742,-121.13889,woody perennial crop,2555,0.9937699202796026
161332,33.4891,-117.27029,woody perennial crop,3837,0.760446064793438
390798,36.23099,-119.14087,woody perennial crop,4437,0.7726878441248091
19054,37.22002,-121.04326,woody perennial crop,2802,1.090427128459401
496529,35.87237,-119.16583,woody perennial crop,4264,0.9165175357626795
341917,34.26413,-118.97632,woody perennial crop,3181,0.5534416702344193
430653,38.26457,-122.51058,woody perennial crop,955,0.5239530636084446
425817,36.99746,-120.2272,woody perennial crop,3139,0.5143491524924917
88980,35.03505,-119.23109,woody perennial crop,780,0.7061594652285199
585462,39.20645,-122.91775,woody perennial crop,3474,0.9170081474513176
581979,36.69921,-119.29637,woody perennial crop,3190,0
567080,38.63931,-121.71489,woody perennial crop,950,0
109209,36.93437,-120.37988,woody perennial crop,2453,0
577124,33.32834,-117.17765,woody perennial crop,73,0.9721946354604506
528450,36.27486,-119.18653,woody perennial crop,1579,0.43004901006395213
29718,34.24724,-119.01904,woody perennial crop,3710,0.78566269633665
391474,38.19169,-121.56578,woody perennial crop,3218,1.0140760304446506
236239,38.77103,-122.97626,woody perennial crop,452,0.7184877159287231
19275,33.33613,-116.99597,woody perennial crop,2129,0
123855,38.00748,-121.08846,woody perennial crop,3542,1.0379592948808527
338876,38.47996,-120.62795,woody perennial crop,969,1.0574498512982748
216091,39.78298,-122.16533,woody perennial crop,1680,0.7715442771600977
322850,36.55847,-119.44075,woody perennial crop,2249,0.31770984217678466
223109,38.96355,-121.49581,woody perennial crop,1124,0.41132159281810393
278426,35.95857,-119.9343,woody perennial crop,1600,0.5452475121499322
301944,37.69417,-120.5411,woody perennial crop,664,0.6585982998501406
475367,35.50599,-119.43805,woody perennial crop,2620,0.6301378257432885
527924,38.57808,-122.77349,woody perennial crop,509,0.7702978909374852
399000,35.07855,-119.00631,woody perennial crop,4215,0.9564035361411078
211714,39.31375,-121.51354,woody perennial crop,549,0
249819,36.5252,-119.35746,woody perennial crop,1662,1.2349321656365193
205982,35.8504,-119.21264,woody perennial crop,3592,0.6316655324984577
215811,37.03365,-120.29978,woody perennial crop,819,0.326800269420356
571736,35.22903,-120.60158,woody perennial crop,290,0.9028884685525713
19528,39.76404,-121.88699,woody perennial crop,2795,0.8520126681243843
381753,37.68379,-120.63618,woody perennial crop,4359,1.2985966787117436
225836,36.53014,-119.61308,woody perennial crop,563,0
407156,36.82707,-121.42627,woody perennial crop,448,1.4333783815860972
28966,37.94031,-121.07299,woody perennial crop,2606,0
289885,37.82178,-121.49032,woody perennial crop,3414,0
523358,35.57869,-119.12896,woody perennial crop,2196,0
491562,36.96504,-120.13881,woody perennial crop,1981,0.6378254259857274
208827,38.65609,-122.94973,woody perennial crop,2641,0.6485680045506754
151201,39.05625,-121.6707,woody perennial crop,972,0.9697427953261756
252841,35.91612,-118.99656,woody perennial crop,4674,0
554960,39.63492,-121.80229,woody perennial crop,4670,0.6367809672981516
43649,36.34713,-121.28865,woody perennial crop,3994,0
198085,39.28352,-121.6715,woody perennial crop,3919,0
342035,38.18704,-121.26637,woody perennial crop,2954,0.6181844522431655
422119,38.0443,-121.1908,woody perennial crop,120,0.713230455747467
19702,38.80401,-122.18743,woody perennial crop,3153,1.009287573373818
166334,36.36007,-121.35392,woody perennial crop,2346,1.1475090584198369
339343,35.47727,-119.1194,woody perennial crop,1002,0.9354461641689186
19796,36.43791,-119.16931,woody perennial crop,2256,0.8390857380161278
418602,38.49411,-122.79171,woody perennial crop,4227,0
368063,39.30655,-121.63938,woody perennial crop,3010,0
469269,38.90376,-122.68493,woody perennial crop,678,0.4361741711654553
67354,36.41852,-121.28602,woody perennial crop,3200,0.6503624847870831
359855,39.6429,-122.07693,woody perennial crop,3801,0.6135243836716173
20039,39.25937,-121.66859,woody perennial crop,505,1.0523034255008548
255912,37.58401,-120.83461,woody perennial crop,3573,0.6823036901903674
245575,36.14577,-121.06522,woody perennial crop,301,1.5748099242180895
463134,38.562,-122.50305,woody perennial crop,569,0
180521,35.52754,-120.61823,woody perennial crop,2117,0.9196022446453751
417245,34.14923,-119.1067,woody perennial crop,2834,0.7267917662933205
324292,39.08909,-121.63643,woody perennial crop,3631,0.9364744543850222
225094,33.30833,-117.03807,woody perennial crop,1963,0
446271,36.55336,-119.41833,woody perennial crop,1804,0
498960,36.88979,-121.68325,woody perennial crop,2919,0
472294,39.29955,-121.67928,woody perennial crop,602,0.20533431584178188
370836,36.09045,-119.00565,woody perennial crop,1649,0.8556608003671465
79561,36.74302,-120.14822,woody perennial crop,2668,0.7578895652359139
122238,36.26668,-119.23966,woody perennial crop,989,0
356513,37.54928,-120.67952,woody perennial crop,4645,1.3152406543502246
260874,34.42207,-118.76837,woody perennial crop,2106,0
365753,36.4474,-119.8277,woody perennial crop,4338,1.3787316197236994
447694,33.45568,-117.30076,woody perennial crop,4241,0
207709,36.65149,-120.56378,woody perennial crop,716,0.4590224636500344
236731,36.42725,-119.10895,woody perennial crop,80,0
510055,40.42885,-122.20305,woody perennial crop,4298,0.9510061900837671
479586,35.75355,-119.80963,woody perennial crop,1808,1.0576022481062948
410920,36.6262,-120.53023,woody perennial crop,1943,0.7487846311485059
109089,35.73706,-119.76529,woody perennial crop,2784,1.1541100179385966
319098,39.9556,-122.22459,woody perennial crop,3651,0.894166212444371
20336,35.3865,-120.82058,woody perennial crop,3129,0.8632188252640443
230939,39.6362,-122.1251,woody perennial crop,4328,1.3676863107613664
38641,39.20734,-121.97374,woody perennial crop,3395,0.5928399547220361
384396,38.46489,-121.83842,woody perennial crop,4018,1.0432719929158913
20379,39.30656,-123.09722,woody perennial crop,4598,0
44726,36.8308,-120.37898,woody perennial crop,1110,0.3416921402997425
74470,37.2321,-120.27314,woody perennial crop,3988,0.8640580040619357
46604,37.15714,-122.0132,woody perennial crop,4144,0.7711028251283609
505376,35.39566,-120.81678,woody perennial crop,2369,0.5709896193174546
36999,33.67512,-116.21092,woody perennial crop,3538,0
229787,40.09202,-122.1039,woody perennial crop,4774,1.0616627316713638
47957,35.33199,-118.75426,woody perennial crop,3728,1.061119330399164
64379,33.48034,-117.21084,woody perennial crop,1215,0.666455972148114
139218,35.67332,-119.28388,woody perennial crop,325,0.3114184841299923
203017,34.31804,-118.91848,woody perennial crop,4654,1.3157499642516328
199609,36.19384,-119.40623,woody perennial crop,3953,1.3542735723146466
63901,36.09054,-120.06201,woody perennial crop,3211,0
371038,36.95244,-121.78867,woody perennial crop,1542,0.8563893001977746
232551,38.57727,-122.45804,woody perennial crop,2012,1.0514686378201117
545028,38.76833,-121.42476,woody perennial crop,3707,0.8165625959436442
392435,36.75821,-119.53008,woody perennial crop,3199,0.6882805223808268
133408,36.15919,-119.01466,woody perennial crop,1058,0.7133211477493113
253849,34.46305,-119.97147,woody perennial crop,1598,1.2778647651331818
320418,37.57755,-120.7721,woody perennial crop,1785,1.2996692535103256
579196,38.28612,-121.14892,woody perennial crop,3747,0
402938,33.19631,-115.45089,woody perennial crop,1414,1.773639490348299
440455,39.09706,-121.66129,woody perennial crop,638,1.1659846242234204
20716,37.86097,-121.43382,woody perennial crop,4327,0
176362,38.5244,-122.85342,woody perennial crop,3815,0.7063089769414953
466132,36.33483,-119.37136,woody perennial crop,2768,1.111819352113816
492848,36.62292,-119.28806,woody perennial crop,1009,0.514442153246576
200123,36.8422,-120.09445,woody perennial crop,553,0
95075,37.74525,-120.99461,woody perennial crop,4658,0
160122,37.61686,-120.79952,woody perennial crop,147,0.7637926915535437
480098,39.69691,-121.9052,woody perennial crop,278,1.3769933148264406
597909,36.63253,-119.72476,woody perennial crop,3791,0.6472053822304822
349050,36.44833,-119.23037,woody perennial crop,3332,0.6494002816026632
221816,38.01753,-121.49577,woody perennial crop,392,1.4463583725031282
502486,36.29489,-121.30808,woody perennial crop,3458,0
502568,36.24205,-119.29181,woody perennial crop,3529,0.7707569077784652
535501,36.77166,-120.07516,woody perennial crop,1481,1.2388010677428265
49640,33.27762,-117.25612,woody perennial crop,1128,0.9161992433011797
20955,33.49322,-117.25289,woody perennial crop,4304,0
84583,36.58978,-119.30148,woody perennial crop,2092,0
217437,37.61172,-120.82365,woody perennial crop,1716,0.7424514240304028
535281,36.66884,-119.64819,woody perennial crop,3285,0.5819651726734634
539362,39.65496,-122.20237,woody perennial crop,4532,1.00078232833213
327625,36.68083,-119.92666,woody perennial crop,2368,1.182034441201678
520015,37.07342,-120.13581,woody perennial crop,1940,0.7293803260019804
217000,35.51237,-119.438,woody perennial crop,598,1.1744301284715417
356501,34.21603,-119.11036,woody perennial crop,2409,0
489428,36.11269,-119.25242,woody perennial crop,407,0
112473,36.45337,-119.59676,woody perennial crop,2024,0.9845214282639263
459013,39.26937,-122.02806,woody perennial crop,2442,0.9399716797000482
584729,38.96101,-122.08688,woody perennial crop,3907,0.9944107148971837
36107,36.94029,-121.75272,woody perennial crop,2219,0.9504610715324524
235554,36.29059,-119.18223,woody perennial crop,4610,0
78872,38.69062,-122.04812,woody perennial crop,457,0
207472,39.02871,-121.62061,woody perennial crop,3009,0
24725,36.42242,-119.28389,woody perennial crop,1026,0.5608431680287793
479901,35.26585,-118.74836,woody perennial crop,1251,1.010005079749266
133398,38.96406,-121.59097,woody perennial crop,1697,0.6636065874246194
388014,35.64828,-120.80865,woody perennial crop,1732,1.4191392484938532
379869,35.80234,-119.04218,woody perennial crop,3578,0.7803448177954152
587885,36.61056,-119.31273,woody perennial crop,2588,0
146173,36.74394,-120.58669,woody perennial crop,1363,1.4998842724479522
47244,39.66704,-122.06731,woody perennial crop,3116,1.4992659921599358
21153,34.4286,-119.57084,woody perennial crop,1089,0
145057,36.6108,-119.59873,woody perennial crop,923,0.9605149554056899
82062,39.73692,-122.17367,woody perennial crop,3627,0.8229467841668201
328083,37.98273,-121.20879,woody perennial crop,2366,0.8823505847999656
568046,34.38843,-119.44652,woody perennial crop,1196,0
49435,34.84049,-120.18023,woody perennial crop,4766,0.8712385333653804
21243,34.32896,-119.09817,woody perennial crop,1570,0
237781,36.44628,-121.45073,woody perennial crop,2557,0.6576471672417731
242497,33.46105,-117.22724,woody perennial crop,2775,0.8614289399689935
284980,34.35706,-118.96741,woody perennial crop,1141,0.3798551481791066
455118,34.41887,-118.94575,woody perennial crop,970,0.9441184241893089
276352,38.55054,-121.89114,woody perennial crop,857,0.9445949171128832
187414,36.58122,-119.88328,woody perennial crop,621,1.2151795970967518
276543,36.17011,-119.09715,woody perennial crop,3453,0
58024,36.17203,-119.07871,woody perennial crop,210,0.4294656570858622
515586,37.86415,-121.41515,woody perennial crop,4192,0
95306,35.53371,-119.28793,woody perennial crop,3766,0.5835498060260462
468990,37.26011,-120.29391,woody perennial crop,2664,0
443690,34.3203,-118.90128,woody perennial crop,3703,0.6292254496840085
445489,34.29556,-119.03727,woody perennial crop,4490,0.8464111522711427
169082,36.86943,-120.31278,woody perennial crop,1211,0
522582,37.11639,-120.15648,woody perennial crop,3106,0.5001353575095869
229227,37.62423,-120.78626,woody perennial crop,3373,1.0744917956753015
73613,36.20234,-119.51157,woody perennial crop,4037,0.6270570649644553
73854,35.83876,-119.15887,woody perennial crop,3531,0.6772657025435262
243556,33.41883,-117.17138,woody perennial crop,2585,0.6756102176352373
21684,38.69634,-122.96286,woody perennial crop,744,1.2672352067905548
60061,36.04582,-119.5285,woody perennial crop,4600,1.243236667189752
565093,37.97948,-121.23072,woody perennial crop,1950,1.1476702970296973
299792,36.64031,-120.5999,woody perennial crop,860,0.7595603336727409
566928,36.4726,-119.66101,woody perennial crop,4160,0.6563254711913379
205194,38.91889,-122.07853,woody perennial crop,1622,1.0782212447963642
101855,38.31991,-122.12813,woody perennial crop,4329,0.38438568746339036
439061,38.48881,-122.43948,woody perennial crop,2818,0.551716212484703
390562,35.5439,-120.61442,woody perennial crop,134,0.7408491312439243
581633,36.42205,-119.18475,woody perennial crop,137,0.6346732884893268
160022,38.45054,-122.41054,woody perennial crop,2435,0.8006514366629318
305565,34.60991,-120.3751,woody perennial crop,708,0.5616907137815733
336467,35.36218,-119.47312,woody perennial crop,3298,1.0364519502020304
253844,34.4649,-119.97067,woody perennial crop,399,1.1971183382277075
107423,35.59841,-119.15547,woody perennial crop,1461,0.8005365055412488
523209,34.59445,-120.25392,woody perennial crop,4570,0
312102,39.06595,-121.69789,woody perennial crop,4027,0.7349766839549254
230056,35.67648,-119.19919,woody perennial crop,1287,0.6974297779278842
182959,35.2927,-118.84172,woody perennial crop,129,0
321048,33.293,-117.18734,woody perennial crop,1323,0.45822904931818087
282464,36.15778,-120.0262,woody perennial crop,371,0.9755298107660402
332196,34.60894,-120.29714,woody perennial crop,2879,0.5854067732746445
545386,36.67518,-119.75708,woody perennial crop,2502,0.6021785350125579
88648,38.34142,-121.48873,woody perennial crop,437,0
69751,35.49038,-119.13172,woody perennial crop,4687,0.5577641334684311
82416,33.26373,-117.26392,woody perennial crop,4403,0
574637,37.14912,-121.02663,woody perennial crop,1713,0.9801626137878243
392580,39.06563,-121.47945,woody perennial crop,1119,0.9246443778404948
246874,38.59946,-122.46153,woody perennial crop,3311,0.7594457490931454
280562,36.1691,-119.12937,woody perennial crop,1793,1.028144154217526
561674,35.03722,-119.07595,woody perennial crop,884,0
499276,36.53941,-120.31152,woody perennial crop,4006,0.49428311874168623
577305,36.08205,-119.17663,woody perennial crop,1290,1.1307445527437738
389265,37.52737,-120.7448,woody perennial crop,2658,0.9356304460901655
324528,36.49592,-119.38652,woody perennial crop,470,0.8486058243607301
552220,34.6001,-120.1019,woody perennial crop,3965,0.6665516942381395
216612,36.05986,-119.99589,woody perennial crop,2146,0.6289997919912658
597815,40.12927,-122.11493,woody perennial crop,1088,0
127136,36.51238,-119.27324,woody perennial crop,34,0
81444,34.28753,-118.92899,woody perennial crop,4605,0.46801770404289433
312572,33.42453,-117.31717,woody perennial crop,1412,0.7932261855521253
41623,38.77534,-121.6155,woody perennial crop,2137,0.8205840302717615
515441,38.09862,-121.1731,woody perennial crop,4100,0
408016,38.92859,-121.19177,woody perennial crop,2397,1.110455740051554
86199,36.8784,-121.35642,woody perennial crop,4665,1.5536318541143954
34415,33.36243,-117.18484,woody perennial crop,2910,0.8611896930343491
198863,35.7268,-120.65612,woody perennial crop,4533,0.7582306382965727
375085,33.54017,-117.0339,woody perennial crop,4434,0.9271643572338207
58470,38.75184,-122.97021,woody perennial crop,1576,0
137693,34.24328,-118.93553,woody perennial crop,1520,0.5013890036494234
170140,36.62852,-119.49197,woody perennial crop,2644,0.644324318154366
212233,35.27533,-120.77418,woody perennial crop,3920,1.291065081103267
575800,39.76988,-122.24123,woody perennial crop,363,0
221492,38.08077,-121.26175,woody perennial crop,1235,0.64696747039636
296291,36.24022,-119.09034,woody perennial crop,4613,0
148018,36.35659,-119.10853,woody perennial crop,693,0.6646776748747912
484004,38.99092,-122.89774,woody perennial crop,4508,1.3621269034069161
30424,38.95037,-121.04771,woody perennial crop,3278,1.1236087176145781
90899,36.49165,-119.54452,woody perennial crop,4558,0.629397511046659
289629,35.84578,-119.43718,woody perennial crop,3313,1.0328680906732275
22526,37.47436,-120.53528,woody perennial crop,534,1.0460344758972744
343002,35.14891,-118.8712,woody perennial crop,3732,0
402237,33.72354,-116.87447,woody perennial crop,2446,0.6927348142256361
438505,33.24735,-116.99605,woody perennial crop,1457,0.583421111183627
387281,35.38031,-119.38349,woody perennial crop,4362,0
209978,36.74737,-119.55377,woody perennial crop,3906,0.8045456887604128
482604,38.46826,-122.82019,woody perennial crop,515,0.5909686797004365
429829,34.21781,-118.97914,woody perennial crop,2871,1.8204343796996802
405416,38.43713,-122.81535,woody perennial crop,3767,0.5232132587705811
206311,35.8238,-120.37173,woody perennial crop,1642,1.4012133992821358
167096,36.58132,-119.54148,woody perennial crop,3963,0
402471,37.80314,-121.09041,woody perennial crop,1513,0.7645467904792103
524735,36.12447,-119.06363,woody perennial crop,3035,0.5874356016512404
243080,39.08788,-122.96195,woody perennial crop,1061,0.7295008934122779
174680,37.75447,-121.0818,woody perennial crop,4049,0.9086382435566304
45254,34.38975,-119.45909,woody perennial crop,502,0.5353858470328012
56337,36.50218,-119.45538,woody perennial crop,4354,1.0278872652826028
305705,35.63387,-119.51555,woody perennial crop,2817,1.0819975892162215
578262,38.22744,-121.09056,woody perennial crop,815,0.8204340134314196
22809,38.9829,-122.06764,woody perennial crop,441,0.8837829445367429
601877,34.23112,-118.91396,woody perennial crop,165,1.251403893775836
185017,34.37152,-119.01898,woody perennial crop,1803,0.6938577729759016
505745,39.00723,-122.88671,woody perennial crop,2717,0.7533137484386178
28515,37.55527,-120.46487,woody perennial crop,2688,1.3207466669668084
491003,33.10197,-117.02488,woody perennial crop,3964,0.7347744466988885
22887,35.45037,-119.65747,woody perennial crop,1964,0
379775,36.99697,-119.73032,woody perennial crop,4773,0
61075,35.28325,-120.79716,woody perennial crop,207,0.768003536965504
565694,38.16859,-121.0904,woody perennial crop,798,0.605473847630844
181306,35.61967,-119.5114,woody perennial crop,2617,0.8635078800391378
227040,38.51465,-122.53543,woody perennial crop,4688,0.32962533830040935
152737,36.70757,-119.45624,woody perennial crop,4148,0.6967762014046954
134534,35.5725,-120.64989,woody perennial crop,1305,0.9752780294762889
39744,36.68456,-119.67834,woody perennial crop,2932,0.6898119367176959
135685,36.75631,-119.54019,woody perennial crop,1103,0.7977933960327226
76464,33.54093,-116.14424,woody perennial crop,2475,0
496867,37.60285,-120.81902,woody perennial crop,2603,0.9454252377691968
246365,34.19428,-119.01814,woody perennial crop,3235,0.9028343856790965
377471,37.30763,-120.64426,woody perennial crop,731,1.719918437448733
381629,36.71551,-119.45948,woody perennial crop,3393,0
23031,39.64337,-121.76736,woody perennial crop,1486,0.6221036494895191
47046,38.69796,-121.87848,woody perennial crop,2154,1.118271011759141
36695,36.11905,-119.00134,woody perennial crop,2325,1.0590921714696135
392686,38.52318,-122.54818,woody perennial crop,1932,0
23061,36.02088,-119.08286,woody perennial crop,3189,0.5423200454294151
255045,36.49834,-119.81135,woody perennial crop,3640,1.0437753008431225
351729,33.28574,-117.13539,woody perennial crop,3716,0.8079166105688647
367429,36.28329,-119.25247,woody perennial crop,4574,0
429441,35.43743,-119.45325,woody perennial crop,3871,1.1815168874403883
466177,33.47426,-117.17242,woody perennial crop,1594,0
304783,36.74645,-119.44022,woody perennial crop,2002,0
157657,39.29384,-122.26446,woody perennial crop,4012,1.4607389169193359
387810,33.29932,-117.1429,woody perennial crop,495,1.0176197525145465
122098,34.45945,-119.95828,woody perennial crop,1245,1.0306739060935715
23290,35.20794,-120.60364,woody perennial crop,4678,0
174078,36.48122,-119.3062,woody perennial crop,3426,0.2955606999148545
96775,36.38024,-119.76019,woody perennial crop,352,1.1771357651212884
44715,36.34215,-119.76204,woody perennial crop,3518,0
229265,38.06045,-120.96084,woody perennial crop,918,0.8804467092735734
482004,35.43128,-118.82697,woody perennial crop,2607,0.997545796931058
345628,33.13405,-115.33941,woody perennial crop,2364,0.7537223922578611
278531,34.27525,-119.00264,woody perennial crop,3673,1.2137702512209476
520436,34.25592,-118.93258,woody perennial crop,4254,1.0505355053269843
408798,36.52658,-119.71645,woody perennial crop,4102,0.7251367225736249
267399,38.19136,-121.40788,woody perennial crop,520,0.5774152079199023
374397,36.31735,-120.0808,woody perennial crop,3413,1.455139364346417
156162,36.61167,-119.64305,woody perennial crop,500,0.46386467641429174
498339,38.84252,-121.95253,woody perennial crop,3141,0.9365305386459287
41196,36.52697,-119.32133,woody perennial crop,2925,1.1305407330349686
167124,35.42394,-118.8146,woody perennial crop,2792,1.0377674990422305
248284,35.88868,-119.49911,woody perennial crop,4159,0
535130,38.04981,-121.14568,woody perennial crop,1768,0.8467191548716236
475176,37.7911,-121.05726,woody perennial crop,3400,1.0843153868867252
528857,38.57407,-120.67699,woody perennial crop,1876,1.4180161415510406
354246,36.17907,-119.01553,woody perennial crop,663,0.907105548482176
320061,38.7064,-122.07034,woody perennial crop,3053,1.130037354213148
152491,37.62974,-121.10148,woody perennial crop,1358,0.9841199713671945
204811,36.80803,-121.37799,woody perennial crop,388,2.334671239405341
501341,38.98814,-121.71566,woody perennial crop,3959,1.7697615500564017
150767,36.80412,-120.21423,woody perennial crop,1836,0.5864646794595908
459018,36.63467,-120.48097,woody perennial crop,3257,1.1281176029149789
123134,38.30601,-121.52057,woody perennial crop,430,0.7631605904327037
221143,39.09712,-121.67098,woody perennial crop,2434,1.2560408642900571
361533,36.77269,-119.51648,woody perennial crop,1886,1.614998937703312
25066,35.66705,-119.17364,woody perennial crop,4419,0.8676310070725485
76854,35.05593,-118.88971,woody perennial crop,2260,1.0043692527628867
198120,39.04293,-121.66162,woody perennial crop,3797,0.7566596765427587
342477,39.00622,-121.6603,woody perennial crop,3862,0.6813749450757549
24007,37.66695,-118.36616,woody perennial crop,1159,0.7753258954248482
327444,38.21229,-121.20686,woody perennial crop,2864,1.6420282546329736
292613,37.48797,-120.54619,woody perennial crop,3467,0
100624,36.33322,-119.40308,woody perennial crop,559,0
119323,36.73173,-119.94242,woody perennial crop,2148,1.1511592342362895
419256,36.40106,-119.31198,woody perennial crop,1271,1.2197858818144085
358701,36.57802,-119.60062,woody perennial crop,4385,0
353758,34.39684,-118.86242,woody perennial crop,3611,0
496971,36.92875,-120.26325,woody perennial crop,1310,0
233974,35.25023,-119.05453,woody perennial crop,859,0.7880681542972638
477116,34.38408,-118.96936,woody perennial crop,1614,0.9247319218301767
137025,36.51499,-119.27884,woody perennial crop,3086,0.35575600608742275
49588,35.72852,-119.34577,woody perennial crop,1265,0.7899481927434503
386602,36.03135,-119.04776,woody perennial crop,3064,0.7722192974808165
552217,38.08295,-121.40018,woody perennial crop,1234,1.2452257890542289
442451,35.14433,-118.87109,woody perennial crop,4630,0.814190416451775
446520,36.77084,-119.40851,woody perennial crop,293,1.428448768134233
596334,35.21476,-118.89094,woody perennial crop,3277,1.1961868326580276
24263,35.53761,-119.7299,woody perennial crop,4075,0.712653323560223
519983,38.38559,-122.8357,woody perennial crop,1508,0.7092528083338134
127118,39.6735,-122.2231,woody perennial crop,3563,1.685777169582456
266084,38.34203,-121.55016,woody perennial crop,107,0.8801737320908175
480425,36.18085,-119.03562,woody perennial crop,1437,0.7180515769828726
219470,37.57382,-120.67792,woody perennial crop,251,1.1361409211566909
24366,36.14068,-119.93673,woody perennial crop,667,0
541576,36.39308,-119.2011,woody perennial crop,4274,0.5129300650259543
57367,37.57954,-120.78848,woody perennial crop,690,0.5415399104368808
117455,37.56269,-120.90432,woody perennial crop,4710,0
339715,38.39448,-122.53342,woody perennial crop,642,0.5348512030192065
24421,39.87569,-122.26816,woody perennial crop,3147,0
139191,33.339,-116.99425,woody perennial crop,4078,0.3792929301518566
346901,36.66418,-119.79331,woody perennial crop,1760,0.9449529381490519
395911,33.47108,-117.29034,woody perennial crop,963,0.6210552303970905
550277,36.72163,-120.51138,woody perennial crop,3612,1.189572244514181
514217,36.45912,-119.17616,woody perennial crop,3525,1.2503149605171056
388312,35.8719,-119.24921,woody perennial crop,2418,0
600347,33.31189,-117.07061,woody perennial crop,395,1.1642499528614185
25757,36.67165,-119.32555,woody perennial crop,4268,1.5871547999161888
67393,38.89355,-121.55856,woody perennial crop,4693,0
399494,37.11088,-120.15685,woody perennial crop,776,0.7873918480925324
169963,36.99405,-120.44392,woody perennial crop,3366,0.3634488576546475
180795,36.35902,-119.58933,woody perennial crop,2900,0.7138637380346385
160999,36.67502,-119.44722,woody perennial crop,94,1.1388400170378696
239480,35.94696,-118.98549,woody perennial crop,1728,1.3410497394309575
222589,36.23715,-119.13108,woody perennial crop,3397,0.7629732975301667
345788,37.43804,-121.1325,woody perennial crop,723,1.3820716866989238
445486,34.29305,-119.03612,woody perennial crop,4748,1.1021092344330927
337253,36.9616,-120.42103,woody perennial crop,156,0.6425772916572294
503266,37.46141,-120.52785,woody perennial crop,1769,1.0316169489345752
387931,35.66426,-119.28999,woody perennial crop,1241,0.4490660006343117
294934,35.06187,-120.46193,woody perennial crop,2155,0.8188796458306602
331428,35.13821,-118.98685,woody perennial crop,2751,0.5147353650828921
98994,38.9661,-122.8147,woody perennial crop,850,0.9837790934108552
499925,35.46612,-119.14809,woody perennial crop,4816,0.9580308958778202
143474,37.62758,-120.59611,woody perennial crop,540,0.4649696412798804
363785,34.78532,-120.4113,woody perennial crop,4776,0
475878,38.35345,-121.11114,woody perennial crop,4608,0.7385529543640201
209072,33.17571,-115.86407,woody perennial crop,935,1.4214349534638067
120391,36.10859,-119.13669,woody perennial crop,3098,1.14656823292174
337941,33.32231,-116.96827,woody perennial crop,3545,1.119289949925127
219561,36.63792,-119.48049,woody perennial crop,571,0.84849482333342785
31617,35.24753,-118.84937,woody perennial crop,1706,0
94840,36.59411,-119.65651,woody perennial crop,4706,1.2395130304686854
411459,35.80359,-119.11521,woody perennial crop,4344,1.2091224304128814
285996,35.57666,-119.72244,woody perennial crop,223,0.7863938622835573
126888,35.86869,-119.12456,woody perennial crop,119,0
255529,39.33091,-123.12388,woody perennial crop,4307,0.88494222326236
482392,33.46018,-116.08224,woody perennial crop,1091,0
486846,38.49611,-121.92634,woody perennial crop,1983,1.0433737397733447
596654,35.24776,-118.79196,woody perennial crop,2815,0.5409947575492177
125938,33.1437,-117.02483,woody perennial crop,1411,0.749107391215385
285725,38.66651,-122.82871,woody perennial crop,328,0.6812319129477284
407541,36.33568,-119.21484,woody perennial crop,1417,0.47994193309448807
419041,35.61064,-120.72513,woody perennial crop,2642,0.7620738034800819
388329,36.83928,-120.77564,woody perennial crop,4787,1.2082772816365726
591813,34.28594,-118.95283,woody perennial crop,514,1.034309859069759
25332,36.77945,-119.89452,woody perennial crop,480,0.8708956582167001
350201,38.08551,-121.44552,woody perennial crop,4331,0
112815,34.66818,-120.32147,woody perennial crop,4445,0
100553,39.61369,-121.82797,woody perennial crop,3911,0.6218810263453821
400744,39.93978,-122.19628,woody perennial crop,2294,0.6657579321084393
286988,35.22312,-118.75933,woody perennial crop,2986,0.6162112481819034
114150,35.89628,-119.05614,woody perennial crop,2273,0
107863,36.17577,-119.08499,woody perennial crop,4690,0.48688737392424947
25551,39.21284,-123.19733,woody perennial crop,78,0.47510506650629547
432092,34.37427,-118.94089,woody perennial crop,1292,0.8284641563261805
433608,36.0475,-119.34223,woody perennial crop,3883,0.5569360904225912
511704,36.8662,-120.185,woody perennial crop,4124,0.6844854617458009
25613,36.79595,-120.04503,woody perennial crop,3870,0.930346184399081
369796,34.46466,-119.91006,woody perennial crop,1499,0.462998512914823
441428,39.85163,-121.98288,woody perennial crop,3535,0.7899875062535893
451560,36.89505,-119.69231,woody perennial crop,3027,1.10363595157411
65153,34.37887,-118.98674,woody perennial crop,4435,0.6101822556615785
291573,39.85059,-122.2681,woody perennial crop,1346,1.2124168734877516
505989,34.62133,-120.01132,woody perennial crop,1910,0
356831,38.53809,-121.90441,woody perennial crop,4348,1.6757720312385789
572014,35.75916,-120.71364,woody perennial crop,2859,1.1035053317833339
110101,36.66111,-119.76063,woody perennial crop,4452,0.9239668724049449
465906,36.71637,-119.35922,woody perennial crop,1872,0
113727,36.74216,-119.57659,woody perennial crop,981,0.7218034832309136
328594,35.70638,-120.72601,woody perennial crop,2553,1.0602382700680024
179134,36.40514,-119.74641,woody perennial crop,685,0.7478488077486826
382532,36.43466,-119.17147,woody perennial crop,1903,0
471499,36.53343,-119.47443,woody perennial crop,106,1.110053065198942
370492,37.27497,-120.57048,woody perennial crop,3723,0.9408609482033636
77880,36.69314,-119.6493,woody perennial crop,1491,1.2340056342069268
129560,35.65964,-120.89382,woody perennial crop,3381,0.7385131689261508
528317,36.48626,-119.43128,woody perennial crop,1440,0.5853517521185184
92604,37.22742,-120.7037,woody perennial crop,4447,1.0359652185319326
88431,38.77471,-122.92465,woody perennial crop,338,0.4134129410675753
485273,37.25706,-120.29406,woody perennial crop,3606,1.6952587992592412
36320,36.66805,-119.75725,woody perennial crop,3093,1.2072918781759316
485368,36.401,-119.78859,woody perennial crop,4749,1.1040134878682406
332815,38.36481,-122.9409,woody perennial crop,1742,0.7156702949166841
94637,38.4271,-122.35457,woody perennial crop,2786,0.4815820602620507
67196,36.55433,-119.2431,woody perennial crop,1885,0
447669,36.84221,-120.02591,woody perennial crop,3987,0.6491663661126509
45010,38.44994,-122.38436,woody perennial crop,2621,0
489654,35.2985,-118.82126,woody perennial crop,539,0.6906114243790582
128710,36.22549,-119.1409,woody perennial crop,2828,1.0829481914340164
380624,38.56758,-121.86043,woody perennial crop,330,0.4296759413889738
421084,33.71598,-116.88766,woody perennial crop,755,1.0628591650521222
368887,37.18699,-121.71168,woody perennial crop,2211,0.7423081463642657
426483,38.65132,-122.65752,woody perennial crop,1132,0.5137833571789808
173656,33.50836,-117.01928,woody perennial crop,4428,0.6748284214068294
291300,35.83246,-119.1088,woody perennial crop,4631,0.7625171196618201
590299,37.91419,-121.3407,woody perennial crop,2115,1.3806012840252249
529782,38.61073,-121.86525,woody perennial crop,1069,0.8336631689244897
162388,33.52249,-117.07134,woody perennial crop,139,0.8389837500905116
169456,35.82606,-119.07252,woody perennial crop,3748,0.9779065015271922
502042,33.452,-117.22696,woody perennial crop,2120,0.48246211043768006
581272,36.59106,-119.37563,woody perennial crop,1599,0.5503764975927748
165553,37.84719,-121.16047,woody perennial crop,4073,0
86997,33.2854,-117.12936,woody perennial crop,3233,0.5617244185672414
554703,37.35269,-120.77602,woody perennial crop,582,0.9492563918260014
316885,37.69854,-121.11271,woody perennial crop,4411,0.7682420158938584
463144,38.55187,-122.50294,woody perennial crop,3580,0.7189769890321707
263154,33.71054,-116.86065,woody perennial crop,114,0.609993658165467
251177,36.80165,-120.7435,woody perennial crop,3132,1.2112617328868016
426923,39.20473,-121.50624,woody perennial crop,1213,0.8190187398138288
418926,38.14669,-121.44019,woody perennial crop,4232,0
242427,36.25687,-119.15317,woody perennial crop,4155,0.75845258226371
376619,37.8127,-120.709,woody perennial crop,477,0.7757393013173451
543837,34.89222,-120.41042,woody perennial crop,3827,0
595687,36.66383,-119.53121,woody perennial crop,937,0.41177055619135955
241785,36.0491,-119.44047,woody perennial crop,49,1.3596578831721193
27012,34.41814,-119.52095,woody perennial crop,2966,1.2829108121880546
488935,38.24859,-122.37151,woody perennial crop,3350,0.6418269753402588
293497,37.17939,-121.02851,woody perennial crop,1504,0
586480,36.56907,-119.43735,woody perennial crop,128,0.5736162174765244
253080,38.34424,-121.53675,woody perennial crop,659,1.1157538637557958
481228,37.28511,-120.43798,woody perennial crop,113,0.7973538832695564
63757,39.62579,-122.16059,woody perennial crop,438,1.3241232038638007
87303,38.51151,-122.49381,woody perennial crop,1521,0.9215110383491673
382595,35.99523,-119.16578,woody perennial crop,3550,0.9692427524563137
419808,35.21924,-120.58478,woody perennial crop,3389,0.9172864673242839
163265,38.38946,-122.52261,woody perennial crop,1120,0.8349995611433172
487420,33.56608,-116.19959,woody perennial crop,3320,0
53904,36.69555,-119.49051,woody perennial crop,4553,0.8858002272686682
265191,36.34611,-119.09199,woody perennial crop,4330,0.7540016924678514
159706,37.55046,-121.08264,woody perennial crop,3324,0
534389,33.64353,-116.2139,woody perennial crop,4261,0
361740,33.623,-116.20273,woody perennial crop,828,0
322747,37.37477,-120.53555,woody perennial crop,1269,0.6394038566043706
330457,37.03264,-120.87935,woody perennial crop,3100,0.8226022459106611
452061,38.55591,-123.23456,woody perennial crop,1056,0.571757080307992
408994,36.65257,-119.5169,woody perennial crop,1740,0.5231087549387405
540281,36.01969,-118.99324,woody perennial crop,4,0
49880,38.73534,-121.78314,woody perennial crop,725,0
290485,37.94284,-121.69898,woody perennial crop,4288,0.7293042368744365
98419,38.39266,-121.88138,woody perennial crop,4708,1.3746944483829748
306631,38.24325,-122.40296,woody perennial crop,4188,0.5359378435713844
366559,39.69922,-122.21666,woody perennial crop,762,0
408479,33.19187,-117.16576,woody perennial crop,3875,0.7487517140018843
566521,36.54194,-119.21149,woody perennial crop,2492,0
65695,35.72097,-119.08251,woody perennial crop,3858,1.1292243957445591
27727,35.11065,-118.83526,woody perennial crop,2529,0
119367,34.2115,-119.15628,woody perennial crop,4679,0
116379,36.77587,-119.61123,woody perennial crop,1925,0.7870833002489348
391022,37.58609,-120.88249,woody perennial crop,3691,0.9618460617766262
40825,36.76563,-120.60777,woody perennial crop,4021,1.0197694831077047
307159,35.43798,-119.47034,woody perennial crop,892,0
307673,39.52753,-122.01976,woody perennial crop,2359,0
472163,34.34121,-119.30182,woody perennial crop,1805,0
469175,34.657470000000004,-119.99422,woody perennial crop,4734,1.014469536482267
220612,35.86824,-119.24692,woody perennial crop,2074,0.6311542791097312
28207,39.01888,-122.85064,woody perennial crop,2934,0
575724,39.03738,-121.58007,woody perennial crop,3877,0
28218,36.28764,-119.59436,woody perennial crop,2295,0.8141466433816714
283867,35.99254,-118.97132,woody perennial crop,4569,0.9273920323031382
55542,39.77079,-122.16191,woody perennial crop,86,0.7574446700850415
286236,39.11059,-121.6806,woody perennial crop,4495,0.39474027843451287
530322,39.20301,-121.65067,woody perennial crop,4074,1.136333765146248
451087,38.71025,-122.98484,woody perennial crop,3521,0.44409966433844883
428464,36.63865,-119.39284,woody perennial crop,1125,0.739804299800118
237466,36.19824,-119.29355,woody perennial crop,3511,0.8167193588986457
414800,40.3688,-122.57899,woody perennial crop,4803,1.3826420047752652
132069,36.75028,-119.4572,woody perennial crop,3661,1.0391722485348829
351825,35.71593,-117.84591,woody perennial crop,1004,1.0888238347721702
79266,33.32156,-116.98841,woody perennial crop,3237,0.8896267181010332
44133,35.57698,-121.00002,woody perennial crop,3847,1.1312601386513559
424555,35.64641,-120.64136,woody perennial crop,1603,0.8824453368914468
232380,35.64271,-120.57091,woody perennial crop,732,0
28510,35.68496,-120.58695,woody perennial crop,816,0
325871,36.95151,-121.77678,woody perennial crop,3923,1.0761298162688355
117223,35.04616,-118.99147,woody perennial crop,2874,0.7720216680285933
558507,36.7815,-120.75949,woody perennial crop,4044,0
435867,36.55753,-119.32161,woody perennial crop,1376,0.6096767936473813
147950,36.67064,-119.30688,woody perennial crop,2027,0.616869413615344
442689,36.88551,-120.42214,woody perennial crop,3599,0
285258,38.73924,-122.90674,woody perennial crop,993,0.669357050868652
369354,34.46811,-119.76049,woody perennial crop,3809,0
28809,36.26025,-119.70729,woody perennial crop,2234,0
82473,36.0992,-120.22245,woody perennial crop,123,1.285289970792684
258945,35.55764,-120.76684,woody perennial crop,916,0
232157,37.56986,-120.52309,woody perennial crop,4262,0
304241,38.28293,-121.57788,woody perennial crop,2933,0.9619775258018085
543685,35.06802,-120.46111,woody perennial crop,2963,1.344035487166716
346326,37.58551,-121.05488,woody perennial crop,3669,0
333334,39.61692,-121.78946,woody perennial crop,2769,0.7120173252484372
378874,35.27025,-118.80217,woody perennial crop,4165,1.7031009957045233
332606,39.00537,-121.6034,woody perennial crop,3743,0.6336158165277507
289043,34.35676,-119.08529,woody perennial crop,1445,0
111844,39.81441,-122.17955,woody perennial crop,3933,0.8335052136881295
61134,35.68549,-119.20261,woody perennial crop,2362,1.3293145439999887
178848,35.90134,-121.00764,woody perennial crop,4248,0.9277284315422122
249872,36.5128,-119.79799,woody perennial crop,3216,0
528415,39.11154,-123.16784,woody perennial crop,2681,0.8866194990214092
329116,34.92388,-120.3667,woody perennial crop,1987,1.003368978066789
413351,35.13733,-120.52469,woody perennial crop,3375,0.9419847590451957
156641,38.26086,-122.41882,woody perennial crop,2041,0.839640496366994
405711,35.82222,-119.23579,woody perennial crop,4546,1.2198569629904557
307934,36.9532,-121.78406,woody perennial crop,4145,0
123829,35.92997,-119.21051,woody perennial crop,3473,0.6658421850561851
301071,34.29322,-119.05927,woody perennial crop,3874,0.7781831424892374
65477,37.29827,-122.06346,woody perennial crop,496,1.1607615504131894
572657,34.37431,-118.9872,woody perennial crop,3666,0
439697,36.74361,-119.52641,woody perennial crop,2461,0.7741101188975736
120648,35.6077,-119.12879,woody perennial crop,1316,0.6679141424090728
513899,36.99346,-121.77029,woody perennial crop,1871,1.0001241870793356
204230,36.33465,-121.32629,woody perennial crop,1590,0
329196,37.88502,-121.69399,woody perennial crop,2637,0
390825,32.98013,-115.31303,woody perennial crop,4259,0
503871,38.48228,-122.77261,woody perennial crop,2227,0
68648,35.0562,-119.29707,woody perennial crop,3617,0
373755,34.44405,-119.15605,woody perennial crop,604,0.593584082475236
140643,36.94022,-119.88271,woody perennial crop,1099,0.4638042216147722
351769,36.02724,-119.9955,woody perennial crop,4701,0.3929707545306734
99151,36.78791,-119.61794,woody perennial crop,72,1.284618657590243
278935,39.81298,-122.12676,woody perennial crop,2672,1.6509151380865514
29729,38.30489,-121.24713,woody perennial crop,101,0.6586029771053713
277988,36.63743,-120.21815,woody perennial crop,3095,1.1734945820949283
326568,36.54901,-119.31053,woody perennial crop,1387,0.4909508476444903
99117,35.2681,-118.89118,woody perennial crop,567,0.5254482080184111
155069,35.6798,-119.24428,woody perennial crop,2749,1.005759260349287
582123,36.72958,-120.707,woody perennial crop,1583,1.0826659148117277
40971,35.56443,-119.6588,woody perennial crop,4659,1.166194390451621
201844,38.50409,-122.49141,woody perennial crop,648,1.0926226776771857
109847,38.38169,-122.60733,woody perennial crop,2819,0
287227,38.09026,-120.96927,woody perennial crop,2077,1.0809368442741538
527390,35.29902,-120.42262,woody perennial crop,2125,0.8965575615367428
396770,35.1019,-118.84603,woody perennial crop,1537,0
44267,33.45831,-117.32625,woody perennial crop,1749,1.1494151364528769
341666,34.18645,-119.0049,woody perennial crop,4136,0
411155,33.63576,-116.12217,woody perennial crop,1253,0
589834,35.98255,-119.23936,woody perennial crop,2455,0
541679,36.62049,-120.10009,woody perennial crop,3584,0
364606,35.11624,-118.96384,woody perennial crop,2056,0.48710293130669935
170084,38.61162,-120.65501,woody perennial crop,941,0
52151,36.30944,-121.24804,woody perennial crop,4384,0
163998,35.14586,-118.82159,woody perennial crop,1446,1.3481183381814072
546824,33.74356,-117.72503,woody perennial crop,4513,0
502995,38.27795,-122.49733,woody perennial crop,4028,2.1801357433206348
182946,35.56506,-120.73821,woody perennial crop,2881,0.8487162309237529
300392,36.43639,-119.73129,woody perennial crop,994,1.0384825802201616
378175,33.09025,-116.93646,woody perennial crop,432,0
294204,40.16335,-122.16954,woody perennial crop,2515,0.6640841490412686
275408,38.6645,-122.79481,woody perennial crop,15,0.4626776853580822
283427,36.94099,-121.74908,woody perennial crop,3909,0.6349281569984969
329938,37.76802,-121.11245,woody perennial crop,1403,0
111946,36.88635,-121.67524,woody perennial crop,2231,1.1793468654635793
137633,41.05931,-123.68664,woody perennial crop,2188,1.2417621957766873
338938,35.68512,-120.71037,woody perennial crop,2994,0.4222816963427479
201063,35.06632,-120.28922,woody perennial crop,1995,0.778439179708082
100797,33.75735,-117.50839,woody perennial crop,2984,0
478595,38.42353,-122.35305,woody perennial crop,2167,0
531169,37.88773,-121.18129,woody perennial crop,707,0
149198,38.29099,-121.55588,woody perennial crop,782,0.7374466611584932
447595,34.25851,-119.13186,woody perennial crop,915,0.7313372606916821
325373,39.75037,-122.13558,woody perennial crop,4750,0.5371275070434366
134608,36.12598,-120.13633,woody perennial crop,2837,1.512614574008111
517897,38.44561,-122.43088,woody perennial crop,1348,0
34926,38.06163,-120.97336,woody perennial crop,1577,0.6330955580942212
357441,39.2737,-121.52764,woody perennial crop,1593,0.6561878171827319
458505,35.78081,-119.20642,woody perennial crop,1117,1.0381758567423482
238655,36.74152,-120.37132,woody perennial crop,3355,0.864149487041139
50617,36.95621,-121.79579,woody perennial crop,1545,1.0883656155383048
173989,39.03293,-122.06401,woody perennial crop,214,0
75207,35.95118,-118.95887,woody perennial crop,3148,0.7225696124723789
505288,33.73081,-116.85919,woody perennial crop,4496,0.8495216361565536
425479,35.90405,-119.36722,woody perennial crop,4784,0.9490702013133843
416149,36.1261,-119.00696,woody perennial crop,770,0
241213,39.69211,-123.54304,woody perennial crop,3687,1.0411311102707517
107668,35.23374,-120.60467,woody perennial crop,2144,1.0691215364540474
501571,35.22135,-118.92002,woody perennial crop,1776,0.9250164344204577
95262,36.44326,-119.71395,woody perennial crop,3826,1.2338727974670365
485087,38.53639,-122.01517,woody perennial crop,2141,0
147613,39.54113,-122.2016,woody perennial crop,2846,1.109753445184287
165540,35.59644,-120.80671,woody perennial crop,3099,1.128997208080918
268041,36.28623,-119.1689,woody perennial crop,1209,0.7988209810532131
112175,37.14536,-120.99849,woody perennial crop,1916,0.7702391627066908
30934,33.69643,-114.58866,woody perennial crop,1260,2.146126089476747
264672,36.37002,-120.29177,woody perennial crop,2912,0
492475,38.82043,-121.8805,woody perennial crop,3992,0
76487,35.68069,-120.6862,woody perennial crop,1421,1.0578997413513744
124760,38.83436,-121.62054,woody perennial crop,2477,1.250835681608873
73744,36.4941,-120.12392,woody perennial crop,1529,0
394405,35.5297,-120.57115,woody perennial crop,2349,0.5879649233500696
517283,34.29503,-118.93656,woody perennial crop,4625,1.2332097840170753
279658,37.15971,-121.02627,woody perennial crop,3851,0
70563,37.83743,-121.4117,woody perennial crop,2240,0
232116,39.19899,-122.29164,woody perennial crop,3334,0.4709077440897178
324010,39.83861,-122.00497,woody perennial crop,3279,0.43520994966295173
466853,38.69804,-122.8195,woody perennial crop,3361,1.7537830701870785
540346,36.76945,-119.99062,woody perennial crop,3918,0.6726091724537878
360522,36.5894,-119.52651,woody perennial crop,4807,0.6939510203519689
120340,33.59332,-116.2315,woody perennial crop,4207,1.163822911646882
283463,36.2569,-119.09886,woody perennial crop,2379,1.1730571272194448
334761,37.57992,-121.02029,woody perennial crop,2082,0
294325,38.23281,-122.45006,woody perennial crop,230,0.9249641937596579
161138,34.6545,-120.38019,woody perennial crop,3217,1.254822627747561
347387,38.27529,-122.44343,woody perennial crop,2639,0.47882317113578404
328338,34.48824,-120.0839,woody perennial crop,1581,0.8441462439037867
379260,35.81772,-119.05501,woody perennial crop,3258,0.23505655877288514
596292,39.12252,-122.85956,woody perennial crop,4388,1.399205653410312
96085,36.78774,-119.99974,woody perennial crop,3940,0.37795970335989304
377868,36.72453,-119.88729,woody perennial crop,4352,1.0803778851685104
217299,34.04563,-117.13589,woody perennial crop,4455,1.3659918011795373
123964,41.18458,-120.97578,woody perennial crop,3579,2.0624144629267387
452573,33.35713,-117.03466,woody perennial crop,2955,0.9394832717017354
329118,33.51499,-116.13187,woody perennial crop,2428,0
352332,36.54285,-119.77724,woody perennial crop,2347,0.6034481035879177
170766,36.38744,-119.64277,woody perennial crop,2806,0.6892406746665363
78297,37.00977,-121.95496,woody perennial crop,1397,0
86476,35.60742,-120.7245,woody perennial crop,3295,0.9786676126253686
434539,38.6201,-122.36922,woody perennial crop,171,1.1977260828155567
479981,37.03202,-121.50921,woody perennial crop,1789,1.175247152892062
130204,34.38845,-119.07001,woody perennial crop,4393,0.5690889181814436
230999,36.43416,-119.29813,woody perennial crop,1063,0.9028704203677581
511126,36.66769,-120.00324,woody perennial crop,302,0.5859432692989414
250415,36.87106,-120.19715,woody perennial crop,1467,0.68788304322541
202672,33.53906,-117.32856,woody perennial crop,2318,0.5802464955322525
52776,35.0251,-119.0759,woody perennial crop,4811,1.2466611253289526
589976,37.50007,-121.13058,woody perennial crop,3409,0
590863,38.19361,-121.34258,woody perennial crop,3489,0.642483241626274
217789,37.72656,-120.85125,woody perennial crop,2975,0
196566,36.12962,-119.45374,woody perennial crop,1863,1.1438484405999108
43189,41.06325,-121.52638,woody perennial crop,2352,1.593703813915848
178580,36.30598,-119.18739,woody perennial crop,1185,0
446500,39.55364,-121.83706,woody perennial crop,150,0
464476,35.75992,-119.10186,woody perennial crop,70,0.6638126212339935
437663,37.46265,-121.10817,woody perennial crop,2908,0.90101982106253
153759,35.41803,-120.79601,woody perennial crop,787,0.8202817564625927
582861,38.647,-120.67092,woody perennial crop,2948,0
32633,36.56113,-119.26229,woody perennial crop,3066,1.1358339300804932
461494,36.76305,-119.56739,woody perennial crop,4087,0.7586901752858904
306681,39.33899,-121.67832,woody perennial crop,1927,1.3927047268502244
205600,36.92512,-119.8098,woody perennial crop,3750,0.6940578180392375
85708,34.62308,-120.11901,woody perennial crop,3590,0.9435967133740981
321992,35.8788,-119.51656,woody perennial crop,3036,1.5721400656932618
528322,38.92058,-122.5873,woody perennial crop,4356,1.0616215670736517
202328,36.02558,-119.53138,woody perennial crop,2226,0
586116,33.48724,-116.12421,woody perennial crop,1221,0.790008018328947
350352,38.16638,-121.19344,woody perennial crop,4313,0.5646318284984471
344423,36.30302,-119.17332,woody perennial crop,1013,0.6206335484982206
464708,36.94502,-120.12166,woody perennial crop,1395,0
280821,36.67314,-119.56675,woody perennial crop,1936,0.6761783863839375
166471,36.81096,-119.51043,woody perennial crop,4260,0
330065,36.90936,-121.43225,woody perennial crop,482,0.9643115191965436
570127,34.59329,-120.25115,woody perennial crop,2150,0.8558846745385993
32956,35.24925,-120.58801,woody perennial crop,742,1.3877780696821334
117724,38.21789,-121.39531,woody perennial crop,4093,0
228519,39.03225,-122.64122,woody perennial crop,4691,0
583314,35.77805,-119.11746,woody perennial crop,227,0.8673096487547981
542833,37.14002,-120.58294,woody perennial crop,996,0.8018646628262855
348625,38.18275,-121.33028,woody perennial crop,3274,0.6914259266069575
98048,35.08553,-119.26499,woody perennial crop,1609,0
509369,39.85337,-122.15255,woody perennial crop,3042,0.672012626399906
548387,35.21365,-118.78919,woody perennial crop,2691,0.7117179737099398
33111,35.06807,-119.26699,woody perennial crop,3450,1.374144161474242
33118,36.90205,-120.18121,woody perennial crop,3782,0.9722769306179441
475944,37.87192,-121.65553,woody perennial crop,3427,0.4977725442062506
146976,34.65504,-120.34323,woody perennial crop,63,0
227209,38.49434,-122.76377,woody perennial crop,2512,0.9661915283148428
275789,36.71218,-119.87907,woody perennial crop,4367,1.0415163916055696
74285,38.09625,-121.19675,woody perennial crop,4175,0.9223822497987704
419006,39.70593,-122.24641,woody perennial crop,2353,0.9560366344398461
70903,35.61062,-119.20888,woody perennial crop,614,0.7571553989349241
175442,37.82474,-121.20419,woody perennial crop,3317,1.4431907511472963
178628,35.77417,-119.16403,woody perennial crop,3740,0.5920728684684923
229590,36.41796,-121.29336,woody perennial crop,3814,0.8304423610430435
33296,35.52014,-120.71274,woody perennial crop,3465,0
33304,35.96553,-119.01883,woody perennial crop,1170,0
224677,39.77663,-122.14895,woody perennial crop,4283,0.7205250883096588
554732,36.62244,-119.96543,woody perennial crop,19,0
221008,36.52838,-119.24061,woody perennial crop,1335,0.5566311812922206
141622,34.70225,-118.29545,woody perennial crop,1833,0
439250,36.68018,-120.07665,woody perennial crop,978,0.8246121357172402
250488,39.83968,-122.0364,woody perennial crop,2158,0
568413,39.38345,-121.67982,woody perennial crop,3406,0.8943924403415654
348719,33.52425,-117.04143,woody perennial crop,3437,0.9342962160182846
405028,33.11596,-117.21227,woody perennial crop,845,0.8698675614907733
33735,39.62162,-122.09825,woody perennial crop,4453,1.35468544771257
238374,39.29707,-121.40946,woody perennial crop,1905,0
107331,38.70425,-122.82469,woody perennial crop,320,0
217669,39.87182,-122.15395,woody perennial crop,3652,0.7749870731876038
591132,38.89976,-121.53802,woody perennial crop,4295,0.6274167218512164
283043,38.75598,-120.85975,woody perennial crop,239,0
184650,35.89002,-119.1771,woody perennial crop,3286,0.5030167130474351
48594,38.54573,-122.50861,woody perennial crop,2776,0
33996,36.47953,-119.202,woody perennial crop,1355,0
108414,38.31239,-121.18651,woody perennial crop,3890,0
122930,38.74278,-120.70252,woody perennial crop,3140,0.8496769513743455
538395,39.07537,-122.19127,woody perennial crop,4250,0.7713003117497
494645,37.62432,-120.83775,woody perennial crop,2718,0.6842518492022897
312779,35.77808,-119.11289,woody perennial crop,2978,0.7955668049976847
58985,33.44981,-116.08949,woody perennial crop,953,0.743746955519051
129251,35.52238,-119.16067,woody perennial crop,1800,0.47234950474424037
286737,33.34885,-117.17897,woody perennial crop,2822,0
240814,38.3176,-121.92222,woody perennial crop,3543,0.8227239475398911
549257,36.65327,-119.47325,woody perennial crop,2750,0
568319,39.72615,-122.15423,woody perennial crop,3575,1.2899705052469868
464867,39.68857,-121.79569,woody perennial crop,4621,0.6218454057344348
264798,36.06803,-118.87378,woody perennial crop,3019,1.0435137402393544
131609,35.67535,-120.66155,woody perennial crop,818,0.8570873305774961
137438,34.31072,-119.18571,woody perennial crop,4003,1.2235692364347104
166356,34.37545,-119.43878,woody perennial crop,3028,1.1606629883735478
518844,35.86391,-120.8763,woody perennial crop,3973,0
389578,35.88097,-119.28828,woody perennial crop,2508,0
245564,34.67081,-120.33338,woody perennial crop,1432,0
258777,32.87792,-115.5378,woody perennial crop,1756,1.463502725441325
221234,36.68535,-119.84345,woody perennial crop,3232,0.9749425224920263
490990,36.72447,-119.89162,woody perennial crop,3468,0.6393716533892413
434463,37.55527,-120.83716,woody perennial crop,2899,1.2401186990686506
119494,36.81096,-120.11701,woody perennial crop,4504,1.129618415354201
142989,36.35991,-119.21093,woody perennial crop,4591,1.0520021247299858
348829,39.26814,-121.1024,woody perennial crop,3670,0.9014931903470382
347525,34.65045,-120.34282,woody perennial crop,4346,0.7803417559214385
304323,38.26806,-122.46337,woody perennial crop,4790,1.096544962240381
287303,38.28636,-122.24318,woody perennial crop,272,0.7887672001291628
129599,38.3133,-122.24825,woody perennial crop,2739,0.5366007619520761
444725,36.51709,-119.25862,woody perennial crop,2135,1.652766804801703
366980,35.80251,-120.56301,woody perennial crop,4683,0
34958,34.41207,-119.5324,woody perennial crop,3838,0
201243,35.56749,-120.50814,woody perennial crop,2616,0.8716034319042323
514601,38.50728,-122.70151,woody perennial crop,3724,0.5567531025761621
250401,34.33086,-119.09952,woody perennial crop,4065,0
581126,34.45516,-119.87331,woody perennial crop,1762,0.6422573510818529
225392,38.26428,-121.16911,woody perennial crop,2870,0.7143093221638
245749,37.67745,-121.08713,woody perennial crop,2491,0.620292114143642
482401,34.00202,-117.61048,woody perennial crop,4497,1.306455271901299
548252,38.30268,-121.57533,woody perennial crop,172,0
91730,34.45524,-119.83326,woody perennial crop,1001,0
357629,38.92409,-122.02115,woody perennial crop,2291,0
558613,37.96679,-121.12165,woody perennial crop,2385,0.9788250238203974
165065,35.42097,-118.82196,woody perennial crop,2853,0.630896398734456
196495,35.4552,-119.27151,woody perennial crop,2073,1.02111613466973
602137,39.50615,-121.98064,woody perennial crop,907,0
356426,39.06776,-122.95177,woody perennial crop,911,1.0896412455691198
132402,36.95687,-119.6513,woody perennial crop,1016,1.0860919418965387
142238,38.99005,-122.86051,woody perennial crop,3180,1.4607606402816105
35389,35.53551,-120.62599,woody perennial crop,700,0.9191418266874453
566366,38.41961,-122.50721,woody perennial crop,2891,0.9420811949296177
236256,36.99929,-119.94104,woody perennial crop,2571,0.43772766199291163
234159,38.71358,-121.87772,woody perennial crop,2762,0.709539977822112
570066,35.52269,-120.74484,woody perennial crop,2663,0
85740,38.70792,-122.06406,woody perennial crop,4251,0.41075525078431446
217350,33.31991,-117.02287,woody perennial crop,1536,0.563627761031837
53896,37.83181,-120.86822,woody perennial crop,2872,0.8950151625923095
43004,37.20198,-120.32738,woody perennial crop,4269,1.0366362965488367
222641,35.05277,-120.46925,woody perennial crop,4358,0.7273203077062761
311775,38.23707,-121.5371,woody perennial crop,1912,0
227987,36.55139,-119.55511,woody perennial crop,4277,1.04181307425507
36192,35.52459,-119.28734,woody perennial crop,3755,0
579363,34.46952,-119.2008,woody perennial crop,3762,0
341358,39.08271,-123.15417,woody perennial crop,1107,0.7365966130944528
466365,36.85462,-120.36216,woody perennial crop,4451,0.7327985287761283
167788,38.65453,-121.85348,woody perennial crop,1705,0.683703100325954
366067,37.44166,-120.69172,woody perennial crop,3534,0.2712295973693268
217464,35.75216,-119.81845,woody perennial crop,2084,0.8927646180909024
304483,37.05679,-120.10584,woody perennial crop,4536,0.9864792741929764
493010,35.65351,-120.86166,woody perennial crop,2020,0.43586449969399044
371524,38.24532,-122.472,woody perennial crop,1060,0.5311695435194488
419152,34.97306,-120.3108,woody perennial crop,3457,0.9878228170213655
454990,36.51817,-119.26477,woody perennial crop,2752,0.4674445417519423
269843,38.39857,-122.85878,woody perennial crop,2852,1.0522111823687053
347066,38.54459,-122.50437,woody perennial crop,2558,1.1742583141269836
335744,40.00824,-122.20413,woody perennial crop,3445,1.1072662858149884
590123,33.72656,-116.90962,woody perennial crop,2723,0
224544,36.70354,-120.13422,woody perennial crop,3998,0
225686,39.37304,-121.57421,woody perennial crop,3846,1.1124476814414936
364895,36.9926,-121.77926,woody perennial crop,168,0
552329,34.76492,-119.42963,woody perennial crop,3679,1.4142006055100194
61781,35.23965,-118.99017,woody perennial crop,3248,1.8532880060632693
584367,38.20998,-121.6123,woody perennial crop,3105,0
125848,38.26525,-121.18504,woody perennial crop,3657,0
149491,35.80243,-119.55332,woody perennial crop,4196,0.9654975190819018
129208,38.91676,-122.73952,woody perennial crop,1695,0.5052651433027914
214639,39.18822,-121.59492,woody perennial crop,4361,1.0201031629649975
535927,33.34375,-117.20496,woody perennial crop,375,0.7186527409173975
65539,37.41827,-120.771,woody perennial crop,2406,0
564258,37.45676,-120.79783,woody perennial crop,2779,0.9003762965209103
510248,38.49509,-122.83722,woody perennial crop,1892,0.4633506885437666
483692,35.78361,-119.86988,woody perennial crop,2059,1.1962303607442497
362135,36.91921,-120.60184,woody perennial crop,2850,0
249945,35.84159,-119.11992,woody perennial crop,349,0.8463381391612531
98219,36.45613,-119.46429,woody perennial crop,3859,0.9312910377316721
524722,38.45389,-122.31065,woody perennial crop,118,0.49755601993434867
39081,34.30207,-119.18129,woody perennial crop,1389,0.470654351788383
558143,33.45048,-117.34133,woody perennial crop,3330,0
102521,33.53998,-115.97179,woody perennial crop,1381,0
186604,36.63556,-120.60898,woody perennial crop,3325,0
498656,39.14496,-121.94176,woody perennial crop,1659,1.6171770512582266
50598,36.81272,-120.59576,woody perennial crop,1862,0
398482,34.03578,-117.22923,woody perennial crop,4473,0.8584425573856032
496540,36.43785,-119.1652,woody perennial crop,4170,0.7282506013193577
238091,36.16866,-119.06839,woody perennial crop,300,1.3839382788840584
136954,36.35218,-119.19652,woody perennial crop,3937,0
142618,39.64702,-121.90537,woody perennial crop,2153,0.9815180706729373
87928,36.4636,-119.83672,woody perennial crop,3142,0.8745126246223328
101734,38.13881,-121.21323,woody perennial crop,3832,0.38572916823566744
240985,36.45796,-119.53319,woody perennial crop,2250,0.8128685200685802
273086,38.22648,-122.2357,woody perennial crop,3737,0
325110,35.48354,-119.2633,woody perennial crop,4130,1.1923402406025578
231755,39.14219,-123.15924,woody perennial crop,2856,0.4944829603071693
115507,39.95064,-122.18239,woody perennial crop,893,0
38480,37.04962,-120.62156,woody perennial crop,398,0
275986,37.86827,-121.65367,woody perennial crop,977,0.1542443343295446
309980,37.71267,-121.16379,woody perennial crop,1129,0
81087,38.93133,-121.95181,woody perennial crop,1782,0.5080849206136262
536650,36.13961,-119.23551,woody perennial crop,4183,0.9233550955997866
565399,38.81064,-121.89574,woody perennial crop,224,0
76364,36.27735,-119.36738,woody perennial crop,2626,0.7880146936887599
38730,36.11501,-119.3948,woody perennial crop,1751,1.0876216169727475
202731,39.74982,-122.16749,woody perennial crop,1205,0
347238,36.91112,-121.65534,woody perennial crop,968,1.3498599242702518
357925,34.70087,-120.39356,woody perennial crop,634,0
300472,33.54661,-117.00949,woody perennial crop,1301,0.5023339880645693
38868,36.11455,-119.12296,woody perennial crop,2410,1.4117816543788948
314633,36.97752,-121.7726,woody perennial crop,1634,0.5792540835535998
542909,35.60375,-120.83285,woody perennial crop,3161,0.789918571209535
544232,37.31504,-120.6183,woody perennial crop,2091,1.1349133552663362
451375,36.36266,-119.11891,woody perennial crop,2576,0
75203,38.70121,-122.0164,woody perennial crop,4157,1.1458133422641497
38963,39.09574,-121.67864,woody perennial crop,1029,0
113439,35.54598,-119.69434,woody perennial crop,1195,1.3644624557952856
543754,33.65137,-116.10428,woody perennial crop,4091,0
520389,41.97223,-121.92208,woody perennial crop,2214,0
535040,41.79868,-122.03721,woody perennial crop,3370,0
287761,39.3437,-121.70748,woody perennial crop,3491,0.5841949867973063
435628,38.26538,-121.17937,woody perennial crop,674,0.7849561436007615
385768,37.76264,-120.69284,woody perennial crop,2634,0
583213,36.66618,-119.39689,woody perennial crop,151,0.6522115265314266
39402,36.30024,-119.17068,woody perennial crop,3391,0.5869896597651647
387800,38.6868,-121.962,woody perennial crop,973,0.9388760118110264
83569,35.21003,-120.57185,woody perennial crop,4757,0.8028102128434323
339334,35.06472,-120.48749,woody perennial crop,2095,0.7968648140916059
167532,39.61931,-122.27043,woody perennial crop,4779,0.7466272526009852
210645,33.58203,-116.03394,woody perennial crop,2468,1.7690012136560844
459100,36.30342,-120.23387,woody perennial crop,1308,1.0596720608209953
506467,33.62682,-116.20413,woody perennial crop,3588,0
162078,33.62294,-116.12191,woody perennial crop,1143,1.1433071034949867
271910,36.66553,-119.8963,woody perennial crop,3802,0.33825644529610416
395654,33.5382,-115.99434,woody perennial crop,1888,0
443183,36.82166,-121.36912,woody perennial crop,4154,1.1581818310047511
465908,34.24638,-119.23641,woody perennial crop,3008,0
513637,36.00703,-121.14618,woody perennial crop,2078,0
566889,36.85955,-119.90782,woody perennial crop,2676,0
219798,35.45396,-120.83449,woody perennial crop,4471,1.292699709236662
316635,36.72392,-120.70647,woody perennial crop,55,0
218983,36.24936,-119.16099,woody perennial crop,2695,0
176652,38.24557,-122.40942,woody perennial crop,3501,1.001666143531421
521725,36.44688,-120.3338,woody perennial crop,2798,1.7860602611345289
452461,36.582,-119.79362,woody perennial crop,4651,0
353665,34.42153,-118.94937,woody perennial crop,1382,1.1643320876609973
570037,39.16279,-121.73681,woody perennial crop,4389,1.7556059070505294
247992,36.65903,-119.68756,woody perennial crop,213,0
464763,36.51674,-119.53059,woody perennial crop,3738,0.8317766309311255
177490,37.83647,-121.52857,woody perennial crop,564,1.3601599646297737
47221,36.93846,-120.00483,woody perennial crop,493,1.1973708263467109
398024,37.27652,-121.03462,woody perennial crop,1051,0.9975115223842264
533344,37.29654,-120.51306,woody perennial crop,3610,1.3557951317961103
81372,39.18647,-121.66293,woody perennial crop,3845,0.9132418474992336
48089,37.46496,-120.60241,woody perennial crop,4660,0.9017815086453559
490482,36.3348,-119.18601,woody perennial crop,1259,0
500846,38.97178,-122.84872,woody perennial crop,1183,1.1799743783857106
41010,33.0287,-116.95044,woody perennial crop,4698,1.5285054292504687
499498,35.54598,-120.62937,woody perennial crop,3894,0.591581452311226
482420,38.18858,-121.07791,woody perennial crop,1560,0
485125,36.43756,-119.21824,woody perennial crop,4090,1.2090310137566718
266517,35.42345,-119.16989,woody perennial crop,817,0
273654,37.41773,-120.84197,woody perennial crop,4681,0.9116756490400986
206977,36.53454,-119.53549,woody perennial crop,378,0.4451860771657211
183274,35.91007,-119.26491,woody perennial crop,2388,1.2154440087695895
41411,33.56398,-116.03409,woody perennial crop,736,0
491099,36.93124,-119.83219,woody perennial crop,3163,0
158179,39.65644,-121.82604,woody perennial crop,1052,0.7334282464434883
276695,38.58776,-122.8685,woody perennial crop,3565,0
77149,39.35607,-121.60565,woody perennial crop,200,0
601107,38.60247,-120.715,woody perennial crop,3995,0.7233259263938004
75820,36.98071,-121.803,woody perennial crop,2521,0
41831,38.49369,-121.78013,woody perennial crop,261,0
41625,38.73935,-122.94923,woody perennial crop,2950,0.5370626671302344
447752,36.64598,-119.49637,woody perennial crop,2821,1.3236847190571672
601221,37.04567,-121.50857,woody perennial crop,4424,1.1049632434419567
121620,33.48621,-116.14786,woody perennial crop,1826,0.7475385801475183
288851,35.95647,-118.98689,woody perennial crop,4551,0
212938,39.03626,-121.34963,woody perennial crop,3372,0.5837845253458888
374595,38.10057,-120.48353,woody perennial crop,4052,0.4120898182211027
96560,36.01767,-118.9764,woody perennial crop,620,1.101635242019906
242369,36.46172,-119.64756,woody perennial crop,2088,1.2768993178707684
267964,38.14361,-121.34124,woody perennial crop,1982,0.6058658639058435
181476,39.10664,-123.48427,woody perennial crop,1683,0.5188354793074224
504960,40.45684,-122.43722,woody perennial crop,4377,0.9809849758529146
172771,34.1761,-119.04423,woody perennial crop,1118,1.768881073375563
326531,38.98858,-121.60378,woody perennial crop,2132,0
128971,38.40717,-122.38993,woody perennial crop,87,1.1345322695077933
118619,36.88392,-120.64493,woody perennial crop,1010,0.5278961049701926
120795,38.51248,-122.47305,woody perennial crop,2313,1.070837714902875
42701,36.43811,-120.15238,woody perennial crop,2427,0
42730,38.17946,-121.1231,woody perennial crop,1184,0
42738,39.58591,-122.22841,woody perennial crop,85,0
307657,38.32023,-122.92572,woody perennial crop,4480,0
278989,33.62492,-116.19955,woody perennial crop,1019,0
316864,40.07632,-122.25729,woody perennial crop,3383,0.6201239211738255
42796,37.07574,-120.63915,woody perennial crop,4465,0
317750,36.51781,-119.4538,woody perennial crop,2951,0
473303,35.55605,-119.11903,woody perennial crop,1336,0.6880432753704602
253236,34.96143,-120.47918,woody perennial crop,4109,0.6448885362969113
201757,35.98145,-118.98074,woody perennial crop,4516,0
140405,35.45353,-120.41708,woody perennial crop,1745,0
333569,35.57116,-119.17858,woody perennial crop,1989,0.8208895472455909
77024,33.56879,-116.02706,woody perennial crop,322,1.0464195147577777
415005,38.29801,-122.42875,woody perennial crop,2009,0.818689761437476
125536,39.15172,-122.25096,woody perennial crop,4239,0.7768227097617342
59721,36.59532,-119.76154,woody perennial crop,1084,1.3437674784967066
187203,37.78288,-121.07539,woody perennial crop,1487,0.9494694344502972
164909,37.07088,-120.64968,woody perennial crop,3997,1.0801696730515116
106315,40.19431,-122.19356,woody perennial crop,1523,1.2474669390585793
589276,38.19757,-121.43436,woody perennial crop,2804,0.6656666182135725
569569,36.79511,-120.76334,woody perennial crop,1945,1.2299992743123975
122980,37.19074,-120.40785,woody perennial crop,2730,2.1965615063840103
43718,36.64867,-119.29317,woody perennial crop,2286,0
451166,36.65631,-120.08154,woody perennial crop,2481,0
192033,39.10341,-121.66111,woody perennial crop,747,1.2571314881573168
161206,34.31129,-118.93321,woody perennial crop,4205,0.8634609531069318
59926,38.19746,-122.5392,woody perennial crop,4777,0.2944836294890081
359342,40.42054,-122.21539,woody perennial crop,4652,0
222167,36.56032,-121.55679,woody perennial crop,3698,1.2515552523494655
521387,34.7558,-120.21839,woody perennial crop,1162,0.796312023145753
509934,40.59931,-122.42171,woody perennial crop,3362,0
206783,36.27891,-120.11923,woody perennial crop,4592,0
44316,36.78968,-120.72231,woody perennial crop,3609,1.3745700042650215
269833,35.72475,-119.15058,woody perennial crop,1339,0
376865,38.44782,-122.18874,woody perennial crop,3022,0
133734,38.56972,-122.80925,woody perennial crop,4347,0.6233983224930736
514051,39.69445,-122.18082,woody perennial crop,4704,1.57596171423729
449252,39.36605,-121.57391,woody perennial crop,373,0
318065,38.89167,-121.2075,woody perennial crop,1993,0
357411,35.04142,-120.4606,woody perennial crop,2339,0
44540,35.28298,-118.77421,woody perennial crop,1232,1.3453414816644207
77379,36.26201,-119.16203,woody perennial crop,4718,0.9510290633469429
433366,38.27193,-122.41544,woody perennial crop,190,0.5385507583166421
584451,34.7596,-120.30116,woody perennial crop,4085,0
329264,38.00168,-121.74669,woody perennial crop,573,0
473183,38.22778,-121.45794,woody perennial crop,2945,1.3647095994108174
120417,36.75957,-119.54511,woody perennial crop,3537,1.2796884500420584
89577,35.83254,-119.38619,woody perennial crop,1847,1.3152660880967841
383344,34.85424,-117.19456,woody perennial crop,1228,0
488905,35.06709,-120.49155,woody perennial crop,1482,0
45043,33.41028,-117.22667,woody perennial crop,138,0.8526645961533371
553928,36.24199,-119.72366,woody perennial crop,2297,0
564847,38.12258,-121.07937,woody perennial crop,2093,0.7562894387936288
45134,33.52395,-116.11626,woody perennial crop,1281,1.237393507561872
209082,38.77032,-120.57463,woody perennial crop,615,0
513645,34.32268,-118.96179,woody perennial crop,2018,0.8875722347118433
230951,33.31626,-116.97102,woody perennial crop,3876,1.0149404044558341
349328,38.51945,-122.76136,woody perennial crop,1039,0.7027756425981088
114345,39.81437,-121.97781,woody perennial crop,3570,0
332722,35.73459,-119.1108,woody perennial crop,233,0.8798591301488521
304532,38.39481,-122.64383,woody perennial crop,1416,0.761991609180654
199478,36.06909,-119.581,woody perennial crop,2523,0.8829884602829935
367609,35.64589,-120.87027,woody perennial crop,1522,0.3354882881680433
182342,38.41825,-122.8858,woody perennial crop,541,0
329195,37.88562,-121.69331,woody perennial crop,532,0
320573,36.85019,-120.13503,woody perennial crop,3976,0
232014,33.29608,-117.14346,woody perennial crop,435,0.47504676694772496
449172,36.56524,-119.87878,woody perennial crop,1681,0
225157,36.47236,-119.55681,woody perennial crop,4460,0.6597262069765117
86824,40.00986,-122.09986,woody perennial crop,3192,0
52318,35.07867,-119.10296,woody perennial crop,3264,1.4694900922023162
354570,36.42914,-119.7726,woody perennial crop,1799,0.8890966517134778
383248,37.45461,-121.12677,woody perennial crop,1321,1.1373077234071143
159175,39.91234,-122.07123,woody perennial crop,4054,0
144602,39.63159,-121.7957,woody perennial crop,4000,0
92443,37.07071,-120.06583,woody perennial crop,3903,1.277427301649487
268550,39.3005,-123.20329,woody perennial crop,4129,0.598601586548299
465301,39.34273,-123.13238,woody perennial crop,3626,0.4675724880497923
402543,36.87292,-119.70107,woody perennial crop,3430,0
440621,36.65947,-119.73536,woody perennial crop,61,0.5186860339481388
210041,35.94451,-119.10632,woody perennial crop,1364,0.6465215410647316
328498,38.1562,-121.23621,woody perennial crop,3664,1.3253011658227491
510571,35.11033,-118.62259,woody perennial crop,3446,0
154419,38.97522,-123.07258,woody perennial crop,4808,0
179246,36.68186,-119.56958,woody perennial crop,1774,1.2187840148387807
587382,37.64981,-120.8554,woody perennial crop,3519,0.6961526260720806
584521,39.82056,-122.09226,woody perennial crop,2198,0.6229797085960683
120016,39.03727,-121.67755,woody perennial crop,3980,0.9379250141888672
295849,34.31341,-118.93252,woody perennial crop,256,0
195214,36.32972,-119.12355,woody perennial crop,1448,0.8470789479037363
585837,34.24825,-118.97825,woody perennial crop,3739,0.8444317638295019
217942,38.92826,-121.55032,woody perennial crop,3596,0.5235428787662054
167761,38.99886,-121.29281,woody perennial crop,3368,0
392406,36.76507,-119.53,woody perennial crop,4022,0
561403,36.56022,-119.41402,woody perennial crop,1665,0
326712,39.8812,-122.28109,woody perennial crop,4125,0
204103,38.69983,-122.11334,woody perennial crop,4492,0.628623464541864
171148,36.5952,-120.1286,woody perennial crop,2917,0.9068996805406636
402464,36.26321,-119.10663,woody perennial crop,329,0.6200278950864394
91147,35.56867,-120.52991,woody perennial crop,3202,0.7342213630222751
47568,33.51562,-117.03224,woody perennial crop,1794,0.6147259920117573
47610,36.28018,-121.31316,woody perennial crop,1298,0.6803473867122637
125807,38.92457,-123.29421,woody perennial crop,995,1.1383259842081774
549947,38.25128,-122.46468,woody perennial crop,3337,0
305981,36.78458,-119.40064,woody perennial crop,1569,0.6643677722921798
483471,35.50029,-119.65864,woody perennial crop,866,1.5843950342579045
261199,34.39387,-119.44625,woody perennial crop,3488,0.38990740306038224
123456,38.49189,-122.83823,woody perennial crop,4008,1.0866700615158889
499493,35.77899,-119.40378,woody perennial crop,985,0
118144,36.28348,-119.28541,woody perennial crop,4738,0
286235,38.54747,-120.79533,woody perennial crop,609,1.1261627444035736
290146,35.81814,-120.66296,woody perennial crop,3813,0
48611,35.62855,-119.62289,woody perennial crop,3593,0
48638,36.133,-120.19567,woody perennial crop,192,0.8503443948174536
289263,33.46051,-117.21176,woody perennial crop,265,1.0288181140599844
385995,36.89384,-119.84619000000001,woody perennial crop,3532,0
265704,39.12917,-121.66892,woody perennial crop,1300,1.0595906959985486
74339,36.42752,-119.13045,woody perennial crop,3428,1.1206076612615634
68507,40.86721,-123.445,woody perennial crop,4082,0
379516,38.91389,-122.74796,woody perennial crop,2667,0
134194,36.12479,-119.14055,woody perennial crop,1371,0
543504,38.94246,-121.18782,woody perennial crop,3110,0
509131,38.38867,-121.54547,woody perennial crop,1050,0.5242829885074519
528280,38.41876,-121.1769,woody perennial crop,2440,0
529454,37.66316,-121.32716,woody perennial crop,4538,0.9440092044157178
299160,38.79127,-122.17004,woody perennial crop,3873,0.643593715190111
120176,36.44502,-119.18659,woody perennial crop,3848,1.1528985144446944
397154,38.925,-121.39121,woody perennial crop,3756,0
298594,36.5039,-119.51838,woody perennial crop,3265,0.04563449124903833
49009,36.519,-119.47955,woody perennial crop,466,1.1883218981319719
324513,36.41446,-119.17631,woody perennial crop,91,0.5239822056316268
353340,38.58101,-122.56249,woody perennial crop,504,0
52133,38.29417,-121.18452,woody perennial crop,2583,0
557317,38.36371,-122.83929,woody perennial crop,1918,1.330752270820486
318750,38.25731,-121.21399,woody perennial crop,2608,0
152138,37.15757,-120.10885,woody perennial crop,1410,1.1576140173635432
549522,33.42271,-117.29932,woody perennial crop,2473,0
115438,39.13621,-123.66054,woody perennial crop,269,1.348148066091804
371578,39.85432,-121.98253,woody perennial crop,2416,0
363822,38.72644,-121.33148,woody perennial crop,1986,0
571084,36.62734,-119.40262,woody perennial crop,1646,0.7431143689890137
238646,36.76184,-120.31891,woody perennial crop,1456,0
49593,36.02724,-119.99428,woody perennial crop,406,0
176336,36.63501,-119.70777,woody perennial crop,4689,1.2096134977045725
419829,38.00689,-121.74739,woody perennial crop,635,0
177282,35.67227,-119.07255,woody perennial crop,4425,0
454839,34.88004,-120.34383,woody perennial crop,3496,0.9856925761940303
95255,35.30314,-120.6716,woody perennial crop,1623,0
412911,39.57325,-121.7107,woody perennial crop,4585,0
541168,39.09177,-123.18524,woody perennial crop,4458,0.7068898478118165
507878,39.33945,-121.53918,woody perennial crop,4057,0.9278964825415928
182846,36.81895,-120.59355,woody perennial crop,903,1.153475381941082
248603,38.09903,-121.13084,woody perennial crop,1727,0.7839800113808739
553849,35.46067,-119.23877,woody perennial crop,1274,0.5903372947350011
399538,37.54565,-120.68896,woody perennial crop,1829,0
409411,38.39993,-122.34655,woody perennial crop,3271,1.6793818279615462
263742,36.32068,-119.22801,woody perennial crop,1433,0.7531139634302494
548478,38.96523,-122.79643,woody perennial crop,2283,1.132223420913634
556504,37.57622,-120.87562,woody perennial crop,3119,0.6114216146025756
172712,36.51625,-121.39404,woody perennial crop,3213,0.8902915200586974
428635,36.55745,-119.36639,woody perennial crop,3447,0
406162,38.17324,-121.34889,woody perennial crop,115,0
342582,38.27756,-122.49284,woody perennial crop,3586,0
119257,39.21516,-123.12016,woody perennial crop,3441,0.7140604877841511
528372,38.02945,-121.03256,woody perennial crop,2647,0
327124,35.06707,-119.30699,woody perennial crop,1942,0
86163,36.22149,-119.29452,woody perennial crop,2748,1.3170018613494177
83164,38.37104,-122.01264,woody perennial crop,4817,0.8127131766464193
143333,34.36256,-119.11057,woody perennial crop,2058,0.7269967241238057
322558,39.28471,-121.62315,woody perennial crop,530,0
256518,36.99927,-120.81512,woody perennial crop,1712,1.361757208904224
60445,34.41389,-119.50971,woody perennial crop,1541,0.696810934291306
114359,37.60117,-120.9121,woody perennial crop,1534,1.3293613317118338
172869,36.26636,-119.97011,woody perennial crop,4685,0
567174,36.15042,-120.15201,woody perennial crop,3466,1.0423519610158598
165981,35.96254,-119.20119,woody perennial crop,1957,1.278930170001719
256370,34.29681,-119.14631,woody perennial crop,3899,0.4478160896088468
259412,39.6604,-121.75798,woody perennial crop,4644,0.7470297972543408
128859,38.99037,-122.88015,woody perennial crop,576,1.072528028048756
499339,39.46181,-121.94316,woody perennial crop,4004,0.4645996271715114
252652,37.83868,-121.10644,woody perennial crop,3327,0
51091,36.9833,-121.80569,woody perennial crop,440,0
142831,37.16519,-120.0935,woody perennial crop,274,0
267748,38.01473,-121.04253,woody perennial crop,246,1.2150518283177885
120409,35.46589,-119.12406,woody perennial crop,4596,1.4047442801225558
210091,36.56989,-119.83941,woody perennial crop,2878,0.857619239655329
567768,34.3006,-119.17714,woody perennial crop,2008,0.7167289629395105
263850,38.14881,-121.21318,woody perennial crop,303,1.2689651501363275
454559,36.24285,-120.07053,woody perennial crop,2459,0
378615,36.98008,-120.13439,woody perennial crop,2915,0
132999,39.63515,-121.71266,woody perennial crop,3131,1.3769514743887272
495651,37.85143,-121.45554,woody perennial crop,3769,0
471936,36.71868,-119.52801,woody perennial crop,4007,0.6348497339583598
333474,38.33668,-122.66127,woody perennial crop,2247,1.4268651017043728
95737,39.1693,-121.52792,woody perennial crop,3700,0.5538758417355293
95727,39.16284,-121.52766,woody perennial crop,1679,0
275209,38.3499,-122.28862,woody perennial crop,4542,0
504399,35.23769,-118.80797,woody perennial crop,1072,0.8774675236716677
263731,36.35958,-119.07182,woody perennial crop,1562,0.7547053665996153
238565,36.57818,-119.77036,woody perennial crop,4292,0.8447121575742138
502920,39.77258,-121.98302,woody perennial crop,1902,1.1019974063973832
463930,38.90382,-121.99854,woody perennial crop,2627,0.7226590175691187
194535,33.59647,-116.24208,woody perennial crop,839,0
52101,34.39238,-119.50484,woody perennial crop,2278,0
550066,35.22539,-118.85025,woody perennial crop,4525,0.9786070281732222
52143,38.30091,-121.15787,woody perennial crop,3293,0
169886,36.00288,-119.12207,woody perennial crop,4365,0.31972641656853246
145351,36.37126,-119.67047,woody perennial crop,2282,0.7129603035834309
237262,34.62807,-120.12649,woody perennial crop,1966,0.41191429797835843
357873,39.27322,-121.52758,woody perennial crop,299,1.2630307823034845
424468,36.61008,-120.04987,woody perennial crop,3055,1.2404734182026445
248910,33.3092,-117.03029,woody perennial crop,1714,0.887934714114371
256488,36.62965,-119.97659,woody perennial crop,858,0
241106,36.55299,-119.69694,woody perennial crop,2094,0
563707,37.78605,-121.10987,woody perennial crop,701,0.776439423905112
295083,37.86835,-121.00142,woody perennial crop,2659,0.2531472109572293
125182,38.92248,-121.11104,woody perennial crop,2301,0
53113,39.67036,-122.18793,woody perennial crop,3272,1.8266751711022273
53119,39.41119,-121.67731,woody perennial crop,4263,0
53198,36.06301,-119.09313,woody perennial crop,206,0.7165677343156376
91711,37.01267,-121.64266,woody perennial crop,2270,0
312559,36.17172,-119.01545,woody perennial crop,2310,1.3014131989817577
317050,39.22824,-123.20485,woody perennial crop,1503,1.0755214894977683
363294,39.35764,-121.72242,woody perennial crop,3696,0
503896,36.95099,-119.91578,woody perennial crop,644,0
169646,36.53478,-119.47582,woody perennial crop,273,0.9171880900473205
166693,37.55911,-121.10578,woody perennial crop,2042,0.8646241204170192
53538,35.35811,-118.8387,woody perennial crop,756,1.4209705908000867
389831,37.82309,-120.73171,woody perennial crop,2175,1.745342700613139
156323,38.3435,-121.46878,woody perennial crop,1280,0
244429,38.71113,-121.8655,woody perennial crop,2499,0
471858,36.44274,-119.60391,woody perennial crop,1775,1.368496061051958
547489,37.39626,-121.1245,woody perennial crop,3928,0
285445,33.5482,-116.01416,woody perennial crop,2235,1.0775046905874002
159379,39.03242,-121.58898,woody perennial crop,1340,0.7439342473022539
90507,35.78263,-119.15511,woody perennial crop,1866,0.3694247336307127
327560,34.48547,-117.01503,woody perennial crop,4185,0
425329,39.35855,-121.66171,woody perennial crop,2258,1.0290021715063737
81079,36.72074,-121.3558,woody perennial crop,4312,0.3427596745858538
262624,35.31775,-120.68042,woody perennial crop,1042,0
598502,35.18245,-120.53273,woody perennial crop,4518,0.5382226545528845
54683,36.59675,-119.30829,woody perennial crop,3587,0.9107302624390426
126381,36.51306,-119.49244,woody perennial crop,1953,0.7999724423229273
155784,35.69022,-119.5041,woody perennial crop,2812,0
523272,39.11175,-123.20301,woody perennial crop,3146,0.9635737008237728
131412,34.6499,-120.11498,woody perennial crop,3957,1.0747119314298474
471729,36.47503,-120.06447,woody perennial crop,3603,1.3472194276107565
340778,40.17145,-122.18752,woody perennial crop,2203,1.3628530057407418
247903,36.50598,-119.51621,woody perennial crop,40,0
95781,37.65549,-120.872,woody perennial crop,4620,0.8162907827892159
483577,33.66665,-116.12163,woody perennial crop,141,0.7771268046662744
585465,38.72802,-121.81005999999999,woody perennial crop,298,0
491075,36.27534,-119.22279,woody perennial crop,1564,0
364481,39.64494,-122.25676,woody perennial crop,3968,0.700403834521914
353894,36.65795,-120.21216,woody perennial crop,38,1.3582383015791235
95640,39.58802,-121.60907,woody perennial crop,305,0.7865490227119845
310869,36.73143,-119.94978,woody perennial crop,1419,0
386244,37.00435,-120.07359,woody perennial crop,1896,0
223897,36.00024,-119.29367,woody perennial crop,1095,0.7738931038804835
55280,37.6676,-120.69086,woody perennial crop,1247,0
108146,37.65852,-121.72772,woody perennial crop,255,0.6620870803564392
251906,35.61496,-119.2713,woody perennial crop,2320,0.8834040632204512
441642,33.70558,-116.14729,woody perennial crop,1994,1.1089706018763446
281103,38.57604,-122.84634,woody perennial crop,1438,0.7358635129297701
93911,39.39981,-121.96422,woody perennial crop,3790,0.9411813044318348
116901,36.43643,-119.27539,woody perennial crop,1149,1.1651657675982678
360877,34.97289,-118.89732,woody perennial crop,1928,1.1578820548416853
395803,38.96878,-123.07011,woody perennial crop,2464,1.3571359564231562
279853,34.88569,-120.358,woody perennial crop,4666,0
348377,37.09532,-120.11025,woody perennial crop,704,0.9574936884055923
55789,37.77819,-120.77704,woody perennial crop,3494,0
505117,37.04624,-120.62067,woody perennial crop,1164,0.9883458455659586
558925,39.1896,-121.72747,woody perennial crop,3259,1.1114936479408564
575917,33.53681,-115.99541,woody perennial crop,79,0
584580,38.49682,-122.80565,woody perennial crop,2592,0
495976,38.76695,-122.14034,woody perennial crop,474,0
261267,38.12358,-121.13088,woody perennial crop,558,0
443616,39.13746,-121.93736,woody perennial crop,2066,1.2801095806053022
483727,38.59435,-122.87143,woody perennial crop,42,0.6807108696665047
197468,39.32484,-121.7011,woody perennial crop,4420,0.8300570128486404
56263,36.5905,-119.50224,woody perennial crop,3564,0.46931952818825734
268856,34.38166,-118.9635,woody perennial crop,2560,1.1387160162564405
75481,37.0014,-120.61015,woody perennial crop,231,1.1902238874218063
56662,33.29974,-117.06302,woody perennial crop,2192,1.1809697052558066
92832,37.93627,-121.65149,woody perennial crop,1725,1.1204817260766216
389370,35.63365,-119.22037,woody perennial crop,428,0
70661,39.34381,-121.63221,woody perennial crop,1137,0
109999,36.57372,-119.92619,woody perennial crop,1746,0.9464973957791336
56932,36.03178,-119.16823,woody perennial crop,4547,1.0341510116876491
269105,36.22974,-119.06368,woody perennial crop,3559,0.5506153712849177
57274,36.66413,-119.6139,woody perennial crop,2573,0.8316925250997115
202423,33.57795,-116.2105,woody perennial crop,4039,1.05647772140288
420011,33.68858,-114.64596,woody perennial crop,3077,0.8697021496924293
249102,38.85254,-121.18966,woody perennial crop,1909,0
138658,35.87483,-119.49184,woody perennial crop,194,0
135687,35.46769,-119.07908,woody perennial crop,3507,1.309053511186825
88484,37.88489,-121.36624,woody perennial crop,1524,1.5783610750239259
135832,35.71634,-119.12388,woody perennial crop,4818,0.5326482074216307
582409,36.51885,-119.27885,woody perennial crop,1967,1.3094496395577735
570226,40.01304,-122.08781,woody perennial crop,4190,1.1753472447968234
504298,38.00152,-121.21419,woody perennial crop,2085,0
165800,38.74803,-120.72014,woody perennial crop,3367,0
76999,33.55878,-117.01133,woody perennial crop,3456,0.9312539823193159
93115,36.57487,-119.26247,woody perennial crop,4285,1.0271111183086117
321582,38.33866,-121.57059,woody perennial crop,3197,1.1047506180702535
115882,40.0905,-122.24649,woody perennial crop,1145,1.1359372656406688
228668,37.00132,-120.31707,woody perennial crop,1178,0
187363,36.81898,-120.0553,woody perennial crop,1708,0
151106,36.48383,-119.27594,woody perennial crop,4350,0
223679,33.23822,-117.01151,woody perennial crop,2858,0.5207018984637215
58352,34.13731,-119.09107,woody perennial crop,1479,0
58419,38.5735,-122.82445,woody perennial crop,1895,1.0216537468702707
426181,38.80769,-121.62642,woody perennial crop,3487,2.1745621059988522
440995,36.94149,-121.71182,woody perennial crop,4315,0.7613776375968426
386943,37.69223,-121.10229,woody perennial crop,999,1.1477043606011972
58868,38.52634,-121.86115,woody perennial crop,367,1.7636438202104947
164517,36.15455,-119.13239,woody perennial crop,4228,1.2523969712658225
465514,39.28025,-121.57424,woody perennial crop,774,0
579352,36.57847,-119.32187,woody perennial crop,1802,0
399911,36.08203,-119.25702,woody perennial crop,2119,1.1000139413370142
543581,36.93096,-121.74608,woody perennial crop,166,1.449309046635727
596507,36.36648,-120.04417,woody perennial crop,3649,0
436185,33.58288,-116.11991,woody perennial crop,706,0
176917,34.41727,-118.94264,woody perennial crop,4606,0
182508,38.24846,-122.34381,woody perennial crop,2646,0
352277,35.20854,-119.22673,woody perennial crop,4194,0
404350,38.14532,-121.20833,woody perennial crop,288,1.1455464871539711
550376,36.93085,-120.00249,woody perennial crop,2504,1.3313746574242606
475500,36.86113,-120.19573,woody perennial crop,1449,1.0225734143083771
320649,36.9471,-120.43239,woody perennial crop,4408,0
387975,36.40929,-119.14213,woody perennial crop,676,1.2962536625729446
170584,38.77235,-122.97633,woody perennial crop,1816,1.070380867457219
263541,35.68316,-120.72786,woody perennial crop,4442,0
279881,39.02821,-121.6504,woody perennial crop,4106,0.4660521186513151
59953,39.05625,-121.86478,woody perennial crop,461,0
258492,35.56935,-119.72987,woody perennial crop,3083,0
587416,38.73507,-122.94905,woody perennial crop,2541,0
362006,36.92274,-120.00556,woody perennial crop,2969,1.463645133373939
400815,36.85726,-121.68082,woody perennial crop,449,0
357264,35.82472,-119.26936,woody perennial crop,1179,0.5071155775054073
428762,36.54504,-119.20909,woody perennial crop,3411,0
491534,36.48192,-119.2659,woody perennial crop,4788,0
220146,35.69499,-120.63303,woody perennial crop,2518,0
504070,38.05485,-121.03766,woody perennial crop,4406,1.2932174714092286
124017,36.24769,-119.37664,woody perennial crop,2049,0.44062966590841174
369832,38.97863,-120.94451,woody perennial crop,209,1.1493783618919093
313477,39.71673,-122.12129,woody perennial crop,3665,1.2737152856051175
333710,36.93165,-121.68346,woody perennial crop,1201,0
235215,39.32691,-121.24534,woody perennial crop,1096,0
343806,35.60656,-120.37375,woody perennial crop,4719,0
385212,36.33227,-119.14211,woody perennial crop,1490,0
505721,37.88604,-121.64613,woody perennial crop,3284,0
135406,36.61437,-119.61851,woody perennial crop,4616,0
321107,33.06489,-116.99408,woody perennial crop,1817,0.6656359029860487
503332,38.91443,-122.77984,woody perennial crop,524,1.3686205396465985
345641,37.87431,-121.62399,woody perennial crop,3283,0
578016,35.46141,-119.08371,woody perennial crop,253,0.7284999635552054
330543,36.32694,-119.849,woody perennial crop,3358,1.032019330356369
351254,34.80756,-120.32658,woody perennial crop,3885,0.9842299467433684
384238,37.42471,-120.62667,woody perennial crop,3726,1.5691252353302159
357503,38.75446,-121.97153,woody perennial crop,1844,0.8714278007485902
200886,34.46056,-119.19377,woody perennial crop,3243,0.9707049014502837
211567,33.68319,-114.64583,woody perennial crop,2895,0.7803548218247678
311177,39.08597,-123.16818,woody perennial crop,4293,0.7357988444923703
206181,36.98011,-120.13088,woody perennial crop,2241,1.0250018707337676
584091,38.15628,-121.6191,woody perennial crop,1220,0
310547,37.71089,-121.15319,woody perennial crop,2161,1.227896049847529
538002,33.30745,-117.04912,woody perennial crop,3198,0
329079,36.14353,-118.99751,woody perennial crop,4378,0
184169,36.56311,-119.96697,woody perennial crop,3742,1.0506070612997032
274522,38.70328,-122.02057,woody perennial crop,4276,0
310848,39.00067,-122.03008,woody perennial crop,705,0
485799,35.92156,-118.97242,woody perennial crop,4785,0
171713,33.2924,-117.00963,woody perennial crop,4772,0
441781,39.83107,-122.03432,woody perennial crop,3806,0
155736,35.49633,-120.92823,woody perennial crop,517,0
100397,36.18402,-119.15675,woody perennial crop,4291,1.0118494494327361
512875,39.31638,-123.22516,woody perennial crop,617,0
461451,35.89005,-119.1849,woody perennial crop,639,0.26698663053955457
355236,37.35151,-121.0028,woody perennial crop,3513,1.1479652900656574
246838,36.93742,-121.71065,woody perennial crop,2367,0.850792317118534
547230,32.59054,-116.51220000000001,woody perennial crop,2524,0
426479,36.69269,-120.11978,woody perennial crop,2055,0.9953400871427237
120266,33.52117,-116.12051,woody perennial crop,905,0
185906,38.30403,-121.59859,woody perennial crop,3102,0.7981368295878841
324051,39.83679,-122.02227,woody perennial crop,189,0.8617948516801608
552467,36.52289,-119.40674,woody perennial crop,1059,0
555914,39.74249,-122.16402,woody perennial crop,1675,1.0210396754544104
230189,38.31013,-121.56035,woody perennial crop,2883,0
131921,39.20705,-121.49485,woody perennial crop,3104,0
597933,36.79159,-120.29849,woody perennial crop,158,1.0078116437825908
124534,36.04936,-119.11512,woody perennial crop,574,0
249399,35.36505,-118.84416,woody perennial crop,2336,0.9679823027810252
286319,39.18066,-122.23312,woody perennial crop,1439,0.8305718216854222
400032,38.77716,-122.91976,woody perennial crop,901,1.1544308190858703
77578,39.22759,-122.26719,woody perennial crop,1085,0.6930594441886776
544692,36.91435,-120.0523,woody perennial crop,2861,0
273580,36.87787,-120.6609,woody perennial crop,2764,0
573344,35.73585,-119.30856,woody perennial crop,722,0.720055634711698
124137,37.71276,-121.13358,woody perennial crop,809,0.7307644702785729
141503,33.4759,-117.2528,woody perennial crop,2004,0.9519118120264132
379539,38.4498,-122.42558,woody perennial crop,2689,0
296760,36.30423,-119.23483,woody perennial crop,216,0.9982030346946084
283620,38.99423,-122.84661,woody perennial crop,4322,0.7590958534410402
64736,37.62573,-121.0689,woody perennial crop,592,0.8827838853913088
387171,38.75338,-121.97564,woody perennial crop,169,0.4987811536206758
232430,36.13461,-120.31456,woody perennial crop,958,0
121193,36.56057,-121.57897,woody perennial crop,417,0
378550,33.414,-117.19898,woody perennial crop,1632,0
65625,36.78448,-120.64595,woody perennial crop,2176,0.8323140451696296
335643,37.59136,-121.2879,woody perennial crop,4762,0
165291,35.73732,-119.50379,woody perennial crop,3463,1.0540040243422306
235882,41.86211,-120.08066,woody perennial crop,886,0
465841,35.07345,-120.48613,woody perennial crop,851,0.8734688499638483
65981,36.45056,-119.56402,woody perennial crop,4555,1.3236160261311842
472248,37.78147,-120.87516,woody perennial crop,1532,0
438087,38.92209,-122.80033,woody perennial crop,3760,1.6895488177500664
379181,36.31033,-121.25246,woody perennial crop,3031,0.7841642213313301
270924,35.48333,-119.20853,woody perennial crop,656,0.7535879449926912
520739,36.43316,-119.28446,woody perennial crop,3779,0
157376,40.21452,-123.7875,woody perennial crop,1608,1.238382567265345
404131,38.26133,-121.23668,woody perennial crop,578,0.8829413339773157
66468,34.3847,-118.83875,woody perennial crop,1929,0
303473,34.3899,-118.80524,woody perennial crop,178,0.89743675161893
304654,35.89706,-119.02289,woody perennial crop,2275,0
435851,33.73424,-116.91178,woody perennial crop,3902,0
374122,38.08131,-121.48001,woody perennial crop,739,0
66924,39.01993,-121.62238,woody perennial crop,2973,0
362703,36.03436,-119.0064,woody perennial crop,1327,0.7891682252062634
67207,34.03251,-118.067,woody perennial crop,2016,0
573568,38.55303,-121.84791,woody perennial crop,3915,1.260987569123682
559914,35.79981,-119.15764,woody perennial crop,1525,0.7694437292689275
396653,36.85401,-120.40082,woody perennial crop,4370,0
518274,34.39576,-119.00313,woody perennial crop,2602,0
203993,39.09839,-121.26947,woody perennial crop,1193,1.3978322614061014
487430,35.86383,-119.37099,woody perennial crop,688,0
485388,36.75768,-119.48493,woody perennial crop,2838,0.4767199714425428
198403,35.60989,-119.26523,woody perennial crop,2118,0
67813,38.71511,-120.87141,woody perennial crop,67,0
223421,35.79898,-119.09247,woody perennial crop,2562,0
411388,39.19902,-121.92307,woody perennial crop,4300,0
268186,35.6811,-120.71209,woody perennial crop,2545,0.5661186954215855
439077,37.00031,-121.74166,woody perennial crop,4116,0
231497,36.36491,-120.17818,woody perennial crop,3000,0
413801,33.71138,-116.8592,woody perennial crop,3166,0
206850,39.90599,-122.2617,woody perennial crop,102,0.822031662311333
68436,35.73024,-119.8184,woody perennial crop,1923,0.6840352220657375
438864,37.15397,-120.07712,woody perennial crop,1757,1.2519337850092345
349378,37.5051,-121.10711,woody perennial crop,1315,0
361406,36.75461,-120.68007,woody perennial crop,3510,1.0822683154800459
370137,33.62968,-116.08795,woody perennial crop,3253,1.543077704394543
457988,34.40274,-118.86097,woody perennial crop,1660,1.3288470929606364
231360,39.38864,-121.62879,woody perennial crop,870,1.080437367503376
94996,36.37841,-119.03712,woody perennial crop,3539,0.6713881949165547
263711,38.93146,-121.86912,woody perennial crop,3734,0
157436,38.00864,-121.10913,woody perennial crop,1165,0
294636,38.74476,-122.91835,woody perennial crop,2259,0.872481404302099
526385,36.45106,-119.98703,woody perennial crop,21,0
426157,36.13414,-119.60323,woody perennial crop,3401,0
69366,34.14601,-119.07383,woody perennial crop,1197,0
124642,39.1858,-121.91583,woody perennial crop,2880,0
517289,35.95282,-119.05057,woody perennial crop,554,0
139526,33.90822,-117.40261,woody perennial crop,445,0.9599711557507457
361019,36.36523,-119.03534,woody perennial crop,4673,0
367687,35.68298,-120.33797,woody perennial crop,761,0.7922257050842895
95971,38.71276,-121.7614,woody perennial crop,608,0
70197,34.33126,-118.93339,woody perennial crop,703,0
141383,35.60392,-119.67754,woody perennial crop,471,1.3023321932348726
271289,36.2434,-119.09273,woody perennial crop,3789,0
129108,33.59636,-116.10745,woody perennial crop,3808,1.5105819893344088
104935,36.61231,-120.02928,woody perennial crop,1031,0.569434660387642
70414,36.82806,-121.46573,woody perennial crop,3423,0
292786,38.52353,-122.53836,woody perennial crop,1692,0
70651,35.07347,-118.93065,woody perennial crop,954,0.9995610661010316
216514,34.40287,-119.08147,woody perennial crop,3656,0.903966307899797
227581,37.79301,-120.79977,woody perennial crop,1605,1.0943928842804507
227754,36.52818,-119.65257,woody perennial crop,2300,0
388190,35.41362,-120.79372,woody perennial crop,1500,0.7913809796815929
95228,33.50444,-117.19863,woody perennial crop,282,0
407358,37.82864,-121.48446,woody perennial crop,2687,0
184370,39.06475,-123.19695,woody perennial crop,3506,0.6951923352483297
503953,36.5789,-119.40056,woody perennial crop,3897,0.8711115451401583
125578,35.56695,-119.42508,woody perennial crop,3268,0.7509893283237346
79156,36.67127,-119.60252,woody perennial crop,2128,0.8600505167577256
133817,35.05618,-119.31247,woody perennial crop,1098,0
455806,35.47917,-120.2322,woody perennial crop,2638,0.7514761630826681
515618,38.26997,-121.61143,woody perennial crop,618,1.7258481781997326
183407,36.52001,-119.48263,woody perennial crop,4303,0
80857,36.72996,-119.937,woody perennial crop,4182,1.404192953373639
208996,36.73268,-119.94691,woody perennial crop,3212,0
171033,37.20871,-120.17957,woody perennial crop,4325,1.89911384839057
186951,38.328360000000004,-121.6234,woody perennial crop,3017,1.2265321116854915
72612,39.95864,-122.22935,woody perennial crop,2010,0
215073,38.14308,-121.36429,woody perennial crop,4705,0
451855,35.71609,-117.85418,woody perennial crop,3025,0
296817,36.1363,-119.24438,woody perennial crop,3668,0
271652,37.33487,-120.31707,woody perennial crop,2025,0
73024,38.28163,-121.56538,woody perennial crop,1476,0
229531,36.57256,-120.18328,woody perennial crop,1904,0.745309330207893
492382,37.1095,-121.93335,woody perennial crop,3614,1.3970167387301633
176447,35.51129,-119.10128,woody perennial crop,1112,0.6343236146545141
459281,39.89011,-122.07249,woody perennial crop,2567,0.6705840377662132
73900,36.49575,-119.23625,woody perennial crop,1256,0
77724,38.84708,-122.00547,woody perennial crop,2816,0.6341523303260759
451406,35.67939,-120.65204,woody perennial crop,3150,0
529257,34.2664,-119.05892,woody perennial crop,3615,0
518834,33.59976,-116.05561,woody perennial crop,1839,0
140972,35.87556,-119.15586,woody perennial crop,4486,1.148412142433733
569009,36.86018,-120.31752,woody perennial crop,1368,0
74841,38.91789,-121.3633,woody perennial crop,1396,0
106500,35.46552,-119.12307,woody perennial crop,379,1.0941018676110996
74691,36.51127,-120.0316,woody perennial crop,3879,0.925050281478145
216599,35.00781,-119.84548,woody perennial crop,2675,0.6151056054330217
273545,36.35564,-119.21874,woody perennial crop,4399,0.6101482579682833
74800,36.60306,-119.37737,woody perennial crop,3422,0
398653,37.53712,-120.94589,woody perennial crop,4759,0.6014664898419356
502894,38.42056,-122.79391,woody perennial crop,2314,0
141028,39.27227,-121.58702,woody perennial crop,1764,1.1347715417215731
75562,34.39481,-119.41212,woody perennial crop,1538,0.5717832156300645
519669,35.45785,-119.29387,woody perennial crop,2684,0
179964,36.48411,-119.25322,woody perennial crop,2826,0
409548,36.24135,-119.69322,woody perennial crop,4400,0.9243103868191268
331357,35.9552,-118.9932,woody perennial crop,3016,0
404177,37.20719,-121.05947,woody perennial crop,757,0
432527,36.69007,-119.7033,woody perennial crop,531,0
135236,36.28097,-119.14847,woody perennial crop,3076,0.7854407723830519
76501,38.91192,-122.74826,woody perennial crop,2500,0
466287,35.82975,-119.01462,woody perennial crop,799,0
485152,34.9004,-119.51535,woody perennial crop,454,0
415422,36.95916,-121.80125,woody perennial crop,1907,0
338055,36.89606,-119.80936,woody perennial crop,2805,0
343600,35.64858,-120.69957,woody perennial crop,3820,0
153295,33.08643,-116.92594,woody perennial crop,2931,0.7667818216637045
125078,39.8154,-122.05529,woody perennial crop,1203,0.5469847604249192
123146,38.20037,-121.37512,woody perennial crop,1187,1.305578436818743
553534,33.1558,-117.05175,woody perennial crop,2661,0.6596911898592354
77757,41.6621,-122.34724,woody perennial crop,4042,0
127311,36.88075,-120.12496,woody perennial crop,805,0.5327769679897958
435413,38.98603,-121.4681,woody perennial crop,249,1.6742310229469886
322658,39.06828,-121.89397,woody perennial crop,1135,1.1805108290204496
535903,33.58553,-116.03191,woody perennial crop,4376,0
471096,36.44696,-121.43999,woody perennial crop,3977,0
461570,38.38885,-121.52282,woody perennial crop,3448,0
242834,39.01279,-122.86897,woody perennial crop,4628,1.563238446472128
78932,36.66791,-119.68065,woody perennial crop,4195,0
419674,39.19921,-123.21692,woody perennial crop,4222,0.45253596121979855
407809,39.32508,-121.61078,woody perennial crop,2904,0.992711579013062
103077,35.75944,-119.31284,woody perennial crop,4589,0
192746,34.45164,-119.20274,woody perennial crop,3939,0.5609834393544275
502714,37.30165,-120.38106,woody perennial crop,2216,0
391606,34.99733,-120.39318,woody perennial crop,2685,0
437632,39.38276,-121.67486,woody perennial crop,2601,0
378159,34.88985,-120.32454,woody perennial crop,2712,0.88484085278043
330136,37.68929,-120.65997,woody perennial crop,3830,0
310833,37.56257,-120.83648,woody perennial crop,751,1.37180821503041
144873,36.68253,-119.66053,woody perennial crop,195,0.5422192512499324
545189,36.55991,-121.55752,woody perennial crop,443,0
452475,37.32932,-120.69382,woody perennial crop,4578,0
437633,38.71269,-121.89891,woody perennial crop,4334,0
289432,33.57025,-116.19542,woody perennial crop,1516,0
402828,33.6612,-116.21466,woody perennial crop,1263,0
589376,35.79883,-119.03434,woody perennial crop,1225,0
81141,36.49266,-119.2903,woody perennial crop,3398,1.2154143106526978
81199,33.16667,-115.8598,woody perennial crop,1020,0
368949,37.92654,-121.42383,woody perennial crop,1086,0
562354,36.5015,-119.1707,woody perennial crop,1465,1.3264693348695769
81676,36.55803,-120.20238,woody perennial crop,1637,0
540439,37.92698,-121.62456,woody perennial crop,2604,0
490516,36.66129,-119.56427,woody perennial crop,1908,0.7133587607265135
280825,35.75218,-120.63516,woody perennial crop,3620,1.312520740547084
313303,37.0427,-120.82167,woody perennial crop,1715,0
262060,35.67987,-119.21541,woody perennial crop,1268,0
514887,38.91884,-122.06759,woody perennial crop,4572,1.497520169211296
450524,35.49468,-119.3357,woody perennial crop,3569,0
277739,39.08787,-121.6191,woody perennial crop,4767,0.7939643068688164
408301,33.41529,-117.26421,woody perennial crop,3364,0.7502661882154698
284301,36.90351,-120.48616,woody perennial crop,204,0
296453,36.7421,-119.88716,woody perennial crop,2544,0
351607,36.38938,-119.88491,woody perennial crop,2575,0
330825,38.24375,-121.52147,woody perennial crop,2683,1.4709792736489866
381875,37.89447,-121.08924,woody perennial crop,2721,1.278350223886535
338289,34.85979,-116.75498,woody perennial crop,3186,0
206146,34.3205,-118.88543,woody perennial crop,232,1.1314177385558575
515499,35.86749,-119.0024,woody perennial crop,3892,0
270755,33.68051,-116.22146,woody perennial crop,18,1.3068679144337267
347903,35.93991,-119.307,woody perennial crop,2940,0
353765,38.56572,-122.87573,woody perennial crop,54,0.7049943147285758
84558,38.25812,-122.46256,woody perennial crop,321,0
84590,37.93671,-121.58839,woody perennial crop,4123,1.2262412970693077
242407,36.15858,-119.1179,woody perennial crop,3898,0.9815333266158321
356734,36.69504,-119.60799,woody perennial crop,4258,0
465262,32.87282,-115.72926,woody perennial crop,1239,0
113731,38.45129,-121.88253,woody perennial crop,3645,0.7178417016391546
185032,36.50287,-119.17915,woody perennial crop,4030,0.2910948698380081
517868,37.90088,-121.69379,woody perennial crop,3205,0.66872474251736
162296,36.08469,-120.07998,woody perennial crop,4374,1.1150601730067102
371081,40.02046,-122.13142,woody perennial crop,649,0.6154639843734643
325550,36.12333,-119.03884,woody perennial crop,3005,0
235960,36.140860000000004,-120.31785,woody perennial crop,197,1.1975975352075154
232366,34.32764,-119.14569,woody perennial crop,856,0.7193050437384194
134034,36.67719,-119.6144,woody perennial crop,737,0.7153486040189562
88285,36.58694,-120.15402,woody perennial crop,2124,0
307567,38.94085,-121.47581,woody perennial crop,2413,0
567798,36.55635,-119.45209,woody perennial crop,1329,0.6614533918827157
177304,38.30737,-121.52517,woody perennial crop,4502,0.9297310888656146
428520,38.68092,-121.97853,woody perennial crop,3178,0.9296113367904801
88979,36.55759,-119.49396,woody perennial crop,519,0
390565,35.79534,-119.56034,woody perennial crop,366,0
89133,39.15224,-120.97198,woody perennial crop,4564,0
252737,34.67917,-120.37034,woody perennial crop,2612,0
518130,39.45512,-121.46011,woody perennial crop,3165,0
89535,35.78538,-117.8553,woody perennial crop,910,0
116502,36.45235,-121.47828,woody perennial crop,543,0.9429217953546469
450842,38.68546,-120.6901,woody perennial crop,356,0.6686717649276434
515378,36.92841,-120.05898,woody perennial crop,347,0
554934,36.28915,-119.24526,woody perennial crop,4461,0.7755050143320898
290453,37.53779,-120.94653,woody perennial crop,3068,0
91020,36.26677,-119.74296,woody perennial crop,4200,0
266872,35.84292,-119.28715,woody perennial crop,2596,0
91893,39.75534,-122.19302,woody perennial crop,2023,0.930483612278966
292176,41.02323,-121.39266,woody perennial crop,538,0
489526,33.53699,-115.94696,woody perennial crop,248,1.0456236598446738
92240,35.80071,-119.08582,woody perennial crop,3239,0.9694732063095596
389784,36.22531,-119.12634,woody perennial crop,683,1.176121493340429
482430,39.57405,-122.60502,woody perennial crop,4214,0
424333,38.67763,-121.99381,woody perennial crop,3004,1.3299454138500861
358227,38.93213,-121.06852,woody perennial crop,2426,1.2061330493837719
96100,39.21245,-123.12098,woody perennial crop,2503,1.0467807142050576
431534,39.04638,-121.61901,woody perennial crop,1455,0
130284,34.46057,-119.83469,woody perennial crop,4223,1.4872743278292637
94197,38.35484,-122.33663,woody perennial crop,2497,0.6690455532623634
397613,35.49808,-119.3072,woody perennial crop,2936,0
94628,38.94344,-121.48582,woody perennial crop,45,0
94717,36.53877,-119.53691,woody perennial crop,3971,0
439308,34.67333,-118.05432,woody perennial crop,2999,0
192564,33.17569,-115.85975,woody perennial crop,777,0
340898,39.36258,-121.57875,woody perennial crop,1860,1.1429075840087222
187443,39.8028,-121.97708,woody perennial crop,3922,1.0373873989277358
340589,37.08234,-120.18227,woody perennial crop,2875,0
422442,36.57032,-120.4924,woody perennial crop,1835,0
488132,33.7738,-115.32678,woody perennial crop,3247,0
401985,38.14452,-122.45264,woody perennial crop,1422,0
126904,38.33125,-121.62121,woody perennial crop,2698,0
310942,40.65203,-122.28955,woody perennial crop,2578,0
95796,36.8628,-120.73856,woody perennial crop,3561,0
239399,38.28192,-121.16216,woody perennial crop,2568,0
170779,36.95689,-119.65567,woody perennial crop,3849,0
96038,33.12785,-115.54385,woody perennial crop,1182,0
366806,38.2415,-122.57038,woody perennial crop,4059,0
398537,36.57581,-119.32851,woody perennial crop,844,0
478190,38.78773,-121.03025,woody perennial crop,2980,0
407243,34.9749,-120.38607,woody perennial crop,234,1.1543987096827368
246346,36.4454,-119.64072,woody perennial crop,1997,0.8952659096361412
96426,34.70058,-119.31293,woody perennial crop,3552,0
520845,33.69764,-116.14136,woody perennial crop,3251,0.9531155050393723
498232,37.13902,-121.03014,woody perennial crop,3187,0
364426,39.45269,-122.26554,woody perennial crop,3046,0
96776,36.22296,-119.20197,woody perennial crop,2443,1.31981545029972
230082,34.2416,-119.11956,woody perennial crop,4729,0
434332,36.85068,-121.49195,woody perennial crop,2713,1.270192811429528
351336,39.04793,-122.70799,woody perennial crop,1585,0
489845,38.49748,-122.80265,woody perennial crop,3230,0
345803,33.5376,-116.17459,woody perennial crop,4664,0.3199559803746256
309078,34.44737,-118.76151,woody perennial crop,1003,0.7698160092945101
97528,36.619,-120.52566,woody perennial crop,2083,0.473894197685768
431760,36.70164,-119.84852,woody perennial crop,4226,0
347768,37.4238,-120.64291,woody perennial crop,2156,0
223881,38.45624,-121.57964,woody perennial crop,2109,1.6438744299173642
186001,34.62627,-118.32648,woody perennial crop,2408,0
269813,36.36994,-119.75158,woody perennial crop,342,0
220830,36.64707,-120.2468,woody perennial crop,4323,0
98499,39.98531,-122.18689,woody perennial crop,4181,0.7276706978883849
551230,37.78252,-121.11372,woody perennial crop,4821,0
317068,36.65183,-119.84229,woody perennial crop,2053,0
99067,36.49546,-119.16862,woody perennial crop,506,0
526516,39.93161,-122.21425,woody perennial crop,3113,0
99113,34.49094,-117.93691,woody perennial crop,4716,0
345129,37.03,-121.78988,woody perennial crop,3322,0
544657,36.36144,-119.20563,woody perennial crop,3432,0
125724,38.26143,-121.18885,woody perennial crop,1111,0
577922,34.07293,-117.11126,woody perennial crop,3910,0
130800,38.05584,-121.4908,woody perennial crop,931,0
100665,38.93851,-121.86072,woody perennial crop,3675,0.6808626890907732
583504,38.88388,-121.462,woody perennial crop,1189,0
127818,38.87772,-122.66156,woody perennial crop,2474,1.1259218378352298
433479,38.59507,-122.9105,woody perennial crop,3581,0
175460,39.01202,-122.85049,woody perennial crop,2967,0
563884,35.64249,-120.82101,woody perennial crop,317,1.0211992865484443
473056,37.91369,-120.86052,woody perennial crop,181,0
497725,34.59675,-120.27417,woody perennial crop,2648,0
219460,39.83142,-122.04968,woody perennial crop,3533,1.3344174210158488
104241,39.56418,-122.18306,woody perennial crop,4820,0
138970,39.70301,-122.27246,woody perennial crop,1463,0
178199,39.16109,-122.92221,woody perennial crop,1631,0
104887,36.78068,-120.68557,woody perennial crop,2595,0.8382523887755792
159523,36.50563,-119.73954,woody perennial crop,1330,0
434001,39.7205,-121.93514,woody perennial crop,1035,0
424906,38.73902,-121.76663,woody perennial crop,2277,0
482962,35.1441,-119.09645,woody perennial crop,1657,1.3579054121009113
502707,38.81456,-121.49145,woody perennial crop,561,0
106300,38.94936,-121.99376,woody perennial crop,226,0
247694,35.75181,-119.86311,woody perennial crop,1258,1.0501643859385266
577662,36.40101,-119.11171,woody perennial crop,3013,0
106716,36.96866,-121.79893,woody perennial crop,2928,0
252472,34.40642,-119.08511,woody perennial crop,2332,0.6893934897172203
273231,34.17397,-119.10825,woody perennial crop,2105,0
122392,36.12232,-119.15032,woody perennial crop,4414,1.4028036571612077
317647,39.73888,-122.23116,woody perennial crop,4147,1.2022010158918308
289910,36.41548,-119.8059,woody perennial crop,2525,0
543718,38.14622,-121.32861,woody perennial crop,4426,0
354885,38.28652,-122.50728,woody perennial crop,3560,0
360519,34.90797,-116.57894,woody perennial crop,1199,0
355359,38.20355,-121.62271,woody perennial crop,4310,1.311500165050463
362991,38.73015,-122.54554,woody perennial crop,1494,0
108546,38.52308,-122.76231,woody perennial crop,3829,1.6747177739793377
464741,38.89497,-122.71557,woody perennial crop,3613,0
471846,38.04261,-121.55099,woody perennial crop,497,0
338610,35.75913,-119.45219,woody perennial crop,2438,0.3817137238477232
352573,36.46069,-119.67917,woody perennial crop,3835,0.49635566116163055
193307,33.55961,-116.03194,woody perennial crop,800,0.6235857870086866
182956,35.89711,-119.38232000000001,woody perennial crop,922,1.667406702366108
208595,39.13709,-122.18074,woody perennial crop,3054,1.151153927934901
202507,36.50997,-119.28324,woody perennial crop,1101,0
275287,39.11151,-123.17097,woody perennial crop,2052,0
501785,36.48951,-119.24263,woody perennial crop,838,0
330356,36.73703,-119.53973,woody perennial crop,3636,0.917454821847196
474865,36.85278,-120.54298,woody perennial crop,4345,0
110848,37.88401,-120.3075,woody perennial crop,887,0
152256,38.29046,-122.38996,woody perennial crop,1821,1.8874210565003702
504271,37.98235,-121.19709,woody perennial crop,1840,0
445562,36.76928,-119.39559,woody perennial crop,3697,0
272622,36.93424,-120.07979,woody perennial crop,3628,0.9555328741065885
160041,37.70062,-120.77347,woody perennial crop,1464,0
111055,38.91311,-122.65966,woody perennial crop,666,0
459368,39.10984,-122.0554,woody perennial crop,2866,0.7671804308602961
125912,39.83966,-122.04061,woody perennial crop,1544,1.4495446218848695
111965,36.97829,-120.22277,woody perennial crop,785,0
452213,33.29133,-117.16742,woody perennial crop,3583,1.1583753365933556
232463,36.95725,-120.59285,woody perennial crop,657,0
530343,36.97789,-121.70492,woody perennial crop,1385,0
112667,36.54843,-119.19486,woody perennial crop,2130,0
154069,35.63217,-119.14024,woody perennial crop,3912,0
113424,36.46194,-119.42314,woody perennial crop,1515,0
501900,36.79194,-120.1899,woody perennial crop,528,0.7861162418797549
601760,39.8076,-121.98144,woody perennial crop,613,0.7045526238186158
113967,39.62406,-122.25563,woody perennial crop,4230,0
364681,38.91909,-122.71563,woody perennial crop,4337,0
473692,35.73421,-120.66665,woody perennial crop,525,1.0017189720207764
382491,34.53293,-117.98857,woody perennial crop,3390,0
138312,35.83807,-119.87505,woody perennial crop,1801,0
476960,34.30056,-118.98375,woody perennial crop,1882,0
114960,35.68229,-120.63065,woody perennial crop,2449,0
408403,35.77445,-119.10637,woody perennial crop,4163,0
115003,36.54285,-119.19482000000001,woody perennial crop,3688,0
265450,35.48235,-119.15975,woody perennial crop,3171,0
115657,36.57258,-119.35373,woody perennial crop,3021,0.8952804150471487
249327,37.64699,-121.24355,woody perennial crop,4035,1.389524662948015
208939,35.9553,-119.12014,woody perennial crop,3255,0.6364054303071722
375020,38.75415,-120.74282,woody perennial crop,2888,0.644753266548356
140262,36.12518,-119.52073,woody perennial crop,2072,0.7794271043261272
579227,36.09153,-119.28229,woody perennial crop,2490,1.4858782596754343
169650,36.73922,-119.57763,woody perennial crop,2582,0
234658,38.33951,-121.58494,woody perennial crop,712,0
251703,36.7808,-119.51127,woody perennial crop,2869,0
287915,33.4279,-116.06613,woody perennial crop,4372,1.746280441886728
529532,38.23072,-121.10701,woody perennial crop,4301,0
564676,36.95313,-121.38731,woody perennial crop,3101,0.842451941482252
429038,36.53903,-119.34851,woody perennial crop,606,1.12008733741751
117816,33.54681,-117.61075,woody perennial crop,153,0
391867,36.32253,-119.82355,woody perennial crop,829,1.4484877125897662
407059,39.89261,-122.07093,woody perennial crop,2327,0
182233,38.95099,-122.04763,woody perennial crop,4184,0
562455,36.62645,-120.22098,woody perennial crop,3641,0
405349,36.12868,-119.18184,woody perennial crop,148,0
125925,35.97337,-119.07719,woody perennial crop,2590,0
474168,37.02856,-121.78973,woody perennial crop,2854,0.573240527892537
178474,33.57845,-116.02527,woody perennial crop,988,1.0346634133019965
597240,33.20952,-115.51989,woody perennial crop,2692,0
121135,35.7456,-119.44809,woody perennial crop,1781,0
312927,38.39717,-122.64216,woody perennial crop,1506,1.0186124985747402
123992,36.69825,-120.3966,woody perennial crop,1418,0
221157,34.61255,-120.31175,woody perennial crop,1147,1.3602558351565115
123100,36.64592,-119.42952,woody perennial crop,2772,0.9775661555471138
123870,36.19761,-119.44589,woody perennial crop,4604,0.5529015762863732
349126,36.31505,-119.15969,woody perennial crop,4296,0
531750,35.20651,-120.62312,woody perennial crop,275,0
436503,34.96879,-120.3954,woody perennial crop,2116,0
367359,36.67512,-120.59579,woody perennial crop,3551,0
259062,38.4311,-121.57192,woody perennial crop,2489,0
222954,39.27342,-121.709,woody perennial crop,2230,0
125567,35.81108,-119.11747,woody perennial crop,4732,1.2382152389499783
265987,36.51682,-119.30805,woody perennial crop,11,1.0985717651750586
195618,37.18733,-122.04442,woody perennial crop,30,0
547243,36.65423,-120.66936,woody perennial crop,2330,0
161236,38.23361,-121.34255,woody perennial crop,489,0
253455,36.64713,-119.48717,woody perennial crop,748,0
563461,38.01715,-121.1031,woody perennial crop,2467,0
466301,36.99523,-121.83201,woody perennial crop,1045,0
584738,36.41369,-119.79963,woody perennial crop,4220,0
569123,36.34828,-119.09301,woody perennial crop,4520,0
128976,34.42195,-118.77732,woody perennial crop,2662,0
129047,36.20987,-119.03425,woody perennial crop,3410,1.2537547706871295
129316,35.70762,-119.23226,woody perennial crop,2108,0.72115587526107094
549173,38.74698,-120.66111,woody perennial crop,384,0
440184,36.53692,-119.48404,woody perennial crop,99,0.5507957412128577
478863,33.53406,-117.08264,woody perennial crop,2517,0
386049,36.41188,-120.18272,woody perennial crop,1254,0
130422,39.1693,-121.67885,woody perennial crop,3275,1.26799962971635
429989,36.72355,-119.8642,woody perennial crop,2360,0
582463,39.71031,-121.89892999999999,woody perennial crop,2893,0.9936366706208233
245413,35.87147,-119.58689,woody perennial crop,3991,0.7247412796259037
387972,36.40748,-119.14326,woody perennial crop,4758,0
131851,38.73724,-123.33571,woody perennial crop,3047,0
601779,34.03653,-116.93889,woody perennial crop,840,0
377496,38.30084,-122.12693,woody perennial crop,2069,0.5296132652249492
413664,33.73012,-116.91291,woody perennial crop,2396,0
163613,36.81608,-120.00766,woody perennial crop,2462,0
231476,35.82251,-119.55281,woody perennial crop,374,0
238229,34.4352,-117.5671,woody perennial crop,2089,0
156433,37.42847,-120.6312,woody perennial crop,1588,0
462209,36.95807,-120.58616,woody perennial crop,987,0
134036,36.75948,-119.46807,woody perennial crop,3236,1.005163652140821
468227,36.42791,-119.20734,woody perennial crop,4489,0
143872,39.14059,-121.55773,woody perennial crop,1699,1.6644863415513342
135047,34.78824,-120.40617,woody perennial crop,1226,0
135364,35.83237,-119.55313,woody perennial crop,976,0
598806,36.27131,-121.39544,woody perennial crop,681,1.201629745820458
523830,36.98647,-120.8803,woody perennial crop,1207,0
533329,33.47141,-117.26326,woody perennial crop,3061,0
367437,38.03417,-121.23336,woody perennial crop,4407,0
225007,39.77081,-122.16511,woody perennial crop,4775,0.6392314889544237
252108,36.90857,-120.10596,woody perennial crop,1533,0
251235,35.87914,-119.29713,woody perennial crop,3960,0.6905201641354105
453586,33.49291,-117.56033,woody perennial crop,3250,0
307869,35.63368,-120.79064,woody perennial crop,2229,0
297491,36.72548,-119.65209,woody perennial crop,3124,1.3161205327592174
139192,35.21192,-119.28045,woody perennial crop,3763,0
139503,35.08712,-118.85429,woody perennial crop,4809,0
140153,38.3131,-121.6203,woody perennial crop,769,0
229510,36.91534,-120.16284,woody perennial crop,2927,0.8412314459280938
176484,35.5968,-119.12594,woody perennial crop,3436,0
266738,34.89327,-120.35395,woody perennial crop,2035,1.2659337108508888
330199,36.39984,-119.1143,woody perennial crop,3784,0
167559,38.51666,-121.9467,woody perennial crop,4696,0
377240,36.40265,-120.07169,woody perennial crop,3227,0
370588,39.27891,-122.26956,woody perennial crop,929,0
548949,33.70562,-117.71605,woody perennial crop,1188,0.6424330437418845
205141,33.52734,-115.9643,woody perennial crop,2820,1.8136223106729656
159099,38.44092,-122.42562,woody perennial crop,3315,0
309112,36.96869,-121.55829,woody perennial crop,4530,0
328628,37.90763,-121.65853,woody perennial crop,4794,0
146984,38.49581,-121.12382,woody perennial crop,2761,0.9741279552803004
258612,38.85606,-121.21275,woody perennial crop,1561,1.497275443633047
284127,38.45602,-122.88376,woody perennial crop,365,0
164213,39.03316,-122.12666,woody perennial crop,3281,0.9336056177142597
148376,36.28254,-120.11832,woody perennial crop,3210,0
178529,34.44231,-119.86942,woody perennial crop,2778,0.814586055712618
183289,38.26549,-121.17491,woody perennial crop,1611,1.3312126510735454
407810,36.6071,-119.39612,woody perennial crop,1485,0
177272,34.4224,-116.97381,woody perennial crop,4824,0
324496,39.68463,-121.82878,woody perennial crop,3282,1.7167127363236196
161237,38.23141,-121.34283,woody perennial crop,1424,0
149684,39.07876,-121.60551,woody perennial crop,2361,0
224575,38.23783,-121.6637,woody perennial crop,1378,0
164982,39.13868,-121.51207,woody perennial crop,1361,0
369870,37.8032,-121.25472,woody perennial crop,771,0
193067,34.38507,-119.45641,woody perennial crop,2811,0
327438,36.57231,-119.51828,woody perennial crop,3246,0
153305,37.37217,-121.13864,woody perennial crop,526,0
154496,34.30094,-119.14172,woody perennial crop,4796,0
154685,37.5923,-120.65939,woody perennial crop,2370,0
526192,36.38386,-119.1066,woody perennial crop,1262,0.7094982101686136
516177,37.20856,-120.12968,woody perennial crop,1138,0
460020,34.89317,-119.51351,woody perennial crop,1190,1.1194597461579694
219090,38.95584,-122.00103,woody perennial crop,2399,1.0740263885594974
156330,39.11258,-123.49061,woody perennial crop,853,0
156447,35.77458,-119.08653,woody perennial crop,718,0
601212,34.90084,-120.2866,woody perennial crop,370,0
271747,38.75684,-120.679,woody perennial crop,3349,0
367075,38.37701,-122.19958,woody perennial crop,4366,0
169767,36.64801,-119.5755,woody perennial crop,3692,0
307342,34.84646,-116.62296,woody perennial crop,2711,0
409755,36.56998,-119.35003,woody perennial crop,4203,0.6425808377231594
161135,34.62799,-120.32752,woody perennial crop,4717,1.304766351912028
164639,38.69514,-122.0419,woody perennial crop,2343,0
321396,37.83943,-121.15257,woody perennial crop,3787,0
161950,37.7996,-121.15449,woody perennial crop,4707,1.11659994498053
162428,37.6758,-121.24445,woody perennial crop,3745,0
569167,35.6523,-120.37361,woody perennial crop,341,0
471137,36.64161,-119.4205,woody perennial crop,3753,0
368183,36.4877,-119.54995,woody perennial crop,2177,0.6966009154523244
499341,35.82909,-119.31987,woody perennial crop,2138,0
356199,34.97214,-118.89409,woody perennial crop,750,0.2908468675801508
386186,36.96223,-120.02295,woody perennial crop,662,0
167489,34.25872,-118.95854,woody perennial crop,4176,0
328733,36.57116,-119.28446,woody perennial crop,1615,1.2519315551675092
389272,39.77869,-122.01957,woody perennial crop,3344,0.9718026640530707
171305,35.93059,-118.96663,woody perennial crop,4730,0
366248,36.35048,-119.13155,woody perennial crop,2251,0
339635,35.93993,-119.01735,woody perennial crop,3451,0
173848,36.5583,-119.24397,woody perennial crop,734,0
600563,33.30948,-117.02794,woody perennial crop,2923,1.3737489860339225
284636,38.35412,-122.29537,woody perennial crop,3429,0.8083407598018743
176152,36.32415,-119.16798,woody perennial crop,2907,1.698755633342902
178029,35.9962,-120.91859,woody perennial crop,483,0
367574,37.79684,-121.01946,woody perennial crop,7,0
178662,39.78067,-122.16747,woody perennial crop,591,0
179972,36.40303,-119.69771,woody perennial crop,334,0
362425,35.64653,-119.54354,woody perennial crop,1407,1.8791374851103115
466782,35.50292,-120.87968,woody perennial crop,3589,0
182287,39.25003,-123.17223,woody perennial crop,479,0
415553,35.979730000000004,-119.27064,woody perennial crop,58,0
193774,35.0272,-118.85277,woody perennial crop,186,0
398937,39.14124,-121.53097,woody perennial crop,1584,0
288395,38.2168,-121.20581,woody perennial crop,3746,0
269442,38.74766,-120.72692,woody perennial crop,1737,0
187495,39.85056,-122.01564,woody perennial crop,4086,0
509102,37.95656,-121.21666,woody perennial crop,3576,0
457868,33.49443,-117.56007,woody perennial crop,481,0
509870,38.30915,-121.58141,woody perennial crop,1710,0
267097,37.08784,-120.36122,woody perennial crop,807,0
590504,36.76531,-121.60919,woody perennial crop,1204,1.2687068080331358
199797,35.97833,-119.29114,woody perennial crop,472,0
199905,39.15879,-121.76069,woody perennial crop,3120,0
200049,35.87148,-119.59572,woody perennial crop,3681,0
200345,38.09949,-121.46627,woody perennial crop,4014,0
343638,40.51033,-121.996,woody perennial crop,4457,0
201623,38.75004,-120.67836,woody perennial crop,2001,0
376418,38.39368,-122.8688,woody perennial crop,2587,0
414334,41.09375,-123.7034,woody perennial crop,462,0
537995,39.94725,-122.23236,woody perennial crop,14,0.8226753725407498
206392,34.38396,-118.85791,woody perennial crop,1628,0
538439,36.64346,-119.74788,woody perennial crop,3515,0
546727,35.23599,-118.93991,woody perennial crop,630,0
593107,35.82392,-119.33318,woody perennial crop,76,0
333261,39.36991,-121.42085,woody perennial crop,4171,1.2087358164987487
343096,36.89435,-120.03157,woody perennial crop,362,1.3625312909764997
451449,38.60127,-120.71287,woody perennial crop,4284,0.8369966856658623
243387,33.48631,-117.26335,woody perennial crop,268,0
284717,35.61914,-120.85389,woody perennial crop,2178,0
311363,36.78769,-121.33978,woody perennial crop,2394,0
218814,38.70113,-122.83687,woody perennial crop,3267,1.9666110512175314
500124,36.62791,-119.5511,woody perennial crop,2941,0
393302,36.5834,-119.39788,woody perennial crop,1429,0
338753,38.22202,-122.39336,woody perennial crop,1291,0
274095,34.77208,-120.43232,woody perennial crop,4478,0
222888,35.48988,-120.85172,woody perennial crop,1326,0
343388,37.58399,-121.21294,woody perennial crop,2272,0
225458,35.97839,-119.24257,woody perennial crop,1070,0
227889,38.05132,-121.49101,woody perennial crop,605,0
374360,36.77246,-119.46922000000001,woody perennial crop,243,0
311603,33.55187,-116.99978,woody perennial crop,3736,0
231101,36.62046,-120.28097,woody perennial crop,4723,0
231758,38.22498,-121.51607,woody perennial crop,4727,1.994795118777578
404579,39.54398,-122.16802,woody perennial crop,1177,1.545119557024213
367212,33.72103,-116.92052,woody perennial crop,575,0
564854,37.04205,-120.2364,woody perennial crop,3479,1.0711765849361927
280926,40.45646,-122.23344,woody perennial crop,1295,0
343300,36.97767,-121.7945,woody perennial crop,4464,0
268787,35.65174,-119.12703,woody perennial crop,2549,0
547813,39.96001,-122.22164,woody perennial crop,2947,0
578811,38.49619,-122.53322,woody perennial crop,2679,0
417978,36.90572,-120.33895,woody perennial crop,313,0
244279,36.92592,-120.06177,woody perennial crop,4505,0
351713,37.48801,-120.54184,woody perennial crop,75,0
247515,36.78971,-120.25731,woody perennial crop,959,1.6353723849696757
313780,36.96793,-121.80891,woody perennial crop,3490,0
377934,38.36366,-121.36922,woody perennial crop,896,0
250144,34.95671,-120.38942,woody perennial crop,1575,0
397695,34.30806,-118.98939,woody perennial crop,4672,0
327540,39.15898,-121.48311,woody perennial crop,3117,0
526502,36.3827,-119.98697,woody perennial crop,155,0
362609,35.53015,-119.28174,woody perennial crop,1568,0
494132,37.31338,-120.63107,woody perennial crop,862,0
305096,38.75911,-122.60884,woody perennial crop,358,0
260348,37.62541,-121.07369,woody perennial crop,4096,0
419591,36.39082,-119.1149,woody perennial crop,4712,0
263570,36.97844,-121.73321,woody perennial crop,652,0
286932,36.86036,-120.09098,woody perennial crop,1845,0
543678,39.34036,-121.67837,woody perennial crop,1731,0
420598,36.92834,-121.75133,woody perennial crop,1651,0
517018,36.52675,-120.11851,woody perennial crop,2991,0
414773,33.24063,-117.22176,woody perennial crop,4379,0
567014,38.15975,-122.50067,woody perennial crop,2780,0
555715,38.74066,-120.72961,woody perennial crop,4454,0.45256038968380913
386905,38.98537,-122.65901,woody perennial crop,2444,0
426828,38.00968,-121.21208,woody perennial crop,2514,0
272340,36.89536,-121.36592,woody perennial crop,2104,1.3195975489156477
530229,36.68634,-119.57489,woody perennial crop,2326,0
275226,38.06496,-120.7244,woody perennial crop,4682,0
373541,36.31413,-119.12059000000001,woody perennial crop,44,0
493330,35.20973,-118.89513,woody perennial crop,2100,0
280942,35.22215,-119.27268,woody perennial crop,2863,0
393565,36.59064,-120.1673,woody perennial crop,1748,0
284878,38.39101,-122.63798,woody perennial crop,1473,0
285918,39.23304,-122.03587,woody perennial crop,337,1.4056427579529422
376115,36.04935,-119.15511,woody perennial crop,1328,0
534505,38.4444,-122.38957,woody perennial crop,4579,0
286908,34.44633,-119.85803,woody perennial crop,1334,0
516614,35.35727,-119.24988,woody perennial crop,925,0
506975,39.64729,-123.41883,woody perennial crop,1383,0
294453,36.87956,-121.70202,woody perennial crop,3604,0
493365,34.45515,-119.21903,woody perennial crop,3306,0
303540,39.3029,-121.66314,woody perennial crop,4047,0
555182,39.90458,-122.15595,woody perennial crop,2609,0
534771,36.8566,-120.3171,woody perennial crop,4524,0
308988,35.09429,-118.95251,woody perennial crop,1759,0
313668,39.39649,-121.70382,woody perennial crop,4661,0
317305,37.96973,-121.67325,woody perennial crop,2317,0
373931,39.16872,-121.50911,woody perennial crop,1807,0
362381,35.08012,-119.00915,woody perennial crop,2460,0
330361,36.77331,-119.51001,woody perennial crop,2472,0
330822,38.05391,-121.48873,woody perennial crop,1684,0
365992,36.56348,-119.46561,woody perennial crop,3931,0
332581,38.27661,-121.22766,woody perennial crop,879,0
502502,39.75168,-122.17,woody perennial crop,1796,0
342444,36.33063,-121.33472,woody perennial crop,4819,0
344335,38.89678,-122.64681,woody perennial crop,1838,0
453786,38.71969,-122.79846,woody perennial crop,125,0
539056,37.00321,-121.77391,woody perennial crop,1055,0
541770,38.76061,-122.14514,woody perennial crop,257,0
578661,39.32514,-121.23448,woody perennial crop,721,0
433190,35.84321,-119.04586,woody perennial crop,215,0
361136,38.89161,-122.23556,woody perennial crop,2650,0
362715,34.20011,-119.10858,woody perennial crop,354,0.6932871738041566
364073,33.71464,-116.87594,woody perennial crop,4629,0.907317034503509
367360,36.67479,-120.59796,woody perennial crop,3566,0
530298,39.14826,-121.8417,woody perennial crop,1783,0
391777,36.80742,-119.98003,woody perennial crop,4098,0
398913,38.10205,-121.39841,woody perennial crop,3718,0
405103,34.4722,-119.20756,woody perennial crop,1556,0
405273,38.74411,-120.75575,woody perennial crop,3492,0
407882,36.78008,-119.55999,woody perennial crop,3059,0
411607,35.25746,-119.06647,woody perennial crop,4410,0.9014748036301116
465099,33.68688,-114.64269,woody perennial crop,803,0
424527,33.44177,-116.05899,woody perennial crop,3128,0
426423,36.42109,-120.00815,woody perennial crop,1353,0
432894,33.52288,-117.033,woody perennial crop,4133,1.2891364736989992
433189,35.8448,-119.05231,woody perennial crop,4446,0
469135,41.96147,-120.30404,woody perennial crop,3032,0
486244,40.10946,-122.12883,woody perennial crop,2166,0
437146,38.75169,-120.67468,woody perennial crop,3135,0
439642,34.29626,-118.9665,woody perennial crop,3945,0
468039,35.76921,-119.15299,woody perennial crop,2013,0
482713,35.70109,-119.46837,woody perennial crop,2847,0
491657,36.38418,-119.28086,woody perennial crop,1949,0
507999,33.3735,-117.14274,woody perennial crop,1638,0
508230,33.42058,-117.25927,woody perennial crop,2756,0
508596,38.76815,-122.14696000000001,woody perennial crop,3924,0
536206,36.25153,-119.83911,woody perennial crop,463,0
562083,36.84918,-120.52457,woody perennial crop,3260,0
588367,38.13824,-121.46906,woody perennial crop,2660,0
26336,36.17114,-120.19718,woody perennial crop,2469,1.665523208917321
159849,36.94729,-120.10535,woody perennial crop,4043,0.9014048285679452
534243,36.1778,-120.20411,woody perennial crop,2469,1.6261401146887986
169473,36.23738,-119.92755,woody perennial crop,2075,1.3188081225105954
557284,36.82778,-120.13963,woody perennial crop,3471,1.3742414852259819
590334,36.35733,-119.09283,woody perennial crop,3983,0.9386450430881076
16073,38.50244,-121.97646,woody perennial crop,465,2.9230433318926154
415399,33.96684,-117.34049,woody perennial crop,68,2.1498468261710713
514070,37.62903,-121.08781,woody perennial crop,900,0.8480992045551274
